repository,revision,path,size_bytes,lfs_sha256,download_url
Toycat/SToCorpus-88M,6f699f128416e8d55d6ab74976e964caec98b157,.gitattributes,188929,,https://huggingface.co/datasets/Toycat/SToCorpus-88M/resolve/6f699f128416e8d55d6ab74976e964caec98b157/.gitattributes
Toycat/SToCorpus-88M,6f699f128416e8d55d6ab74976e964caec98b157,10x/colon.h5ad,92713808,1eadd920f9283e23283dcfbadd244514c9ea4517be3c41d85c6827c7e62b9957,https://huggingface.co/datasets/Toycat/SToCorpus-88M/resolve/6f699f128416e8d55d6ab74976e964caec98b157/10x/colon.h5ad
Toycat/SToCorpus-88M,6f699f128416e8d55d6ab74976e964caec98b157,10x/colon_cancer.h5ad,176477315,72ab92f0b8a92264c45649742ab446fe65d37879bdc9e599751bb162f89fd4bf,https://huggingface.co/datasets/Toycat/SToCorpus-88M/resolve/6f699f128416e8d55d6ab74976e964caec98b157/10x/colon_cancer.h5ad
Toycat/SToCorpus-88M,6f699f128416e8d55d6ab74976e964caec98b157,10x/human_brain.h5ad,15148246,62551da7990050e1f4fcc25c69bd40b7476ae8f0d0fb15ec79270cbd8330af14,https://huggingface.co/datasets/Toycat/SToCorpus-88M/resolve/6f699f128416e8d55d6ab74976e964caec98b157/10x/human_brain.h5ad
Toycat/SToCorpus-88M,6f699f128416e8d55d6ab74976e964caec98b157,10x/kidney.h5ad,28204024,db919bf13d002e8147c43ee7358be9f82fc62422b02f2d42d31423ca642fa879,https://huggingface.co/datasets/Toycat/SToCorpus-88M/resolve/6f699f128416e8d55d6ab74976e964caec98b157/10x/kidney.h5ad
Toycat/SToCorpus-88M,6f699f128416e8d55d6ab74976e964caec98b157,10x/lung.h5ad,138127087,44c6974e32fbf42481be8cf8182a385d605579c49e341e06e0bb54d323a53dbf,https://huggingface.co/datasets/Toycat/SToCorpus-88M/resolve/6f699f128416e8d55d6ab74976e964caec98b157/10x/lung.h5ad
Toycat/SToCorpus-88M,6f699f128416e8d55d6ab74976e964caec98b157,10x/lung_cancer.h5ad,108045472,7b3d470fbf271848e44ee5ef60a895d083209ea2424cc6a0e2ba6be515e0ac3b,https://huggingface.co/datasets/Toycat/SToCorpus-88M/resolve/6f699f128416e8d55d6ab74976e964caec98b157/10x/lung_cancer.h5ad
Toycat/SToCorpus-88M,6f699f128416e8d55d6ab74976e964caec98b157,10x/lymph.h5ad,113189229,d43c6aa7b41de1b88ac497a071f0fb66cfe6a4871944dd9d0adf6b0d4533a54e,https://huggingface.co/datasets/Toycat/SToCorpus-88M/resolve/6f699f128416e8d55d6ab74976e964caec98b157/10x/lymph.h5ad
Toycat/SToCorpus-88M,6f699f128416e8d55d6ab74976e964caec98b157,10x/mouse_alz.h5ad,36580652,ea7692c06620c2403247082df22e55ceb0cf00900ff26afb0bb5f2239560a8e8,https://huggingface.co/datasets/Toycat/SToCorpus-88M/resolve/6f699f128416e8d55d6ab74976e964caec98b157/10x/mouse_alz.h5ad
Toycat/SToCorpus-88M,6f699f128416e8d55d6ab74976e964caec98b157,10x/mouse_brain.h5ad,357259923,3dbdcf9eaf8c0d36fd28bd576db6419f35a5c650bcc261430e6ed41cf36c5550,https://huggingface.co/datasets/Toycat/SToCorpus-88M/resolve/6f699f128416e8d55d6ab74976e964caec98b157/10x/mouse_brain.h5ad
Toycat/SToCorpus-88M,6f699f128416e8d55d6ab74976e964caec98b157,10x/pancreas.h5ad,42607833,5f1a7c98c4d8b967a909059aa22de7df3c3a5217d07d800206ac1348248e0b40,https://huggingface.co/datasets/Toycat/SToCorpus-88M/resolve/6f699f128416e8d55d6ab74976e964caec98b157/10x/pancreas.h5ad
Toycat/SToCorpus-88M,6f699f128416e8d55d6ab74976e964caec98b157,10x/pancreas_cancer.h5ad,104649313,381748c586dc13d93a2716681300d612e8c0b9484bbbc4d11eedbb8e090683e0,https://huggingface.co/datasets/Toycat/SToCorpus-88M/resolve/6f699f128416e8d55d6ab74976e964caec98b157/10x/pancreas_cancer.h5ad
Toycat/SToCorpus-88M,6f699f128416e8d55d6ab74976e964caec98b157,README.md,693,,https://huggingface.co/datasets/Toycat/SToCorpus-88M/resolve/6f699f128416e8d55d6ab74976e964caec98b157/README.md
Toycat/SToCorpus-88M,6f699f128416e8d55d6ab74976e964caec98b157,cellxgene/00104f26-d42d-446f-b9da-1c47c6ffa9d1.h5ad,18963690,779af8dd97e074d41c72af9d95ad5cdccbcfcae32402971ca28dd6319b5c2bc5,https://huggingface.co/datasets/Toycat/SToCorpus-88M/resolve/6f699f128416e8d55d6ab74976e964caec98b157/cellxgene/00104f26-d42d-446f-b9da-1c47c6ffa9d1.h5ad
Toycat/SToCorpus-88M,6f699f128416e8d55d6ab74976e964caec98b157,cellxgene/01c4b735-4388-423c-b43f-5ce4406c7603.h5ad,20996088,92f3c90420deedd8bfcd3ab23ddb56be125f03e0396d29b47908ff59a6d27e44,https://huggingface.co/datasets/Toycat/SToCorpus-88M/resolve/6f699f128416e8d55d6ab74976e964caec98b157/cellxgene/01c4b735-4388-423c-b43f-5ce4406c7603.h5ad
Toycat/SToCorpus-88M,6f699f128416e8d55d6ab74976e964caec98b157,cellxgene/0427769d-11fc-494f-b0f2-9858ff0e348a.h5ad,22345938,8a8a7f611e19ed0eadc68ec78a3f477850da7dc6641cd91d2b2802a0779bfac4,https://huggingface.co/datasets/Toycat/SToCorpus-88M/resolve/6f699f128416e8d55d6ab74976e964caec98b157/cellxgene/0427769d-11fc-494f-b0f2-9858ff0e348a.h5ad
Toycat/SToCorpus-88M,6f699f128416e8d55d6ab74976e964caec98b157,cellxgene/05a73afa-40b7-4cc0-9bac-5f6b5a50fc46_C57BL6J-1.082.h5ad,2791787044,f83196eb79d5659df495cce69bd61ef63996a825fe625e14808f3907658f4bf9,https://huggingface.co/datasets/Toycat/SToCorpus-88M/resolve/6f699f128416e8d55d6ab74976e964caec98b157/cellxgene/05a73afa-40b7-4cc0-9bac-5f6b5a50fc46_C57BL6J-1.082.h5ad
Toycat/SToCorpus-88M,6f699f128416e8d55d6ab74976e964caec98b157,cellxgene/05a73afa-40b7-4cc0-9bac-5f6b5a50fc46_C57BL6J-1.083.h5ad,3236964009,d635bc55d704a6c8ff0b926dde8c51114ddb0b88c65bed5329be9e27457b7f7d,https://huggingface.co/datasets/Toycat/SToCorpus-88M/resolve/6f699f128416e8d55d6ab74976e964caec98b157/cellxgene/05a73afa-40b7-4cc0-9bac-5f6b5a50fc46_C57BL6J-1.083.h5ad
Toycat/SToCorpus-88M,6f699f128416e8d55d6ab74976e964caec98b157,cellxgene/05a73afa-40b7-4cc0-9bac-5f6b5a50fc46_C57BL6J-1.084.h5ad,2965530362,aa2f085748231a30b2af15785f20d0f730a62c11f7947f9ea9eb6b36cfa6f9b9,https://huggingface.co/datasets/Toycat/SToCorpus-88M/resolve/6f699f128416e8d55d6ab74976e964caec98b157/cellxgene/05a73afa-40b7-4cc0-9bac-5f6b5a50fc46_C57BL6J-1.084.h5ad
Toycat/SToCorpus-88M,6f699f128416e8d55d6ab74976e964caec98b157,cellxgene/05a73afa-40b7-4cc0-9bac-5f6b5a50fc46_C57BL6J-1.085.h5ad,3342078334,ff62baba4d5c3da3090fb6caaaeeebe7b66b9473048c7f38f20808be73819f6d,https://huggingface.co/datasets/Toycat/SToCorpus-88M/resolve/6f699f128416e8d55d6ab74976e964caec98b157/cellxgene/05a73afa-40b7-4cc0-9bac-5f6b5a50fc46_C57BL6J-1.085.h5ad
Toycat/SToCorpus-88M,6f699f128416e8d55d6ab74976e964caec98b157,cellxgene/05a73afa-40b7-4cc0-9bac-5f6b5a50fc46_C57BL6J-1.086.h5ad,3272685109,8cf25d62833db046f99e10c1173be418897fc8430dbb996ef50762ffc9b71dcd,https://huggingface.co/datasets/Toycat/SToCorpus-88M/resolve/6f699f128416e8d55d6ab74976e964caec98b157/cellxgene/05a73afa-40b7-4cc0-9bac-5f6b5a50fc46_C57BL6J-1.086.h5ad
Toycat/SToCorpus-88M,6f699f128416e8d55d6ab74976e964caec98b157,cellxgene/05a73afa-40b7-4cc0-9bac-5f6b5a50fc46_C57BL6J-1.087.h5ad,2941118795,4e78eb6f5e696b3d67afd54185ed3676cbc6f975b0881c2f01634ff21e738e07,https://huggingface.co/datasets/Toycat/SToCorpus-88M/resolve/6f699f128416e8d55d6ab74976e964caec98b157/cellxgene/05a73afa-40b7-4cc0-9bac-5f6b5a50fc46_C57BL6J-1.087.h5ad
Toycat/SToCorpus-88M,6f699f128416e8d55d6ab74976e964caec98b157,cellxgene/05a73afa-40b7-4cc0-9bac-5f6b5a50fc46_C57BL6J-1.088.h5ad,3354548580,ab7d78089cc06f6cf2b3c3668c082f7dea31c22ab058e4f0ea141a67cbfb4d2d,https://huggingface.co/datasets/Toycat/SToCorpus-88M/resolve/6f699f128416e8d55d6ab74976e964caec98b157/cellxgene/05a73afa-40b7-4cc0-9bac-5f6b5a50fc46_C57BL6J-1.088.h5ad
Toycat/SToCorpus-88M,6f699f128416e8d55d6ab74976e964caec98b157,cellxgene/05a73afa-40b7-4cc0-9bac-5f6b5a50fc46_C57BL6J-1.089.h5ad,2900690855,e3e03bae9f574b2b5535630231e33617c27e0e3b17873d2afdc38df217fbf594,https://huggingface.co/datasets/Toycat/SToCorpus-88M/resolve/6f699f128416e8d55d6ab74976e964caec98b157/cellxgene/05a73afa-40b7-4cc0-9bac-5f6b5a50fc46_C57BL6J-1.089.h5ad
Toycat/SToCorpus-88M,6f699f128416e8d55d6ab74976e964caec98b157,cellxgene/05a73afa-40b7-4cc0-9bac-5f6b5a50fc46_C57BL6J-1.090.h5ad,3385417429,55464688212abe679c86248300bd423c6f50c63a5387d085c2a1609fc0c47631,https://huggingface.co/datasets/Toycat/SToCorpus-88M/resolve/6f699f128416e8d55d6ab74976e964caec98b157/cellxgene/05a73afa-40b7-4cc0-9bac-5f6b5a50fc46_C57BL6J-1.090.h5ad
Toycat/SToCorpus-88M,6f699f128416e8d55d6ab74976e964caec98b157,cellxgene/05a73afa-40b7-4cc0-9bac-5f6b5a50fc46_C57BL6J-1.091.h5ad,2726591757,ecaaf93bfad3014e0e65a4c549fb4746a4bf77448d17c50df245df9ac3cd8ffb,https://huggingface.co/datasets/Toycat/SToCorpus-88M/resolve/6f699f128416e8d55d6ab74976e964caec98b157/cellxgene/05a73afa-40b7-4cc0-9bac-5f6b5a50fc46_C57BL6J-1.091.h5ad
Toycat/SToCorpus-88M,6f699f128416e8d55d6ab74976e964caec98b157,cellxgene/05a73afa-40b7-4cc0-9bac-5f6b5a50fc46_C57BL6J-1.092.h5ad,3068910816,ff4f0f3807c0015681d45730a1cd99a9d82e31ebc9b32c0a00c71405a9f2d6d8,https://huggingface.co/datasets/Toycat/SToCorpus-88M/resolve/6f699f128416e8d55d6ab74976e964caec98b157/cellxgene/05a73afa-40b7-4cc0-9bac-5f6b5a50fc46_C57BL6J-1.092.h5ad
Toycat/SToCorpus-88M,6f699f128416e8d55d6ab74976e964caec98b157,cellxgene/05a73afa-40b7-4cc0-9bac-5f6b5a50fc46_C57BL6J-1.093.h5ad,2904228214,987aea4e28d3d5218ec41c8c5fd346c931e3cafb46c36179b84269ead3c72391,https://huggingface.co/datasets/Toycat/SToCorpus-88M/resolve/6f699f128416e8d55d6ab74976e964caec98b157/cellxgene/05a73afa-40b7-4cc0-9bac-5f6b5a50fc46_C57BL6J-1.093.h5ad
Toycat/SToCorpus-88M,6f699f128416e8d55d6ab74976e964caec98b157,cellxgene/05a73afa-40b7-4cc0-9bac-5f6b5a50fc46_C57BL6J-1.095.h5ad,2577691097,9d8556392c12d520fa9e571835d6908561cf422fbf2bafb464e3ec869e372eb6,https://huggingface.co/datasets/Toycat/SToCorpus-88M/resolve/6f699f128416e8d55d6ab74976e964caec98b157/cellxgene/05a73afa-40b7-4cc0-9bac-5f6b5a50fc46_C57BL6J-1.095.h5ad
Toycat/SToCorpus-88M,6f699f128416e8d55d6ab74976e964caec98b157,cellxgene/05a73afa-40b7-4cc0-9bac-5f6b5a50fc46_C57BL6J-1.096.h5ad,2873936240,1bb9665c01455376e08333667aaf8ce0cfbcceaf82f44a3613c8e04fc743c343,https://huggingface.co/datasets/Toycat/SToCorpus-88M/resolve/6f699f128416e8d55d6ab74976e964caec98b157/cellxgene/05a73afa-40b7-4cc0-9bac-5f6b5a50fc46_C57BL6J-1.096.h5ad
Toycat/SToCorpus-88M,6f699f128416e8d55d6ab74976e964caec98b157,cellxgene/05a73afa-40b7-4cc0-9bac-5f6b5a50fc46_C57BL6J-1.097.h5ad,2691162662,896fca67c5cbdce74145564abbfd7af46791b814efbb886e8e9862ade5d0b54f,https://huggingface.co/datasets/Toycat/SToCorpus-88M/resolve/6f699f128416e8d55d6ab74976e964caec98b157/cellxgene/05a73afa-40b7-4cc0-9bac-5f6b5a50fc46_C57BL6J-1.097.h5ad
Toycat/SToCorpus-88M,6f699f128416e8d55d6ab74976e964caec98b157,cellxgene/05a73afa-40b7-4cc0-9bac-5f6b5a50fc46_C57BL6J-1.098.h5ad,2821600132,ce5892786deb7f3fb23e86b17b1b62f41a7e703e13bdc61392d64ca1b97164e4,https://huggingface.co/datasets/Toycat/SToCorpus-88M/resolve/6f699f128416e8d55d6ab74976e964caec98b157/cellxgene/05a73afa-40b7-4cc0-9bac-5f6b5a50fc46_C57BL6J-1.098.h5ad
Toycat/SToCorpus-88M,6f699f128416e8d55d6ab74976e964caec98b157,cellxgene/05a73afa-40b7-4cc0-9bac-5f6b5a50fc46_C57BL6J-1.099.h5ad,2840496087,76c5b744476f967b54bb0c0cea0f9fa32f15193b0d63076e4ad3bf82c53fc0bf,https://huggingface.co/datasets/Toycat/SToCorpus-88M/resolve/6f699f128416e8d55d6ab74976e964caec98b157/cellxgene/05a73afa-40b7-4cc0-9bac-5f6b5a50fc46_C57BL6J-1.099.h5ad
Toycat/SToCorpus-88M,6f699f128416e8d55d6ab74976e964caec98b157,cellxgene/05a73afa-40b7-4cc0-9bac-5f6b5a50fc46_C57BL6J-1.100.h5ad,2983772143,bfc91f272ee45d36e0eb2ae5fa942782093f241434590873edd52b59962bf01e,https://huggingface.co/datasets/Toycat/SToCorpus-88M/resolve/6f699f128416e8d55d6ab74976e964caec98b157/cellxgene/05a73afa-40b7-4cc0-9bac-5f6b5a50fc46_C57BL6J-1.100.h5ad
Toycat/SToCorpus-88M,6f699f128416e8d55d6ab74976e964caec98b157,cellxgene/05a73afa-40b7-4cc0-9bac-5f6b5a50fc46_C57BL6J-1.101.h5ad,2624910788,3554f3a3e8ebf5359dba8aad507bd6ed3ae7005b68a1eb650d49984ffaa75994,https://huggingface.co/datasets/Toycat/SToCorpus-88M/resolve/6f699f128416e8d55d6ab74976e964caec98b157/cellxgene/05a73afa-40b7-4cc0-9bac-5f6b5a50fc46_C57BL6J-1.101.h5ad
Toycat/SToCorpus-88M,6f699f128416e8d55d6ab74976e964caec98b157,cellxgene/05a73afa-40b7-4cc0-9bac-5f6b5a50fc46_C57BL6J-1.102.h5ad,3125233818,690f899b9730ee7156a7d25268143507f438398e4a987d31ae44319ad64fb127,https://huggingface.co/datasets/Toycat/SToCorpus-88M/resolve/6f699f128416e8d55d6ab74976e964caec98b157/cellxgene/05a73afa-40b7-4cc0-9bac-5f6b5a50fc46_C57BL6J-1.102.h5ad
Toycat/SToCorpus-88M,6f699f128416e8d55d6ab74976e964caec98b157,cellxgene/05a73afa-40b7-4cc0-9bac-5f6b5a50fc46_C57BL6J-1.103.h5ad,2954138055,d657a0b05289b452de8e2281e851ed3fac91a8e136c48274a51b8a77571b7d2e,https://huggingface.co/datasets/Toycat/SToCorpus-88M/resolve/6f699f128416e8d55d6ab74976e964caec98b157/cellxgene/05a73afa-40b7-4cc0-9bac-5f6b5a50fc46_C57BL6J-1.103.h5ad
Toycat/SToCorpus-88M,6f699f128416e8d55d6ab74976e964caec98b157,cellxgene/05a73afa-40b7-4cc0-9bac-5f6b5a50fc46_C57BL6J-1.104.h5ad,3068115795,03a95692a5cb19ec0d447178d3ef16e893b75c03eaf26803bdb192fbaadad168,https://huggingface.co/datasets/Toycat/SToCorpus-88M/resolve/6f699f128416e8d55d6ab74976e964caec98b157/cellxgene/05a73afa-40b7-4cc0-9bac-5f6b5a50fc46_C57BL6J-1.104.h5ad
Toycat/SToCorpus-88M,6f699f128416e8d55d6ab74976e964caec98b157,cellxgene/05a73afa-40b7-4cc0-9bac-5f6b5a50fc46_C57BL6J-1.105.h5ad,2751271739,16a7e9cc34e89e2216b5ed9a0051a25276f6f6470cfa703320db499107d176cb,https://huggingface.co/datasets/Toycat/SToCorpus-88M/resolve/6f699f128416e8d55d6ab74976e964caec98b157/cellxgene/05a73afa-40b7-4cc0-9bac-5f6b5a50fc46_C57BL6J-1.105.h5ad
Toycat/SToCorpus-88M,6f699f128416e8d55d6ab74976e964caec98b157,cellxgene/05a73afa-40b7-4cc0-9bac-5f6b5a50fc46_C57BL6J-1.106.h5ad,2839170159,55c241b4681bae37dcd3b0e78cc5cdc4ebda8b065ea6fa404c8c5dced1671725,https://huggingface.co/datasets/Toycat/SToCorpus-88M/resolve/6f699f128416e8d55d6ab74976e964caec98b157/cellxgene/05a73afa-40b7-4cc0-9bac-5f6b5a50fc46_C57BL6J-1.106.h5ad
Toycat/SToCorpus-88M,6f699f128416e8d55d6ab74976e964caec98b157,cellxgene/05a73afa-40b7-4cc0-9bac-5f6b5a50fc46_C57BL6J-1.107.h5ad,2696384847,f8fbb86e5ce5036e3926730db1b0685ca84ff8dae059c3ffc57ba912b8e5e31c,https://huggingface.co/datasets/Toycat/SToCorpus-88M/resolve/6f699f128416e8d55d6ab74976e964caec98b157/cellxgene/05a73afa-40b7-4cc0-9bac-5f6b5a50fc46_C57BL6J-1.107.h5ad
Toycat/SToCorpus-88M,6f699f128416e8d55d6ab74976e964caec98b157,cellxgene/05a73afa-40b7-4cc0-9bac-5f6b5a50fc46_C57BL6J-1.108.h5ad,2618237599,ee94c3fcd64e674e8aa75eec90dfb22763442796dc7ac2d62a3122d095d9458c,https://huggingface.co/datasets/Toycat/SToCorpus-88M/resolve/6f699f128416e8d55d6ab74976e964caec98b157/cellxgene/05a73afa-40b7-4cc0-9bac-5f6b5a50fc46_C57BL6J-1.108.h5ad
Toycat/SToCorpus-88M,6f699f128416e8d55d6ab74976e964caec98b157,cellxgene/05a73afa-40b7-4cc0-9bac-5f6b5a50fc46_C57BL6J-1.109.h5ad,2341315207,10e300d06cdd164426d03ac04be02306ffa0c88f64685fd17193c85de9f78029,https://huggingface.co/datasets/Toycat/SToCorpus-88M/resolve/6f699f128416e8d55d6ab74976e964caec98b157/cellxgene/05a73afa-40b7-4cc0-9bac-5f6b5a50fc46_C57BL6J-1.109.h5ad
Toycat/SToCorpus-88M,6f699f128416e8d55d6ab74976e964caec98b157,cellxgene/05a73afa-40b7-4cc0-9bac-5f6b5a50fc46_C57BL6J-1.110.h5ad,2673152115,d872fe45982d89b724b5249d2fc62ceb5b60dadb83b4e563cba39baddc6eb8bc,https://huggingface.co/datasets/Toycat/SToCorpus-88M/resolve/6f699f128416e8d55d6ab74976e964caec98b157/cellxgene/05a73afa-40b7-4cc0-9bac-5f6b5a50fc46_C57BL6J-1.110.h5ad
Toycat/SToCorpus-88M,6f699f128416e8d55d6ab74976e964caec98b157,cellxgene/05a73afa-40b7-4cc0-9bac-5f6b5a50fc46_C57BL6J-1.111.h5ad,2265285031,8b1d7aa6f265af12ad78b6592bfaf5bf1c9966e6c96ab0b9d85126c788055ee2,https://huggingface.co/datasets/Toycat/SToCorpus-88M/resolve/6f699f128416e8d55d6ab74976e964caec98b157/cellxgene/05a73afa-40b7-4cc0-9bac-5f6b5a50fc46_C57BL6J-1.111.h5ad
Toycat/SToCorpus-88M,6f699f128416e8d55d6ab74976e964caec98b157,cellxgene/05a73afa-40b7-4cc0-9bac-5f6b5a50fc46_C57BL6J-1.113.h5ad,2138997931,377a23da2c0180a605705bb61f9ea13ad483616138d8e21b05823cf335dfadc8,https://huggingface.co/datasets/Toycat/SToCorpus-88M/resolve/6f699f128416e8d55d6ab74976e964caec98b157/cellxgene/05a73afa-40b7-4cc0-9bac-5f6b5a50fc46_C57BL6J-1.113.h5ad
Toycat/SToCorpus-88M,6f699f128416e8d55d6ab74976e964caec98b157,cellxgene/05a73afa-40b7-4cc0-9bac-5f6b5a50fc46_C57BL6J-1.114.h5ad,2356295367,8b924935e9ffaf645dbd89e5f712a51c1dfa6cc7d4d9c86da47b627d66223bcc,https://huggingface.co/datasets/Toycat/SToCorpus-88M/resolve/6f699f128416e8d55d6ab74976e964caec98b157/cellxgene/05a73afa-40b7-4cc0-9bac-5f6b5a50fc46_C57BL6J-1.114.h5ad
Toycat/SToCorpus-88M,6f699f128416e8d55d6ab74976e964caec98b157,cellxgene/05a73afa-40b7-4cc0-9bac-5f6b5a50fc46_C57BL6J-1.115.h5ad,1832863083,41752d72df446cc624be39bd4e79b43c76ea0e264f1cddb7eb958e7f302bbddf,https://huggingface.co/datasets/Toycat/SToCorpus-88M/resolve/6f699f128416e8d55d6ab74976e964caec98b157/cellxgene/05a73afa-40b7-4cc0-9bac-5f6b5a50fc46_C57BL6J-1.115.h5ad
Toycat/SToCorpus-88M,6f699f128416e8d55d6ab74976e964caec98b157,cellxgene/05a73afa-40b7-4cc0-9bac-5f6b5a50fc46_C57BL6J-1.116.h5ad,1849568999,214d669b637df34e7623cacea15b4582ecfb59c9f839324250e2ef6fff6c2ecc,https://huggingface.co/datasets/Toycat/SToCorpus-88M/resolve/6f699f128416e8d55d6ab74976e964caec98b157/cellxgene/05a73afa-40b7-4cc0-9bac-5f6b5a50fc46_C57BL6J-1.116.h5ad
Toycat/SToCorpus-88M,6f699f128416e8d55d6ab74976e964caec98b157,cellxgene/05a73afa-40b7-4cc0-9bac-5f6b5a50fc46_C57BL6J-1.117.h5ad,1628365891,0cc533664db9a9e826a03f158ff1bd2366e16d9f2b2b2fd3b459e1b0cf980a25,https://huggingface.co/datasets/Toycat/SToCorpus-88M/resolve/6f699f128416e8d55d6ab74976e964caec98b157/cellxgene/05a73afa-40b7-4cc0-9bac-5f6b5a50fc46_C57BL6J-1.117.h5ad
Toycat/SToCorpus-88M,6f699f128416e8d55d6ab74976e964caec98b157,cellxgene/05a73afa-40b7-4cc0-9bac-5f6b5a50fc46_C57BL6J-1.118.h5ad,2122232215,3b401a19d715ce6493211d86d0c498c66b4f9a068dacd174944b958516641e3d,https://huggingface.co/datasets/Toycat/SToCorpus-88M/resolve/6f699f128416e8d55d6ab74976e964caec98b157/cellxgene/05a73afa-40b7-4cc0-9bac-5f6b5a50fc46_C57BL6J-1.118.h5ad
Toycat/SToCorpus-88M,6f699f128416e8d55d6ab74976e964caec98b157,cellxgene/05a73afa-40b7-4cc0-9bac-5f6b5a50fc46_C57BL6J-1.119.h5ad,2272747683,2f856d778fe77374271ba9b89281331a1afbc33a5c58d7c439a9112b454cdef9,https://huggingface.co/datasets/Toycat/SToCorpus-88M/resolve/6f699f128416e8d55d6ab74976e964caec98b157/cellxgene/05a73afa-40b7-4cc0-9bac-5f6b5a50fc46_C57BL6J-1.119.h5ad
Toycat/SToCorpus-88M,6f699f128416e8d55d6ab74976e964caec98b157,cellxgene/05a73afa-40b7-4cc0-9bac-5f6b5a50fc46_C57BL6J-1.120.h5ad,1976654399,63550c610391f8e64ae4fe5bbac71c91b7c462e08052c2b11859fbe23b620c83,https://huggingface.co/datasets/Toycat/SToCorpus-88M/resolve/6f699f128416e8d55d6ab74976e964caec98b157/cellxgene/05a73afa-40b7-4cc0-9bac-5f6b5a50fc46_C57BL6J-1.120.h5ad
Toycat/SToCorpus-88M,6f699f128416e8d55d6ab74976e964caec98b157,cellxgene/05a73afa-40b7-4cc0-9bac-5f6b5a50fc46_C57BL6J-1.121.h5ad,1717016543,bccf75fa39b80a843d94ff4800051a193d1006f57fdf1e70d7cc1ad33fb1c083,https://huggingface.co/datasets/Toycat/SToCorpus-88M/resolve/6f699f128416e8d55d6ab74976e964caec98b157/cellxgene/05a73afa-40b7-4cc0-9bac-5f6b5a50fc46_C57BL6J-1.121.h5ad
Toycat/SToCorpus-88M,6f699f128416e8d55d6ab74976e964caec98b157,cellxgene/05a73afa-40b7-4cc0-9bac-5f6b5a50fc46_C57BL6J-1.122.h5ad,2103765627,76c03efd326052a26939d615b46977a5e5f6c1ff6ce34166e316b2b7013cc3bf,https://huggingface.co/datasets/Toycat/SToCorpus-88M/resolve/6f699f128416e8d55d6ab74976e964caec98b157/cellxgene/05a73afa-40b7-4cc0-9bac-5f6b5a50fc46_C57BL6J-1.122.h5ad
Toycat/SToCorpus-88M,6f699f128416e8d55d6ab74976e964caec98b157,cellxgene/05a73afa-40b7-4cc0-9bac-5f6b5a50fc46_C57BL6J-1.123.h5ad,1828268383,1e3aa674bd341952bb593816702c222372f2605ddad3a7d8698c1989404b0d8e,https://huggingface.co/datasets/Toycat/SToCorpus-88M/resolve/6f699f128416e8d55d6ab74976e964caec98b157/cellxgene/05a73afa-40b7-4cc0-9bac-5f6b5a50fc46_C57BL6J-1.123.h5ad
Toycat/SToCorpus-88M,6f699f128416e8d55d6ab74976e964caec98b157,cellxgene/05a73afa-40b7-4cc0-9bac-5f6b5a50fc46_C57BL6J-1.124.h5ad,1596611595,a53501e280062304598eda4232a31c8cb8c65183720fb49ef4148d7ec294b416,https://huggingface.co/datasets/Toycat/SToCorpus-88M/resolve/6f699f128416e8d55d6ab74976e964caec98b157/cellxgene/05a73afa-40b7-4cc0-9bac-5f6b5a50fc46_C57BL6J-1.124.h5ad
Toycat/SToCorpus-88M,6f699f128416e8d55d6ab74976e964caec98b157,cellxgene/05a73afa-40b7-4cc0-9bac-5f6b5a50fc46_C57BL6J-1.125.h5ad,1747151747,ad2fdabbf9475604cc0cd787b700eaf5e5eaa6eee7a3c962b5c4f3a777ef185b,https://huggingface.co/datasets/Toycat/SToCorpus-88M/resolve/6f699f128416e8d55d6ab74976e964caec98b157/cellxgene/05a73afa-40b7-4cc0-9bac-5f6b5a50fc46_C57BL6J-1.125.h5ad
Toycat/SToCorpus-88M,6f699f128416e8d55d6ab74976e964caec98b157,cellxgene/05a73afa-40b7-4cc0-9bac-5f6b5a50fc46_C57BL6J-1.126.h5ad,1668768291,4cc4ad5c6bbb038a44098a4d00021374351b41a5217c7c5d6db0a50f613b1fae,https://huggingface.co/datasets/Toycat/SToCorpus-88M/resolve/6f699f128416e8d55d6ab74976e964caec98b157/cellxgene/05a73afa-40b7-4cc0-9bac-5f6b5a50fc46_C57BL6J-1.126.h5ad
Toycat/SToCorpus-88M,6f699f128416e8d55d6ab74976e964caec98b157,cellxgene/05a73afa-40b7-4cc0-9bac-5f6b5a50fc46_C57BL6J-1.127.h5ad,1520994643,b0d54dd62c48ad0d098217a7217f78a5a26886609856b699f1cc56cb25f29def,https://huggingface.co/datasets/Toycat/SToCorpus-88M/resolve/6f699f128416e8d55d6ab74976e964caec98b157/cellxgene/05a73afa-40b7-4cc0-9bac-5f6b5a50fc46_C57BL6J-1.127.h5ad
Toycat/SToCorpus-88M,6f699f128416e8d55d6ab74976e964caec98b157,cellxgene/05a73afa-40b7-4cc0-9bac-5f6b5a50fc46_C57BL6J-1.128.h5ad,1630761463,b8fc4ebbd60a3c7de3143962ae41133e07f1dad257ed0c5c22eef6e9a3ac8d19,https://huggingface.co/datasets/Toycat/SToCorpus-88M/resolve/6f699f128416e8d55d6ab74976e964caec98b157/cellxgene/05a73afa-40b7-4cc0-9bac-5f6b5a50fc46_C57BL6J-1.128.h5ad
Toycat/SToCorpus-88M,6f699f128416e8d55d6ab74976e964caec98b157,cellxgene/05a73afa-40b7-4cc0-9bac-5f6b5a50fc46_C57BL6J-1.129.h5ad,1778486583,7b3c2a55784a9fe709fe685b415a00900b104eabb47b3b12ce2151d48c40de5c,https://huggingface.co/datasets/Toycat/SToCorpus-88M/resolve/6f699f128416e8d55d6ab74976e964caec98b157/cellxgene/05a73afa-40b7-4cc0-9bac-5f6b5a50fc46_C57BL6J-1.129.h5ad
Toycat/SToCorpus-88M,6f699f128416e8d55d6ab74976e964caec98b157,cellxgene/05a73afa-40b7-4cc0-9bac-5f6b5a50fc46_C57BL6J-1.130.h5ad,1720303059,8084559dd8c85c785a676bca5c62f0e5287620f25695ec50c9bd8287445e7097,https://huggingface.co/datasets/Toycat/SToCorpus-88M/resolve/6f699f128416e8d55d6ab74976e964caec98b157/cellxgene/05a73afa-40b7-4cc0-9bac-5f6b5a50fc46_C57BL6J-1.130.h5ad
Toycat/SToCorpus-88M,6f699f128416e8d55d6ab74976e964caec98b157,cellxgene/05a73afa-40b7-4cc0-9bac-5f6b5a50fc46_C57BL6J-1.131.h5ad,1582735967,953ffcd1a4406004582afc8480b9281f89768807d3a2b18ec648421dbba2b578,https://huggingface.co/datasets/Toycat/SToCorpus-88M/resolve/6f699f128416e8d55d6ab74976e964caec98b157/cellxgene/05a73afa-40b7-4cc0-9bac-5f6b5a50fc46_C57BL6J-1.131.h5ad
Toycat/SToCorpus-88M,6f699f128416e8d55d6ab74976e964caec98b157,cellxgene/05a73afa-40b7-4cc0-9bac-5f6b5a50fc46_C57BL6J-1.132.h5ad,1573389611,f5e103cfa17a1d3b22a7d676fac9a1ef00e16485786bc4670604aa4e5d43bebc,https://huggingface.co/datasets/Toycat/SToCorpus-88M/resolve/6f699f128416e8d55d6ab74976e964caec98b157/cellxgene/05a73afa-40b7-4cc0-9bac-5f6b5a50fc46_C57BL6J-1.132.h5ad
Toycat/SToCorpus-88M,6f699f128416e8d55d6ab74976e964caec98b157,cellxgene/05a73afa-40b7-4cc0-9bac-5f6b5a50fc46_C57BL6J-1.133.h5ad,1694507631,66946a21f846380ac5e12178222792f2a35916962d389b04189745832da7028a,https://huggingface.co/datasets/Toycat/SToCorpus-88M/resolve/6f699f128416e8d55d6ab74976e964caec98b157/cellxgene/05a73afa-40b7-4cc0-9bac-5f6b5a50fc46_C57BL6J-1.133.h5ad
Toycat/SToCorpus-88M,6f699f128416e8d55d6ab74976e964caec98b157,cellxgene/05a73afa-40b7-4cc0-9bac-5f6b5a50fc46_C57BL6J-1.134.h5ad,1659240223,59cef482fb5463a9d8cee42a12c64c2d7417fc4a47dc34cfad746a8c9bf00e61,https://huggingface.co/datasets/Toycat/SToCorpus-88M/resolve/6f699f128416e8d55d6ab74976e964caec98b157/cellxgene/05a73afa-40b7-4cc0-9bac-5f6b5a50fc46_C57BL6J-1.134.h5ad
Toycat/SToCorpus-88M,6f699f128416e8d55d6ab74976e964caec98b157,cellxgene/05a73afa-40b7-4cc0-9bac-5f6b5a50fc46_C57BL6J-1.135.h5ad,1561796687,53ab022140e55cae9d2e33c06646b485486c254a0a5151d0366fb3f64108dd8d,https://huggingface.co/datasets/Toycat/SToCorpus-88M/resolve/6f699f128416e8d55d6ab74976e964caec98b157/cellxgene/05a73afa-40b7-4cc0-9bac-5f6b5a50fc46_C57BL6J-1.135.h5ad
Toycat/SToCorpus-88M,6f699f128416e8d55d6ab74976e964caec98b157,cellxgene/05a73afa-40b7-4cc0-9bac-5f6b5a50fc46_C57BL6J-1.136.h5ad,1424549627,3934a1d708a66cd57877dd0abd42a6b1d3fb35a398a391daded29597a782ab37,https://huggingface.co/datasets/Toycat/SToCorpus-88M/resolve/6f699f128416e8d55d6ab74976e964caec98b157/cellxgene/05a73afa-40b7-4cc0-9bac-5f6b5a50fc46_C57BL6J-1.136.h5ad
Toycat/SToCorpus-88M,6f699f128416e8d55d6ab74976e964caec98b157,cellxgene/05a73afa-40b7-4cc0-9bac-5f6b5a50fc46_C57BL6J-1.137.h5ad,1450923463,032ca732a14fa4f3769cc435786bd621d6bb99a9d6a3be54e1eb3354c901acde,https://huggingface.co/datasets/Toycat/SToCorpus-88M/resolve/6f699f128416e8d55d6ab74976e964caec98b157/cellxgene/05a73afa-40b7-4cc0-9bac-5f6b5a50fc46_C57BL6J-1.137.h5ad
Toycat/SToCorpus-88M,6f699f128416e8d55d6ab74976e964caec98b157,cellxgene/05a73afa-40b7-4cc0-9bac-5f6b5a50fc46_C57BL6J-1.138.h5ad,1446359507,45054c65910eef374db5f99e268639f19fb2e10930859872a65d2c073fe80616,https://huggingface.co/datasets/Toycat/SToCorpus-88M/resolve/6f699f128416e8d55d6ab74976e964caec98b157/cellxgene/05a73afa-40b7-4cc0-9bac-5f6b5a50fc46_C57BL6J-1.138.h5ad
Toycat/SToCorpus-88M,6f699f128416e8d55d6ab74976e964caec98b157,cellxgene/05a73afa-40b7-4cc0-9bac-5f6b5a50fc46_C57BL6J-1.139.h5ad,1513485655,c0d83d399b18ef6c5fa9ac077f969a65123d0edd83b412838b101ec208c96c82,https://huggingface.co/datasets/Toycat/SToCorpus-88M/resolve/6f699f128416e8d55d6ab74976e964caec98b157/cellxgene/05a73afa-40b7-4cc0-9bac-5f6b5a50fc46_C57BL6J-1.139.h5ad
Toycat/SToCorpus-88M,6f699f128416e8d55d6ab74976e964caec98b157,cellxgene/05a73afa-40b7-4cc0-9bac-5f6b5a50fc46_C57BL6J-1.140.h5ad,1183035723,bcbe130c0f571212310c351952db92548a5958f38050b3f4068f8f4a59cb8fbb,https://huggingface.co/datasets/Toycat/SToCorpus-88M/resolve/6f699f128416e8d55d6ab74976e964caec98b157/cellxgene/05a73afa-40b7-4cc0-9bac-5f6b5a50fc46_C57BL6J-1.140.h5ad
Toycat/SToCorpus-88M,6f699f128416e8d55d6ab74976e964caec98b157,cellxgene/05a73afa-40b7-4cc0-9bac-5f6b5a50fc46_C57BL6J-1.141.h5ad,996408619,907cf28c7cd7967fffd3420b581397a03c54237cba1eaeddbdb5cd5eb6f69776,https://huggingface.co/datasets/Toycat/SToCorpus-88M/resolve/6f699f128416e8d55d6ab74976e964caec98b157/cellxgene/05a73afa-40b7-4cc0-9bac-5f6b5a50fc46_C57BL6J-1.141.h5ad
Toycat/SToCorpus-88M,6f699f128416e8d55d6ab74976e964caec98b157,cellxgene/05a73afa-40b7-4cc0-9bac-5f6b5a50fc46_C57BL6J-1.142.h5ad,1768285935,948d40f2575a64905bb44316fddbc7fb84c8f21cd63a2aeb11749a6e530c5805,https://huggingface.co/datasets/Toycat/SToCorpus-88M/resolve/6f699f128416e8d55d6ab74976e964caec98b157/cellxgene/05a73afa-40b7-4cc0-9bac-5f6b5a50fc46_C57BL6J-1.142.h5ad
Toycat/SToCorpus-88M,6f699f128416e8d55d6ab74976e964caec98b157,cellxgene/05a73afa-40b7-4cc0-9bac-5f6b5a50fc46_C57BL6J-1.143.h5ad,1208298395,5eac3549671766abbb8519f44bf5e17745721705f2b9ac975cee92d8edc70f31,https://huggingface.co/datasets/Toycat/SToCorpus-88M/resolve/6f699f128416e8d55d6ab74976e964caec98b157/cellxgene/05a73afa-40b7-4cc0-9bac-5f6b5a50fc46_C57BL6J-1.143.h5ad
Toycat/SToCorpus-88M,6f699f128416e8d55d6ab74976e964caec98b157,cellxgene/05a73afa-40b7-4cc0-9bac-5f6b5a50fc46_C57BL6J-1.144.h5ad,1219841747,ff8a7576bf426d46b7452b6f889facf033acbd3b2e7d78f06e67b8360a2ae690,https://huggingface.co/datasets/Toycat/SToCorpus-88M/resolve/6f699f128416e8d55d6ab74976e964caec98b157/cellxgene/05a73afa-40b7-4cc0-9bac-5f6b5a50fc46_C57BL6J-1.144.h5ad
Toycat/SToCorpus-88M,6f699f128416e8d55d6ab74976e964caec98b157,cellxgene/05a73afa-40b7-4cc0-9bac-5f6b5a50fc46_C57BL6J-1.145.h5ad,1302612831,a7fd30bcd4bbdde768b288387526dd898c673eebf6914431004090d7309dc1d0,https://huggingface.co/datasets/Toycat/SToCorpus-88M/resolve/6f699f128416e8d55d6ab74976e964caec98b157/cellxgene/05a73afa-40b7-4cc0-9bac-5f6b5a50fc46_C57BL6J-1.145.h5ad
Toycat/SToCorpus-88M,6f699f128416e8d55d6ab74976e964caec98b157,cellxgene/05a73afa-40b7-4cc0-9bac-5f6b5a50fc46_C57BL6J-1.146.h5ad,1334077251,6626dfc5ef195ad7744cf081aa5a79071deabfafab64dfb2708c5440b825e9c9,https://huggingface.co/datasets/Toycat/SToCorpus-88M/resolve/6f699f128416e8d55d6ab74976e964caec98b157/cellxgene/05a73afa-40b7-4cc0-9bac-5f6b5a50fc46_C57BL6J-1.146.h5ad
Toycat/SToCorpus-88M,6f699f128416e8d55d6ab74976e964caec98b157,cellxgene/05a73afa-40b7-4cc0-9bac-5f6b5a50fc46_C57BL6J-1.147.h5ad,1266759911,3ec67af788fec584715a60dc6ea966e6eb9b3dbb365864bace43f5f99148b1ac,https://huggingface.co/datasets/Toycat/SToCorpus-88M/resolve/6f699f128416e8d55d6ab74976e964caec98b157/cellxgene/05a73afa-40b7-4cc0-9bac-5f6b5a50fc46_C57BL6J-1.147.h5ad
Toycat/SToCorpus-88M,6f699f128416e8d55d6ab74976e964caec98b157,cellxgene/05a73afa-40b7-4cc0-9bac-5f6b5a50fc46_C57BL6J-1.148.h5ad,1443105831,5b45986b0210bfd478b195c92f77db5bc69b78ab9cb77fa56bf4ed52f722f0c6,https://huggingface.co/datasets/Toycat/SToCorpus-88M/resolve/6f699f128416e8d55d6ab74976e964caec98b157/cellxgene/05a73afa-40b7-4cc0-9bac-5f6b5a50fc46_C57BL6J-1.148.h5ad
Toycat/SToCorpus-88M,6f699f128416e8d55d6ab74976e964caec98b157,cellxgene/05a73afa-40b7-4cc0-9bac-5f6b5a50fc46_C57BL6J-1.149.h5ad,1044181039,165fc34c3a6e3e2a3a4367c30e2a58a1d7191468b1d3c65bf115aadee44223ee,https://huggingface.co/datasets/Toycat/SToCorpus-88M/resolve/6f699f128416e8d55d6ab74976e964caec98b157/cellxgene/05a73afa-40b7-4cc0-9bac-5f6b5a50fc46_C57BL6J-1.149.h5ad
Toycat/SToCorpus-88M,6f699f128416e8d55d6ab74976e964caec98b157,cellxgene/05a73afa-40b7-4cc0-9bac-5f6b5a50fc46_C57BL6J-1.150.h5ad,970849982,2bb9bc35ea091fe046f4ac733a01d43edffe853248c81277349edc7fc6ab1496,https://huggingface.co/datasets/Toycat/SToCorpus-88M/resolve/6f699f128416e8d55d6ab74976e964caec98b157/cellxgene/05a73afa-40b7-4cc0-9bac-5f6b5a50fc46_C57BL6J-1.150.h5ad
Toycat/SToCorpus-88M,6f699f128416e8d55d6ab74976e964caec98b157,cellxgene/05d40543-11f2-4ee5-8f3f-d8e8f6a2bf89.h5ad,58210343,b41f2c2b985672ec3a612984654bbff0b01b3ad427ecef11e80bb40f1ff22ef5,https://huggingface.co/datasets/Toycat/SToCorpus-88M/resolve/6f699f128416e8d55d6ab74976e964caec98b157/cellxgene/05d40543-11f2-4ee5-8f3f-d8e8f6a2bf89.h5ad
Toycat/SToCorpus-88M,6f699f128416e8d55d6ab74976e964caec98b157,cellxgene/064c8bad-8543-4af1-992c-b2139857ee62.h5ad,9731807,527fb7b2d9f0cc3bb1d0f27ee7b1ceb5dd1eec449529102fd4f35325ffb97076,https://huggingface.co/datasets/Toycat/SToCorpus-88M/resolve/6f699f128416e8d55d6ab74976e964caec98b157/cellxgene/064c8bad-8543-4af1-992c-b2139857ee62.h5ad
Toycat/SToCorpus-88M,6f699f128416e8d55d6ab74976e964caec98b157,cellxgene/0683288c-9382-41b6-84fb-d57d7da5230c.h5ad,32157184,30f00d4d8bf493b1f37854e9d8d895e87ca04e5796034612b8ce3a55fa1e292b,https://huggingface.co/datasets/Toycat/SToCorpus-88M/resolve/6f699f128416e8d55d6ab74976e964caec98b157/cellxgene/0683288c-9382-41b6-84fb-d57d7da5230c.h5ad
Toycat/SToCorpus-88M,6f699f128416e8d55d6ab74976e964caec98b157,cellxgene/0704cad0-63e5-4cd1-8b52-ab6080a3c634.h5ad,22407556,35312493e81edbdf09ec128fe9d518358ecd6db0926534a892e011247562b98c,https://huggingface.co/datasets/Toycat/SToCorpus-88M/resolve/6f699f128416e8d55d6ab74976e964caec98b157/cellxgene/0704cad0-63e5-4cd1-8b52-ab6080a3c634.h5ad
Toycat/SToCorpus-88M,6f699f128416e8d55d6ab74976e964caec98b157,cellxgene/08b0822f-b32c-4892-9132-b7153d1dca5f.h5ad,49071582,4928669876b02f7742b6edb97017d3fe1a0c377a6c45a234016ef2c0c4bbe7c3,https://huggingface.co/datasets/Toycat/SToCorpus-88M/resolve/6f699f128416e8d55d6ab74976e964caec98b157/cellxgene/08b0822f-b32c-4892-9132-b7153d1dca5f.h5ad
Toycat/SToCorpus-88M,6f699f128416e8d55d6ab74976e964caec98b157,cellxgene/0a153ef2-5d30-49ee-a1d6-0a899d5ce1e6.h5ad,35965525,aed4c4ada6b1fa38edbc83c72107c5ae80a761922779cef01d8c1f4150d94958,https://huggingface.co/datasets/Toycat/SToCorpus-88M/resolve/6f699f128416e8d55d6ab74976e964caec98b157/cellxgene/0a153ef2-5d30-49ee-a1d6-0a899d5ce1e6.h5ad
Toycat/SToCorpus-88M,6f699f128416e8d55d6ab74976e964caec98b157,cellxgene/0c0ce2bf-08f8-402c-8237-3d08002d613b.h5ad,26465573,8acec6c930dba6b79ca8d5c5f19c28d093d4b9c5e53aa331fda3dba85ad9216c,https://huggingface.co/datasets/Toycat/SToCorpus-88M/resolve/6f699f128416e8d55d6ab74976e964caec98b157/cellxgene/0c0ce2bf-08f8-402c-8237-3d08002d613b.h5ad
Toycat/SToCorpus-88M,6f699f128416e8d55d6ab74976e964caec98b157,cellxgene/0ce936e0-26aa-4bbd-b203-6535e5b76e64.h5ad,16322841,05253815130480a8254e7bbedf11cbfbf8789719a3542baacf4808716e963ebe,https://huggingface.co/datasets/Toycat/SToCorpus-88M/resolve/6f699f128416e8d55d6ab74976e964caec98b157/cellxgene/0ce936e0-26aa-4bbd-b203-6535e5b76e64.h5ad
Toycat/SToCorpus-88M,6f699f128416e8d55d6ab74976e964caec98b157,cellxgene/0f463063-8d06-4133-b043-e960fa6f7995.h5ad,30299747,858dca40c79fa37f1c37da60b4b32a0bb48d346cb0fa0af735383bddcc2fe5ce,https://huggingface.co/datasets/Toycat/SToCorpus-88M/resolve/6f699f128416e8d55d6ab74976e964caec98b157/cellxgene/0f463063-8d06-4133-b043-e960fa6f7995.h5ad
Toycat/SToCorpus-88M,6f699f128416e8d55d6ab74976e964caec98b157,cellxgene/0f52f65f-47a3-4d48-a4e0-5ed78187a69e.h5ad,16591554,439103c721dedaa01302124312536c9dc5936c4ff6b12d8d674b0750366dcb7f,https://huggingface.co/datasets/Toycat/SToCorpus-88M/resolve/6f699f128416e8d55d6ab74976e964caec98b157/cellxgene/0f52f65f-47a3-4d48-a4e0-5ed78187a69e.h5ad
Toycat/SToCorpus-88M,6f699f128416e8d55d6ab74976e964caec98b157,cellxgene/0f8d447a-cd40-4e54-9f07-9ea6577c8ba3.h5ad,37961981,84c10b38d42e00e44644b2818dd14df7d82351eab6e35e89f81e4d32d8711109,https://huggingface.co/datasets/Toycat/SToCorpus-88M/resolve/6f699f128416e8d55d6ab74976e964caec98b157/cellxgene/0f8d447a-cd40-4e54-9f07-9ea6577c8ba3.h5ad
Toycat/SToCorpus-88M,6f699f128416e8d55d6ab74976e964caec98b157,cellxgene/126f0dc5-6a75-4e4d-ac30-51984c91f2f4.h5ad,24394830,9db6295813a5d9037755ecb6dafee2f60cc579d2a8e125bab3a48904896fbb46,https://huggingface.co/datasets/Toycat/SToCorpus-88M/resolve/6f699f128416e8d55d6ab74976e964caec98b157/cellxgene/126f0dc5-6a75-4e4d-ac30-51984c91f2f4.h5ad
Toycat/SToCorpus-88M,6f699f128416e8d55d6ab74976e964caec98b157,cellxgene/12c81903-fb90-421b-8d0e-8355b00151a5.h5ad,21230300,407c269ecf777194344002d786a8176d789afd0f7fba4e6de61306a88bd64538,https://huggingface.co/datasets/Toycat/SToCorpus-88M/resolve/6f699f128416e8d55d6ab74976e964caec98b157/cellxgene/12c81903-fb90-421b-8d0e-8355b00151a5.h5ad
Toycat/SToCorpus-88M,6f699f128416e8d55d6ab74976e964caec98b157,cellxgene/1460a50e-ac5a-4c06-9ef0-cd1c6cfd411d.h5ad,17543999,8790015590444b98d3ca0f14c316e8f0f1e2ff345a6b1e02b53deef828538a60,https://huggingface.co/datasets/Toycat/SToCorpus-88M/resolve/6f699f128416e8d55d6ab74976e964caec98b157/cellxgene/1460a50e-ac5a-4c06-9ef0-cd1c6cfd411d.h5ad
Toycat/SToCorpus-88M,6f699f128416e8d55d6ab74976e964caec98b157,cellxgene/15d453e7-e1cd-471e-b2af-c1501db18c33.h5ad,112775284,71712daf8679fb49cb1b13ab880dba4d45f4dca9666c7ed5c82f2edc945b264b,https://huggingface.co/datasets/Toycat/SToCorpus-88M/resolve/6f699f128416e8d55d6ab74976e964caec98b157/cellxgene/15d453e7-e1cd-471e-b2af-c1501db18c33.h5ad
Toycat/SToCorpus-88M,6f699f128416e8d55d6ab74976e964caec98b157,cellxgene/16c9fc51-a93d-4fd3-9eae-7c72ab1edbcf.h5ad,6641506,af865b391e52a1b7b904d27ebdfab8a4a82bae65c210df211f6acaa79480f16b,https://huggingface.co/datasets/Toycat/SToCorpus-88M/resolve/6f699f128416e8d55d6ab74976e964caec98b157/cellxgene/16c9fc51-a93d-4fd3-9eae-7c72ab1edbcf.h5ad
Toycat/SToCorpus-88M,6f699f128416e8d55d6ab74976e964caec98b157,cellxgene/16d8ebcb-28a2-4bf5-bc0b-a8331f22f69d.h5ad,23755170,901332e5f1436c2b4ec756fc1edf1d234dcba543c4d6c0cec8f8b796f57bee01,https://huggingface.co/datasets/Toycat/SToCorpus-88M/resolve/6f699f128416e8d55d6ab74976e964caec98b157/cellxgene/16d8ebcb-28a2-4bf5-bc0b-a8331f22f69d.h5ad
Toycat/SToCorpus-88M,6f699f128416e8d55d6ab74976e964caec98b157,cellxgene/18d91768-ce72-4ac7-9778-013fe13902e9_MsBrainAgingSpatialDonor_1.h5ad,1878277704,96a8ddd25707f2709f23596ed3075287bc1ee0fb7ec6b7f14304737129913834,https://huggingface.co/datasets/Toycat/SToCorpus-88M/resolve/6f699f128416e8d55d6ab74976e964caec98b157/cellxgene/18d91768-ce72-4ac7-9778-013fe13902e9_MsBrainAgingSpatialDonor_1.h5ad
Toycat/SToCorpus-88M,6f699f128416e8d55d6ab74976e964caec98b157,cellxgene/18d91768-ce72-4ac7-9778-013fe13902e9_MsBrainAgingSpatialDonor_10.h5ad,2477262402,7d0f096da7fa67ed68b572d7a9326b792442753dcee30c30096652e5ef5f65fe,https://huggingface.co/datasets/Toycat/SToCorpus-88M/resolve/6f699f128416e8d55d6ab74976e964caec98b157/cellxgene/18d91768-ce72-4ac7-9778-013fe13902e9_MsBrainAgingSpatialDonor_10.h5ad
Toycat/SToCorpus-88M,6f699f128416e8d55d6ab74976e964caec98b157,cellxgene/18d91768-ce72-4ac7-9778-013fe13902e9_MsBrainAgingSpatialDonor_11.h5ad,2527559870,79e868828bd6220a56a46e6efd72aae6f481e465bc92f02c1d79e778552ed756,https://huggingface.co/datasets/Toycat/SToCorpus-88M/resolve/6f699f128416e8d55d6ab74976e964caec98b157/cellxgene/18d91768-ce72-4ac7-9778-013fe13902e9_MsBrainAgingSpatialDonor_11.h5ad
Toycat/SToCorpus-88M,6f699f128416e8d55d6ab74976e964caec98b157,cellxgene/18d91768-ce72-4ac7-9778-013fe13902e9_MsBrainAgingSpatialDonor_12.h5ad,2921038178,36e914149495e0f4a34395fd82fea182519c9ee9c0738b3db2c1d1313bb0cec8,https://huggingface.co/datasets/Toycat/SToCorpus-88M/resolve/6f699f128416e8d55d6ab74976e964caec98b157/cellxgene/18d91768-ce72-4ac7-9778-013fe13902e9_MsBrainAgingSpatialDonor_12.h5ad
Toycat/SToCorpus-88M,6f699f128416e8d55d6ab74976e964caec98b157,cellxgene/18d91768-ce72-4ac7-9778-013fe13902e9_MsBrainAgingSpatialDonor_2.h5ad,3544986612,68d6bfc7a6ea535dbfaccf8121cecb41c39797afd043de89f0b2c490c7376ab9,https://huggingface.co/datasets/Toycat/SToCorpus-88M/resolve/6f699f128416e8d55d6ab74976e964caec98b157/cellxgene/18d91768-ce72-4ac7-9778-013fe13902e9_MsBrainAgingSpatialDonor_2.h5ad
Toycat/SToCorpus-88M,6f699f128416e8d55d6ab74976e964caec98b157,cellxgene/18d91768-ce72-4ac7-9778-013fe13902e9_MsBrainAgingSpatialDonor_3.h5ad,3115824158,cf2b1bcdb6b5253fddbccb48deaec3acf51bcdebaa18b30734046ecb93736137,https://huggingface.co/datasets/Toycat/SToCorpus-88M/resolve/6f699f128416e8d55d6ab74976e964caec98b157/cellxgene/18d91768-ce72-4ac7-9778-013fe13902e9_MsBrainAgingSpatialDonor_3.h5ad
Toycat/SToCorpus-88M,6f699f128416e8d55d6ab74976e964caec98b157,cellxgene/18d91768-ce72-4ac7-9778-013fe13902e9_MsBrainAgingSpatialDonor_4.h5ad,2795233748,bfdef0bd4838f31ee86e3f456778a8eb1d4d0e1862b7d1108c5d9d9478afc5f3,https://huggingface.co/datasets/Toycat/SToCorpus-88M/resolve/6f699f128416e8d55d6ab74976e964caec98b157/cellxgene/18d91768-ce72-4ac7-9778-013fe13902e9_MsBrainAgingSpatialDonor_4.h5ad
Toycat/SToCorpus-88M,6f699f128416e8d55d6ab74976e964caec98b157,cellxgene/18d91768-ce72-4ac7-9778-013fe13902e9_MsBrainAgingSpatialDonor_5.h5ad,2557424446,f444fcbc1a1b6fc3d9eeabfbebc3b093dcd2e16acbe080d8262612dd29267d2c,https://huggingface.co/datasets/Toycat/SToCorpus-88M/resolve/6f699f128416e8d55d6ab74976e964caec98b157/cellxgene/18d91768-ce72-4ac7-9778-013fe13902e9_MsBrainAgingSpatialDonor_5.h5ad
Toycat/SToCorpus-88M,6f699f128416e8d55d6ab74976e964caec98b157,cellxgene/18d91768-ce72-4ac7-9778-013fe13902e9_MsBrainAgingSpatialDonor_6.h5ad,2261050654,f0a2ffc072a1680c76c0d08fd092bfe5f7dcb7bae4dd7037f3811c9c0c567353,https://huggingface.co/datasets/Toycat/SToCorpus-88M/resolve/6f699f128416e8d55d6ab74976e964caec98b157/cellxgene/18d91768-ce72-4ac7-9778-013fe13902e9_MsBrainAgingSpatialDonor_6.h5ad
Toycat/SToCorpus-88M,6f699f128416e8d55d6ab74976e964caec98b157,cellxgene/18d91768-ce72-4ac7-9778-013fe13902e9_MsBrainAgingSpatialDonor_7.h5ad,2884896092,669abd6b026c1bbb16a869bbe20fdb6f7032c6b58ed84a0db18f67ce5642b6a4,https://huggingface.co/datasets/Toycat/SToCorpus-88M/resolve/6f699f128416e8d55d6ab74976e964caec98b157/cellxgene/18d91768-ce72-4ac7-9778-013fe13902e9_MsBrainAgingSpatialDonor_7.h5ad
Toycat/SToCorpus-88M,6f699f128416e8d55d6ab74976e964caec98b157,cellxgene/18d91768-ce72-4ac7-9778-013fe13902e9_MsBrainAgingSpatialDonor_8.h5ad,3402915712,5774794ce6ca08fafa13298a46f142bdc6717234e3350be462e9bbf51a0d63b7,https://huggingface.co/datasets/Toycat/SToCorpus-88M/resolve/6f699f128416e8d55d6ab74976e964caec98b157/cellxgene/18d91768-ce72-4ac7-9778-013fe13902e9_MsBrainAgingSpatialDonor_8.h5ad
Toycat/SToCorpus-88M,6f699f128416e8d55d6ab74976e964caec98b157,cellxgene/18d91768-ce72-4ac7-9778-013fe13902e9_MsBrainAgingSpatialDonor_9.h5ad,2988023460,c4c4b6e7056524e5d7014c52e1f70fd2d92f6845af244119aa984b9a40f66382,https://huggingface.co/datasets/Toycat/SToCorpus-88M/resolve/6f699f128416e8d55d6ab74976e964caec98b157/cellxgene/18d91768-ce72-4ac7-9778-013fe13902e9_MsBrainAgingSpatialDonor_9.h5ad
Toycat/SToCorpus-88M,6f699f128416e8d55d6ab74976e964caec98b157,cellxgene/19b2a222-6d39-41b9-80b7-b6e22cd22abd.h5ad,44994133,253cec5be0a1a3dc11aaa726ddae43eace831f28199cf84ad66e8ebbf50c795e,https://huggingface.co/datasets/Toycat/SToCorpus-88M/resolve/6f699f128416e8d55d6ab74976e964caec98b157/cellxgene/19b2a222-6d39-41b9-80b7-b6e22cd22abd.h5ad
Toycat/SToCorpus-88M,6f699f128416e8d55d6ab74976e964caec98b157,cellxgene/19dc9677-3049-400d-890e-0c7b0189799a.h5ad,26500089,017b96b2e08b1b24efcdd67f457b47b94042c6957c04a44fe1758368e72bfe23,https://huggingface.co/datasets/Toycat/SToCorpus-88M/resolve/6f699f128416e8d55d6ab74976e964caec98b157/cellxgene/19dc9677-3049-400d-890e-0c7b0189799a.h5ad
Toycat/SToCorpus-88M,6f699f128416e8d55d6ab74976e964caec98b157,cellxgene/1c16afc9-0ab0-4701-b437-a70df7f46787.h5ad,38572265,6a70c133b10d516043530236a1be4651236b1bbe3ebcf1bc6d46f8118e965ace,https://huggingface.co/datasets/Toycat/SToCorpus-88M/resolve/6f699f128416e8d55d6ab74976e964caec98b157/cellxgene/1c16afc9-0ab0-4701-b437-a70df7f46787.h5ad
Toycat/SToCorpus-88M,6f699f128416e8d55d6ab74976e964caec98b157,cellxgene/1c5cefeb-2869-4cbe-af97-f8d4b027f7a3.h5ad,61397256,d0ad34ecca640672a85b6d1e60925c42cb3e7b4a2e6f5a2238cff8f2593bd714,https://huggingface.co/datasets/Toycat/SToCorpus-88M/resolve/6f699f128416e8d55d6ab74976e964caec98b157/cellxgene/1c5cefeb-2869-4cbe-af97-f8d4b027f7a3.h5ad
Toycat/SToCorpus-88M,6f699f128416e8d55d6ab74976e964caec98b157,cellxgene/1c6be5a0-72cb-4408-8cca-3d3c69a1f4b2.h5ad,35636436,a4f71dfe4722cf0fd8d6cf0c3f12c9588f81281f01027e2460ddf069cfcaec99,https://huggingface.co/datasets/Toycat/SToCorpus-88M/resolve/6f699f128416e8d55d6ab74976e964caec98b157/cellxgene/1c6be5a0-72cb-4408-8cca-3d3c69a1f4b2.h5ad
Toycat/SToCorpus-88M,6f699f128416e8d55d6ab74976e964caec98b157,cellxgene/1c8beee6-feeb-4ed4-af3f-a22b32804bf4.h5ad,28858410,ced137f8f952023303e9dae61bb99c698f237c7686f66d02e94144a1b8ffd7de,https://huggingface.co/datasets/Toycat/SToCorpus-88M/resolve/6f699f128416e8d55d6ab74976e964caec98b157/cellxgene/1c8beee6-feeb-4ed4-af3f-a22b32804bf4.h5ad
Toycat/SToCorpus-88M,6f699f128416e8d55d6ab74976e964caec98b157,cellxgene/1d0bf9ba-2e12-4126-bea7-c053d978f672.h5ad,27646714,0c7244f61a8b5073262a5cf73753356e0fc1cb9f8de7eede982c5ce920b59485,https://huggingface.co/datasets/Toycat/SToCorpus-88M/resolve/6f699f128416e8d55d6ab74976e964caec98b157/cellxgene/1d0bf9ba-2e12-4126-bea7-c053d978f672.h5ad
Toycat/SToCorpus-88M,6f699f128416e8d55d6ab74976e964caec98b157,cellxgene/1d6d8b2f-fb80-4b32-ba5e-ebce56986a8f.h5ad,14777175,3936d7d73865af9c6a180a385a20d440d666e4703ddcdacb7f99d09857334019,https://huggingface.co/datasets/Toycat/SToCorpus-88M/resolve/6f699f128416e8d55d6ab74976e964caec98b157/cellxgene/1d6d8b2f-fb80-4b32-ba5e-ebce56986a8f.h5ad
Toycat/SToCorpus-88M,6f699f128416e8d55d6ab74976e964caec98b157,cellxgene/1f3a8cc3-4eac-4aa6-bb93-b792aa421be1.h5ad,5581152,35f9cb18590c877aa9d51a6230e63047329e656d02016faf4586c9dca94aea04,https://huggingface.co/datasets/Toycat/SToCorpus-88M/resolve/6f699f128416e8d55d6ab74976e964caec98b157/cellxgene/1f3a8cc3-4eac-4aa6-bb93-b792aa421be1.h5ad
Toycat/SToCorpus-88M,6f699f128416e8d55d6ab74976e964caec98b157,cellxgene/20f556a1-3bdf-42cd-9f6b-e8ab4b853443.h5ad,22488728,ddde92da3665b03fc56f2ac2f0f2dcbe054cb74fb2bf1cb6f13aef62159356c2,https://huggingface.co/datasets/Toycat/SToCorpus-88M/resolve/6f699f128416e8d55d6ab74976e964caec98b157/cellxgene/20f556a1-3bdf-42cd-9f6b-e8ab4b853443.h5ad
Toycat/SToCorpus-88M,6f699f128416e8d55d6ab74976e964caec98b157,cellxgene/2300207a-1b15-466a-b997-6fa02bcbad57.h5ad,24384953,d293ca78f4b6d02550fdf81c2cb6d8c326d9d49bd5f91fe6144117b2d48f6f3b,https://huggingface.co/datasets/Toycat/SToCorpus-88M/resolve/6f699f128416e8d55d6ab74976e964caec98b157/cellxgene/2300207a-1b15-466a-b997-6fa02bcbad57.h5ad
Toycat/SToCorpus-88M,6f699f128416e8d55d6ab74976e964caec98b157,cellxgene/23fcd5d6-f861-410a-8106-916ad5d5978c.h5ad,11017345,af0c3af893ecb338b192d9eb6a30a14f559ea3f477844c3605bdcac312eae708,https://huggingface.co/datasets/Toycat/SToCorpus-88M/resolve/6f699f128416e8d55d6ab74976e964caec98b157/cellxgene/23fcd5d6-f861-410a-8106-916ad5d5978c.h5ad
Toycat/SToCorpus-88M,6f699f128416e8d55d6ab74976e964caec98b157,cellxgene/24e3bff1-3b32-460a-a282-120473df4c40.h5ad,12562468,c27d97fe9d3eaf30158254f4255c748ac4b4abfae043e54e62104219099aa19c,https://huggingface.co/datasets/Toycat/SToCorpus-88M/resolve/6f699f128416e8d55d6ab74976e964caec98b157/cellxgene/24e3bff1-3b32-460a-a282-120473df4c40.h5ad
Toycat/SToCorpus-88M,6f699f128416e8d55d6ab74976e964caec98b157,cellxgene/2535d48c-7398-46da-b31a-b3d0bedfc206.h5ad,54797134,2f5b808d3622aa85784033bd206b2762ee9b823552ea8936e5175b6aa6800ed5,https://huggingface.co/datasets/Toycat/SToCorpus-88M/resolve/6f699f128416e8d55d6ab74976e964caec98b157/cellxgene/2535d48c-7398-46da-b31a-b3d0bedfc206.h5ad
Toycat/SToCorpus-88M,6f699f128416e8d55d6ab74976e964caec98b157,cellxgene/296d1acf-a0c8-4f6b-92b0-b4eae55c7a9e.h5ad,20294221,e6eacc68b58650646a38bcd6ad17abc05d473150ecaa4649331f08038fa347a2,https://huggingface.co/datasets/Toycat/SToCorpus-88M/resolve/6f699f128416e8d55d6ab74976e964caec98b157/cellxgene/296d1acf-a0c8-4f6b-92b0-b4eae55c7a9e.h5ad
Toycat/SToCorpus-88M,6f699f128416e8d55d6ab74976e964caec98b157,cellxgene/29cb2905-3b46-4a32-8ed9-c52dc24fc35d.h5ad,46568305,2f429dc62967b5b5a03e3d41259af81395d2ae910d63df61a8bbdeed4468e955,https://huggingface.co/datasets/Toycat/SToCorpus-88M/resolve/6f699f128416e8d55d6ab74976e964caec98b157/cellxgene/29cb2905-3b46-4a32-8ed9-c52dc24fc35d.h5ad
Toycat/SToCorpus-88M,6f699f128416e8d55d6ab74976e964caec98b157,cellxgene/29e1cf66-3510-48dd-894d-8a140e836b2e.h5ad,26992675,b61a3031d306f1a1521b8455945b4e9ce926b970c3f08070a4d5e4e01a740f8e,https://huggingface.co/datasets/Toycat/SToCorpus-88M/resolve/6f699f128416e8d55d6ab74976e964caec98b157/cellxgene/29e1cf66-3510-48dd-894d-8a140e836b2e.h5ad
Toycat/SToCorpus-88M,6f699f128416e8d55d6ab74976e964caec98b157,cellxgene/2ae22856-412e-4e43-9033-16063619fbc3.h5ad,20733697,092c3480b396e77c6d1a2bfffa8ad808e506148d8b3b1ec32f2c378541bcb311,https://huggingface.co/datasets/Toycat/SToCorpus-88M/resolve/6f699f128416e8d55d6ab74976e964caec98b157/cellxgene/2ae22856-412e-4e43-9033-16063619fbc3.h5ad
Toycat/SToCorpus-88M,6f699f128416e8d55d6ab74976e964caec98b157,cellxgene/2e2d7c7b-e368-45d3-8ad2-c5bf81751b86.h5ad,19457005,13f2821764d0480373c5bc9fa4a17ac62fba33a1428ff66160b9a55b5ccebb7d,https://huggingface.co/datasets/Toycat/SToCorpus-88M/resolve/6f699f128416e8d55d6ab74976e964caec98b157/cellxgene/2e2d7c7b-e368-45d3-8ad2-c5bf81751b86.h5ad
Toycat/SToCorpus-88M,6f699f128416e8d55d6ab74976e964caec98b157,cellxgene/2ec4be60-3368-46e7-b554-34ccaea43c4f.h5ad,25476579,59028722a94445e42636c7bba5cf42d99ab231770af4e4e66e2ee56e4cc76cc6,https://huggingface.co/datasets/Toycat/SToCorpus-88M/resolve/6f699f128416e8d55d6ab74976e964caec98b157/cellxgene/2ec4be60-3368-46e7-b554-34ccaea43c4f.h5ad
Toycat/SToCorpus-88M,6f699f128416e8d55d6ab74976e964caec98b157,cellxgene/32bbe7e3-1e6f-4cce-99b7-f70b3dc212d0.h5ad,39174780,1ed3bbc8723a990eabcffb05faeb94019cc643e56748da486fde794942ea0ea4,https://huggingface.co/datasets/Toycat/SToCorpus-88M/resolve/6f699f128416e8d55d6ab74976e964caec98b157/cellxgene/32bbe7e3-1e6f-4cce-99b7-f70b3dc212d0.h5ad
Toycat/SToCorpus-88M,6f699f128416e8d55d6ab74976e964caec98b157,cellxgene/32ebbfec-21f5-4f53-8baa-3490646778a2_C57BL6J-2.001.h5ad,511925370,ad465c2f00cf304aee93f8f91fb0880e391678189e4ac03962ea3d19475aca0f,https://huggingface.co/datasets/Toycat/SToCorpus-88M/resolve/6f699f128416e8d55d6ab74976e964caec98b157/cellxgene/32ebbfec-21f5-4f53-8baa-3490646778a2_C57BL6J-2.001.h5ad
Toycat/SToCorpus-88M,6f699f128416e8d55d6ab74976e964caec98b157,cellxgene/32ebbfec-21f5-4f53-8baa-3490646778a2_C57BL6J-2.002.h5ad,628072305,5da4660f9b16b46ef6a5494ba1cd437147e88498dcea7c37057bb1b446fb3c89,https://huggingface.co/datasets/Toycat/SToCorpus-88M/resolve/6f699f128416e8d55d6ab74976e964caec98b157/cellxgene/32ebbfec-21f5-4f53-8baa-3490646778a2_C57BL6J-2.002.h5ad
Toycat/SToCorpus-88M,6f699f128416e8d55d6ab74976e964caec98b157,cellxgene/32ebbfec-21f5-4f53-8baa-3490646778a2_C57BL6J-2.003.h5ad,623937386,f68e699b2e68a0abea7c9b3232a581dc90b12318097d2c87642169f8b78558ef,https://huggingface.co/datasets/Toycat/SToCorpus-88M/resolve/6f699f128416e8d55d6ab74976e964caec98b157/cellxgene/32ebbfec-21f5-4f53-8baa-3490646778a2_C57BL6J-2.003.h5ad
Toycat/SToCorpus-88M,6f699f128416e8d55d6ab74976e964caec98b157,cellxgene/32ebbfec-21f5-4f53-8baa-3490646778a2_C57BL6J-2.004.h5ad,1026824597,2e02b2292544e1446e810685e1fc93ed956001e1dbb34bf3d52085e1a8b91bd9,https://huggingface.co/datasets/Toycat/SToCorpus-88M/resolve/6f699f128416e8d55d6ab74976e964caec98b157/cellxgene/32ebbfec-21f5-4f53-8baa-3490646778a2_C57BL6J-2.004.h5ad
Toycat/SToCorpus-88M,6f699f128416e8d55d6ab74976e964caec98b157,cellxgene/32ebbfec-21f5-4f53-8baa-3490646778a2_C57BL6J-2.005.h5ad,1171948493,ff342ce2a0e2a55fa02d8b69dabfb353e5aaadb136422306411cf7f3cdafc007,https://huggingface.co/datasets/Toycat/SToCorpus-88M/resolve/6f699f128416e8d55d6ab74976e964caec98b157/cellxgene/32ebbfec-21f5-4f53-8baa-3490646778a2_C57BL6J-2.005.h5ad
Toycat/SToCorpus-88M,6f699f128416e8d55d6ab74976e964caec98b157,cellxgene/32ebbfec-21f5-4f53-8baa-3490646778a2_C57BL6J-2.006.h5ad,1350393843,cd7d97befc1f5305d1b816241ac35fccd17cdab0ffc658065f241bb2baa5e135,https://huggingface.co/datasets/Toycat/SToCorpus-88M/resolve/6f699f128416e8d55d6ab74976e964caec98b157/cellxgene/32ebbfec-21f5-4f53-8baa-3490646778a2_C57BL6J-2.006.h5ad
Toycat/SToCorpus-88M,6f699f128416e8d55d6ab74976e964caec98b157,cellxgene/32ebbfec-21f5-4f53-8baa-3490646778a2_C57BL6J-2.007.h5ad,1380197612,441c7a74105240518d56bedcb51bb237fe9784507443eaf88883d6dc03ed12c4,https://huggingface.co/datasets/Toycat/SToCorpus-88M/resolve/6f699f128416e8d55d6ab74976e964caec98b157/cellxgene/32ebbfec-21f5-4f53-8baa-3490646778a2_C57BL6J-2.007.h5ad
Toycat/SToCorpus-88M,6f699f128416e8d55d6ab74976e964caec98b157,cellxgene/32ebbfec-21f5-4f53-8baa-3490646778a2_C57BL6J-2.008.h5ad,1026753341,015e9e72be796fa26387f7c2d33d4359c3ea5e4cbb37e031d5cca8263af992c1,https://huggingface.co/datasets/Toycat/SToCorpus-88M/resolve/6f699f128416e8d55d6ab74976e964caec98b157/cellxgene/32ebbfec-21f5-4f53-8baa-3490646778a2_C57BL6J-2.008.h5ad
Toycat/SToCorpus-88M,6f699f128416e8d55d6ab74976e964caec98b157,cellxgene/32ebbfec-21f5-4f53-8baa-3490646778a2_C57BL6J-2.009.h5ad,1425383832,41017d63a9420c0c1e43509fa8e8b81acc09dad747b3f3964589278a2d31c5f7,https://huggingface.co/datasets/Toycat/SToCorpus-88M/resolve/6f699f128416e8d55d6ab74976e964caec98b157/cellxgene/32ebbfec-21f5-4f53-8baa-3490646778a2_C57BL6J-2.009.h5ad
Toycat/SToCorpus-88M,6f699f128416e8d55d6ab74976e964caec98b157,cellxgene/32ebbfec-21f5-4f53-8baa-3490646778a2_C57BL6J-2.010.h5ad,1324043832,b9d50750ad5e57bd9c9e8d852e6908d84586c40a0cbce791fecb880c7326f211,https://huggingface.co/datasets/Toycat/SToCorpus-88M/resolve/6f699f128416e8d55d6ab74976e964caec98b157/cellxgene/32ebbfec-21f5-4f53-8baa-3490646778a2_C57BL6J-2.010.h5ad
Toycat/SToCorpus-88M,6f699f128416e8d55d6ab74976e964caec98b157,cellxgene/32ebbfec-21f5-4f53-8baa-3490646778a2_C57BL6J-2.011.h5ad,1278069799,a4d2d0ca979c8d14606b1889692b806fcb78289ca8f63dc346c181c5dd17928f,https://huggingface.co/datasets/Toycat/SToCorpus-88M/resolve/6f699f128416e8d55d6ab74976e964caec98b157/cellxgene/32ebbfec-21f5-4f53-8baa-3490646778a2_C57BL6J-2.011.h5ad
Toycat/SToCorpus-88M,6f699f128416e8d55d6ab74976e964caec98b157,cellxgene/32ebbfec-21f5-4f53-8baa-3490646778a2_C57BL6J-2.012.h5ad,1010400080,c0befb05bb4f1641cb7026c616b06b1a2532e692d2281df305a85243e88b326d,https://huggingface.co/datasets/Toycat/SToCorpus-88M/resolve/6f699f128416e8d55d6ab74976e964caec98b157/cellxgene/32ebbfec-21f5-4f53-8baa-3490646778a2_C57BL6J-2.012.h5ad
Toycat/SToCorpus-88M,6f699f128416e8d55d6ab74976e964caec98b157,cellxgene/32ebbfec-21f5-4f53-8baa-3490646778a2_C57BL6J-2.013.h5ad,767223677,f7e915b425a8d770d90b9dcb2e400893cc3f9f99833f32b1d39a680efd2885dd,https://huggingface.co/datasets/Toycat/SToCorpus-88M/resolve/6f699f128416e8d55d6ab74976e964caec98b157/cellxgene/32ebbfec-21f5-4f53-8baa-3490646778a2_C57BL6J-2.013.h5ad
Toycat/SToCorpus-88M,6f699f128416e8d55d6ab74976e964caec98b157,cellxgene/32ebbfec-21f5-4f53-8baa-3490646778a2_C57BL6J-2.014.h5ad,1139881390,0722f7565dafc2bf236238724e16e5feb56fd7d099d43f92712aff7ea3a28b80,https://huggingface.co/datasets/Toycat/SToCorpus-88M/resolve/6f699f128416e8d55d6ab74976e964caec98b157/cellxgene/32ebbfec-21f5-4f53-8baa-3490646778a2_C57BL6J-2.014.h5ad
Toycat/SToCorpus-88M,6f699f128416e8d55d6ab74976e964caec98b157,cellxgene/32ebbfec-21f5-4f53-8baa-3490646778a2_C57BL6J-2.015.h5ad,1042463166,ed00467ae1529e63bcc9214a31c56fd39dd12292bc44b52a9bb72765db710434,https://huggingface.co/datasets/Toycat/SToCorpus-88M/resolve/6f699f128416e8d55d6ab74976e964caec98b157/cellxgene/32ebbfec-21f5-4f53-8baa-3490646778a2_C57BL6J-2.015.h5ad
Toycat/SToCorpus-88M,6f699f128416e8d55d6ab74976e964caec98b157,cellxgene/32ebbfec-21f5-4f53-8baa-3490646778a2_C57BL6J-2.016.h5ad,1133299148,f58c92ee76ed6e6778f000ab225e3cd4377d2152ff73f1e821bc935ee364c868,https://huggingface.co/datasets/Toycat/SToCorpus-88M/resolve/6f699f128416e8d55d6ab74976e964caec98b157/cellxgene/32ebbfec-21f5-4f53-8baa-3490646778a2_C57BL6J-2.016.h5ad
Toycat/SToCorpus-88M,6f699f128416e8d55d6ab74976e964caec98b157,cellxgene/32ebbfec-21f5-4f53-8baa-3490646778a2_C57BL6J-2.017.h5ad,1195656098,a0828d0f2018478d46eb5cdf620953a6b7baab55f2e3237b0210e3bbbd0e3078,https://huggingface.co/datasets/Toycat/SToCorpus-88M/resolve/6f699f128416e8d55d6ab74976e964caec98b157/cellxgene/32ebbfec-21f5-4f53-8baa-3490646778a2_C57BL6J-2.017.h5ad
Toycat/SToCorpus-88M,6f699f128416e8d55d6ab74976e964caec98b157,cellxgene/32ebbfec-21f5-4f53-8baa-3490646778a2_C57BL6J-2.018.h5ad,1123372737,6199ab3fdb77eb3a9de55c03a7dfe36a9dec225bf7d9cf16217c1a5ef1ca19fd,https://huggingface.co/datasets/Toycat/SToCorpus-88M/resolve/6f699f128416e8d55d6ab74976e964caec98b157/cellxgene/32ebbfec-21f5-4f53-8baa-3490646778a2_C57BL6J-2.018.h5ad
Toycat/SToCorpus-88M,6f699f128416e8d55d6ab74976e964caec98b157,cellxgene/32ebbfec-21f5-4f53-8baa-3490646778a2_C57BL6J-2.019.h5ad,1567373606,29b3dbfc4adeb95c38ab39673c7f81c4eac201dc35086556c179778d9df0b05c,https://huggingface.co/datasets/Toycat/SToCorpus-88M/resolve/6f699f128416e8d55d6ab74976e964caec98b157/cellxgene/32ebbfec-21f5-4f53-8baa-3490646778a2_C57BL6J-2.019.h5ad
Toycat/SToCorpus-88M,6f699f128416e8d55d6ab74976e964caec98b157,cellxgene/32ebbfec-21f5-4f53-8baa-3490646778a2_C57BL6J-2.020.h5ad,1599076571,b912f1784dbe09fbf5e591d09ffccd693a7dbb944edd99ec0c6007f1788f86dc,https://huggingface.co/datasets/Toycat/SToCorpus-88M/resolve/6f699f128416e8d55d6ab74976e964caec98b157/cellxgene/32ebbfec-21f5-4f53-8baa-3490646778a2_C57BL6J-2.020.h5ad
Toycat/SToCorpus-88M,6f699f128416e8d55d6ab74976e964caec98b157,cellxgene/32ebbfec-21f5-4f53-8baa-3490646778a2_C57BL6J-2.021.h5ad,1623904807,ced26b2faaab3e713530358848c08e11f720009dff5647f1df3f38bb884b2296,https://huggingface.co/datasets/Toycat/SToCorpus-88M/resolve/6f699f128416e8d55d6ab74976e964caec98b157/cellxgene/32ebbfec-21f5-4f53-8baa-3490646778a2_C57BL6J-2.021.h5ad
Toycat/SToCorpus-88M,6f699f128416e8d55d6ab74976e964caec98b157,cellxgene/32ebbfec-21f5-4f53-8baa-3490646778a2_C57BL6J-2.022.h5ad,1849138567,1a08b6a1d6804f5a86edd8900461abb11905a66a76f3a906b58ad8f268ea778d,https://huggingface.co/datasets/Toycat/SToCorpus-88M/resolve/6f699f128416e8d55d6ab74976e964caec98b157/cellxgene/32ebbfec-21f5-4f53-8baa-3490646778a2_C57BL6J-2.022.h5ad
Toycat/SToCorpus-88M,6f699f128416e8d55d6ab74976e964caec98b157,cellxgene/32ebbfec-21f5-4f53-8baa-3490646778a2_C57BL6J-2.023.h5ad,2523371115,63b08d359798fe82524e46a652d898f20a64b3a0821c7468e50863375cca3b8a,https://huggingface.co/datasets/Toycat/SToCorpus-88M/resolve/6f699f128416e8d55d6ab74976e964caec98b157/cellxgene/32ebbfec-21f5-4f53-8baa-3490646778a2_C57BL6J-2.023.h5ad
Toycat/SToCorpus-88M,6f699f128416e8d55d6ab74976e964caec98b157,cellxgene/32ebbfec-21f5-4f53-8baa-3490646778a2_C57BL6J-2.025.h5ad,3075752975,5a70d62a5aad2dabfd409e1052f693fdb625e278dcdd134bb88e2e0587923fdb,https://huggingface.co/datasets/Toycat/SToCorpus-88M/resolve/6f699f128416e8d55d6ab74976e964caec98b157/cellxgene/32ebbfec-21f5-4f53-8baa-3490646778a2_C57BL6J-2.025.h5ad
Toycat/SToCorpus-88M,6f699f128416e8d55d6ab74976e964caec98b157,cellxgene/32ebbfec-21f5-4f53-8baa-3490646778a2_C57BL6J-2.026.h5ad,2616279535,fb26bd3eb6f8d2385eda7836f88487a61801cd33a5f7f0319861791332f509f3,https://huggingface.co/datasets/Toycat/SToCorpus-88M/resolve/6f699f128416e8d55d6ab74976e964caec98b157/cellxgene/32ebbfec-21f5-4f53-8baa-3490646778a2_C57BL6J-2.026.h5ad
Toycat/SToCorpus-88M,6f699f128416e8d55d6ab74976e964caec98b157,cellxgene/32ebbfec-21f5-4f53-8baa-3490646778a2_C57BL6J-2.027.h5ad,2350361543,f0373ba1015a9e4681ec2d72b0f99b7f9d070a42a89620baf6d3a9e90647229d,https://huggingface.co/datasets/Toycat/SToCorpus-88M/resolve/6f699f128416e8d55d6ab74976e964caec98b157/cellxgene/32ebbfec-21f5-4f53-8baa-3490646778a2_C57BL6J-2.027.h5ad
Toycat/SToCorpus-88M,6f699f128416e8d55d6ab74976e964caec98b157,cellxgene/32ebbfec-21f5-4f53-8baa-3490646778a2_C57BL6J-2.028.h5ad,3174981627,a902e112a39ecb1186ecc542e32d3301c72e166ca7809c3c138c2382af74b144,https://huggingface.co/datasets/Toycat/SToCorpus-88M/resolve/6f699f128416e8d55d6ab74976e964caec98b157/cellxgene/32ebbfec-21f5-4f53-8baa-3490646778a2_C57BL6J-2.028.h5ad
Toycat/SToCorpus-88M,6f699f128416e8d55d6ab74976e964caec98b157,cellxgene/32ebbfec-21f5-4f53-8baa-3490646778a2_C57BL6J-2.030.h5ad,3377621243,61b92aa5f6011d5f84469a2aad76d226791b9819b8e1acb418c6f3f1afbe06cf,https://huggingface.co/datasets/Toycat/SToCorpus-88M/resolve/6f699f128416e8d55d6ab74976e964caec98b157/cellxgene/32ebbfec-21f5-4f53-8baa-3490646778a2_C57BL6J-2.030.h5ad
Toycat/SToCorpus-88M,6f699f128416e8d55d6ab74976e964caec98b157,cellxgene/32ebbfec-21f5-4f53-8baa-3490646778a2_C57BL6J-2.031.h5ad,3113312534,2ae47003467675ccc797503e6e39e3a3f10ac4ec85ffa390a20a00f63d78ec37,https://huggingface.co/datasets/Toycat/SToCorpus-88M/resolve/6f699f128416e8d55d6ab74976e964caec98b157/cellxgene/32ebbfec-21f5-4f53-8baa-3490646778a2_C57BL6J-2.031.h5ad
Toycat/SToCorpus-88M,6f699f128416e8d55d6ab74976e964caec98b157,cellxgene/32ebbfec-21f5-4f53-8baa-3490646778a2_C57BL6J-2.032.h5ad,2472881416,2519eeb8da969eae319eb4fd5304ec62598d85fd9d3d2e59cb5a08f45aa7ce24,https://huggingface.co/datasets/Toycat/SToCorpus-88M/resolve/6f699f128416e8d55d6ab74976e964caec98b157/cellxgene/32ebbfec-21f5-4f53-8baa-3490646778a2_C57BL6J-2.032.h5ad
Toycat/SToCorpus-88M,6f699f128416e8d55d6ab74976e964caec98b157,cellxgene/32ebbfec-21f5-4f53-8baa-3490646778a2_C57BL6J-2.033.h5ad,3209415094,ddc24f50d25868d913bf20888d61e15462e2f414d60d14d6489b267833f0c332,https://huggingface.co/datasets/Toycat/SToCorpus-88M/resolve/6f699f128416e8d55d6ab74976e964caec98b157/cellxgene/32ebbfec-21f5-4f53-8baa-3490646778a2_C57BL6J-2.033.h5ad
Toycat/SToCorpus-88M,6f699f128416e8d55d6ab74976e964caec98b157,cellxgene/32ebbfec-21f5-4f53-8baa-3490646778a2_C57BL6J-2.034.h5ad,3670791410,6f2121245c2141f2d82eb20a4c26a72cbb0208fc1a492356f46b9547c8892e54,https://huggingface.co/datasets/Toycat/SToCorpus-88M/resolve/6f699f128416e8d55d6ab74976e964caec98b157/cellxgene/32ebbfec-21f5-4f53-8baa-3490646778a2_C57BL6J-2.034.h5ad
Toycat/SToCorpus-88M,6f699f128416e8d55d6ab74976e964caec98b157,cellxgene/32ebbfec-21f5-4f53-8baa-3490646778a2_C57BL6J-2.035.h5ad,2274350927,4503674a549a10e970fe985ce9adc076cd990405d4418d559344092cc7338653,https://huggingface.co/datasets/Toycat/SToCorpus-88M/resolve/6f699f128416e8d55d6ab74976e964caec98b157/cellxgene/32ebbfec-21f5-4f53-8baa-3490646778a2_C57BL6J-2.035.h5ad
Toycat/SToCorpus-88M,6f699f128416e8d55d6ab74976e964caec98b157,cellxgene/32ebbfec-21f5-4f53-8baa-3490646778a2_C57BL6J-2.036.h5ad,3449845452,612c8a4604749737a3a0191db07a9780c4d24be234b883c72c83435d1a7c9701,https://huggingface.co/datasets/Toycat/SToCorpus-88M/resolve/6f699f128416e8d55d6ab74976e964caec98b157/cellxgene/32ebbfec-21f5-4f53-8baa-3490646778a2_C57BL6J-2.036.h5ad
Toycat/SToCorpus-88M,6f699f128416e8d55d6ab74976e964caec98b157,cellxgene/32ebbfec-21f5-4f53-8baa-3490646778a2_C57BL6J-2.037.h5ad,2570853995,a5feb07a7ef21458cc29f9b9a3ccd57fd3bb422635788057fe956dbf2cae1165,https://huggingface.co/datasets/Toycat/SToCorpus-88M/resolve/6f699f128416e8d55d6ab74976e964caec98b157/cellxgene/32ebbfec-21f5-4f53-8baa-3490646778a2_C57BL6J-2.037.h5ad
Toycat/SToCorpus-88M,6f699f128416e8d55d6ab74976e964caec98b157,cellxgene/32ebbfec-21f5-4f53-8baa-3490646778a2_C57BL6J-2.039.h5ad,3801473048,abbf4b6bd9fb0d1a1f4c394f3ed3f5a0974d1831e0c5dea5343898e56ec999f3,https://huggingface.co/datasets/Toycat/SToCorpus-88M/resolve/6f699f128416e8d55d6ab74976e964caec98b157/cellxgene/32ebbfec-21f5-4f53-8baa-3490646778a2_C57BL6J-2.039.h5ad
Toycat/SToCorpus-88M,6f699f128416e8d55d6ab74976e964caec98b157,cellxgene/32ebbfec-21f5-4f53-8baa-3490646778a2_C57BL6J-2.040.h5ad,2449774887,f765ce55bb9e9fb6b5104533f2ade21c1c46295625c8782ac515f5ca21c72b7a,https://huggingface.co/datasets/Toycat/SToCorpus-88M/resolve/6f699f128416e8d55d6ab74976e964caec98b157/cellxgene/32ebbfec-21f5-4f53-8baa-3490646778a2_C57BL6J-2.040.h5ad
Toycat/SToCorpus-88M,6f699f128416e8d55d6ab74976e964caec98b157,cellxgene/32ebbfec-21f5-4f53-8baa-3490646778a2_C57BL6J-2.041.h5ad,3264731453,9b2c4ad5b55d5a3a0e2ed5859751b11cbf65344d8f80670d4b917b6e7cb698ba,https://huggingface.co/datasets/Toycat/SToCorpus-88M/resolve/6f699f128416e8d55d6ab74976e964caec98b157/cellxgene/32ebbfec-21f5-4f53-8baa-3490646778a2_C57BL6J-2.041.h5ad
Toycat/SToCorpus-88M,6f699f128416e8d55d6ab74976e964caec98b157,cellxgene/32ebbfec-21f5-4f53-8baa-3490646778a2_C57BL6J-2.042.h5ad,2372127408,5d5bd09bc590875cc47376c43a777f59f503572824437092def192b50e0ad094,https://huggingface.co/datasets/Toycat/SToCorpus-88M/resolve/6f699f128416e8d55d6ab74976e964caec98b157/cellxgene/32ebbfec-21f5-4f53-8baa-3490646778a2_C57BL6J-2.042.h5ad
Toycat/SToCorpus-88M,6f699f128416e8d55d6ab74976e964caec98b157,cellxgene/32ebbfec-21f5-4f53-8baa-3490646778a2_C57BL6J-2.044.h5ad,3073162014,1167988fb4265fe39299bdd9dba807edba9ef0827682481b654424285492b701,https://huggingface.co/datasets/Toycat/SToCorpus-88M/resolve/6f699f128416e8d55d6ab74976e964caec98b157/cellxgene/32ebbfec-21f5-4f53-8baa-3490646778a2_C57BL6J-2.044.h5ad
Toycat/SToCorpus-88M,6f699f128416e8d55d6ab74976e964caec98b157,cellxgene/32ebbfec-21f5-4f53-8baa-3490646778a2_C57BL6J-2.045.h5ad,3020934419,68dc8ed7616ea42231ab4525830d1690b7da624307df298bba886df39cb8c27a,https://huggingface.co/datasets/Toycat/SToCorpus-88M/resolve/6f699f128416e8d55d6ab74976e964caec98b157/cellxgene/32ebbfec-21f5-4f53-8baa-3490646778a2_C57BL6J-2.045.h5ad
Toycat/SToCorpus-88M,6f699f128416e8d55d6ab74976e964caec98b157,cellxgene/32ebbfec-21f5-4f53-8baa-3490646778a2_C57BL6J-2.046.h5ad,2082175371,66045289ee8b3bc9d1fe12f403b56dd360c492a9d63c07019794ccc3d3049d9d,https://huggingface.co/datasets/Toycat/SToCorpus-88M/resolve/6f699f128416e8d55d6ab74976e964caec98b157/cellxgene/32ebbfec-21f5-4f53-8baa-3490646778a2_C57BL6J-2.046.h5ad
Toycat/SToCorpus-88M,6f699f128416e8d55d6ab74976e964caec98b157,cellxgene/32ebbfec-21f5-4f53-8baa-3490646778a2_C57BL6J-2.047.h5ad,2862416078,da03921597515933ef36fd0a91068f7ef90d9aa3513f51859ac272f4bf2ed3ed,https://huggingface.co/datasets/Toycat/SToCorpus-88M/resolve/6f699f128416e8d55d6ab74976e964caec98b157/cellxgene/32ebbfec-21f5-4f53-8baa-3490646778a2_C57BL6J-2.047.h5ad
Toycat/SToCorpus-88M,6f699f128416e8d55d6ab74976e964caec98b157,cellxgene/32ebbfec-21f5-4f53-8baa-3490646778a2_C57BL6J-2.048.h5ad,1981689164,bc6830712132af34fe833291a5d9dbe91ecdf4bf34753846534acef1e582a3f9,https://huggingface.co/datasets/Toycat/SToCorpus-88M/resolve/6f699f128416e8d55d6ab74976e964caec98b157/cellxgene/32ebbfec-21f5-4f53-8baa-3490646778a2_C57BL6J-2.048.h5ad
Toycat/SToCorpus-88M,6f699f128416e8d55d6ab74976e964caec98b157,cellxgene/32ebbfec-21f5-4f53-8baa-3490646778a2_C57BL6J-2.049.h5ad,2910215022,ba41ed20ded33c8840b9a8ffec5275e496a24e01f3fa810c6b25775bb46b41f2,https://huggingface.co/datasets/Toycat/SToCorpus-88M/resolve/6f699f128416e8d55d6ab74976e964caec98b157/cellxgene/32ebbfec-21f5-4f53-8baa-3490646778a2_C57BL6J-2.049.h5ad
Toycat/SToCorpus-88M,6f699f128416e8d55d6ab74976e964caec98b157,cellxgene/32ebbfec-21f5-4f53-8baa-3490646778a2_C57BL6J-2.050.h5ad,3028083727,1be682cb0c54e0efc59a0801667f4dcae65a874cf817ca9e6cac09747917ef3a,https://huggingface.co/datasets/Toycat/SToCorpus-88M/resolve/6f699f128416e8d55d6ab74976e964caec98b157/cellxgene/32ebbfec-21f5-4f53-8baa-3490646778a2_C57BL6J-2.050.h5ad
Toycat/SToCorpus-88M,6f699f128416e8d55d6ab74976e964caec98b157,cellxgene/32ebbfec-21f5-4f53-8baa-3490646778a2_C57BL6J-2.051.h5ad,1944719363,3abf43c2038ec9b31f22f770db3d039c7c4c94e43dfa9bf94fc116bb81d81b65,https://huggingface.co/datasets/Toycat/SToCorpus-88M/resolve/6f699f128416e8d55d6ab74976e964caec98b157/cellxgene/32ebbfec-21f5-4f53-8baa-3490646778a2_C57BL6J-2.051.h5ad
Toycat/SToCorpus-88M,6f699f128416e8d55d6ab74976e964caec98b157,cellxgene/32ebbfec-21f5-4f53-8baa-3490646778a2_C57BL6J-2.052.h5ad,2346912739,063bb6060bd8ef01b248dbb7d6b9ed4cd89fc565d021ef97ff38ddae6c33ed00,https://huggingface.co/datasets/Toycat/SToCorpus-88M/resolve/6f699f128416e8d55d6ab74976e964caec98b157/cellxgene/32ebbfec-21f5-4f53-8baa-3490646778a2_C57BL6J-2.052.h5ad
Toycat/SToCorpus-88M,6f699f128416e8d55d6ab74976e964caec98b157,cellxgene/32ebbfec-21f5-4f53-8baa-3490646778a2_C57BL6J-2.053.h5ad,1628220791,6b5e267f32c33a9f8bb56590f5a9e8f48e36266b08f485a14e6063f9b2f826c4,https://huggingface.co/datasets/Toycat/SToCorpus-88M/resolve/6f699f128416e8d55d6ab74976e964caec98b157/cellxgene/32ebbfec-21f5-4f53-8baa-3490646778a2_C57BL6J-2.053.h5ad
Toycat/SToCorpus-88M,6f699f128416e8d55d6ab74976e964caec98b157,cellxgene/32ebbfec-21f5-4f53-8baa-3490646778a2_C57BL6J-2.054.h5ad,2426152899,af022f3df436f6db671be395c8ecba6438f729378f8856998c7ff7d11e504af4,https://huggingface.co/datasets/Toycat/SToCorpus-88M/resolve/6f699f128416e8d55d6ab74976e964caec98b157/cellxgene/32ebbfec-21f5-4f53-8baa-3490646778a2_C57BL6J-2.054.h5ad
Toycat/SToCorpus-88M,6f699f128416e8d55d6ab74976e964caec98b157,cellxgene/32ebbfec-21f5-4f53-8baa-3490646778a2_C57BL6J-2.055.h5ad,2114766391,29f2871e731b3120940701451589c5c9da295a3f7a1126fff3975c8c3c6254e5,https://huggingface.co/datasets/Toycat/SToCorpus-88M/resolve/6f699f128416e8d55d6ab74976e964caec98b157/cellxgene/32ebbfec-21f5-4f53-8baa-3490646778a2_C57BL6J-2.055.h5ad
Toycat/SToCorpus-88M,6f699f128416e8d55d6ab74976e964caec98b157,cellxgene/32ebbfec-21f5-4f53-8baa-3490646778a2_C57BL6J-2.056.h5ad,1469895243,e5a475e1888e1f5bde84778760b520a3a13f95a22869ad0ed3656f152d7f2cbd,https://huggingface.co/datasets/Toycat/SToCorpus-88M/resolve/6f699f128416e8d55d6ab74976e964caec98b157/cellxgene/32ebbfec-21f5-4f53-8baa-3490646778a2_C57BL6J-2.056.h5ad
Toycat/SToCorpus-88M,6f699f128416e8d55d6ab74976e964caec98b157,cellxgene/32ebbfec-21f5-4f53-8baa-3490646778a2_C57BL6J-2.057.h5ad,2150865751,7eb730390d387c67f37507d5e57bcf920f24b14528e5d92209474d47f797b0a6,https://huggingface.co/datasets/Toycat/SToCorpus-88M/resolve/6f699f128416e8d55d6ab74976e964caec98b157/cellxgene/32ebbfec-21f5-4f53-8baa-3490646778a2_C57BL6J-2.057.h5ad
Toycat/SToCorpus-88M,6f699f128416e8d55d6ab74976e964caec98b157,cellxgene/32ebbfec-21f5-4f53-8baa-3490646778a2_C57BL6J-2.058.h5ad,1390582747,2f461748927af73671548b0a490ac50e8734d3fa7a0713107d2e0c0b9f1ac9f6,https://huggingface.co/datasets/Toycat/SToCorpus-88M/resolve/6f699f128416e8d55d6ab74976e964caec98b157/cellxgene/32ebbfec-21f5-4f53-8baa-3490646778a2_C57BL6J-2.058.h5ad
Toycat/SToCorpus-88M,6f699f128416e8d55d6ab74976e964caec98b157,cellxgene/32ebbfec-21f5-4f53-8baa-3490646778a2_C57BL6J-2.059.h5ad,1915640399,18a20c8dd80fab1aa83a67abb2cadc6aeb39014a1b572a55ed675bb93523f0d9,https://huggingface.co/datasets/Toycat/SToCorpus-88M/resolve/6f699f128416e8d55d6ab74976e964caec98b157/cellxgene/32ebbfec-21f5-4f53-8baa-3490646778a2_C57BL6J-2.059.h5ad
Toycat/SToCorpus-88M,6f699f128416e8d55d6ab74976e964caec98b157,cellxgene/32ebbfec-21f5-4f53-8baa-3490646778a2_C57BL6J-2.060.h5ad,1372383807,f308620f45982c60dd7a04addb23433aad83580c8e66cc18fc03d89778263e32,https://huggingface.co/datasets/Toycat/SToCorpus-88M/resolve/6f699f128416e8d55d6ab74976e964caec98b157/cellxgene/32ebbfec-21f5-4f53-8baa-3490646778a2_C57BL6J-2.060.h5ad
Toycat/SToCorpus-88M,6f699f128416e8d55d6ab74976e964caec98b157,cellxgene/32ebbfec-21f5-4f53-8baa-3490646778a2_C57BL6J-2.061.h5ad,1801061395,1446fa69ed2391fb69023d480205f9a7cd018dd9d667bfafe70f07cc1e3caa2d,https://huggingface.co/datasets/Toycat/SToCorpus-88M/resolve/6f699f128416e8d55d6ab74976e964caec98b157/cellxgene/32ebbfec-21f5-4f53-8baa-3490646778a2_C57BL6J-2.061.h5ad
Toycat/SToCorpus-88M,6f699f128416e8d55d6ab74976e964caec98b157,cellxgene/32ebbfec-21f5-4f53-8baa-3490646778a2_C57BL6J-2.062.h5ad,1649940527,0d33a7cedd3a0071ebbdc4ee460bb25afb91daa07400954b9b78e044ddef0450,https://huggingface.co/datasets/Toycat/SToCorpus-88M/resolve/6f699f128416e8d55d6ab74976e964caec98b157/cellxgene/32ebbfec-21f5-4f53-8baa-3490646778a2_C57BL6J-2.062.h5ad
Toycat/SToCorpus-88M,6f699f128416e8d55d6ab74976e964caec98b157,cellxgene/32ebbfec-21f5-4f53-8baa-3490646778a2_C57BL6J-2.063.h5ad,1745882503,ca15efc393a3f0d1abdb750595293e20867bffd6c45141e71cc5c0c7e375caac,https://huggingface.co/datasets/Toycat/SToCorpus-88M/resolve/6f699f128416e8d55d6ab74976e964caec98b157/cellxgene/32ebbfec-21f5-4f53-8baa-3490646778a2_C57BL6J-2.063.h5ad
Toycat/SToCorpus-88M,6f699f128416e8d55d6ab74976e964caec98b157,cellxgene/32ebbfec-21f5-4f53-8baa-3490646778a2_C57BL6J-2.065.h5ad,1658078671,c4c4494a4511ee45138eb9e463fd5219fe59e5517b6e1188187079de9dbf77d5,https://huggingface.co/datasets/Toycat/SToCorpus-88M/resolve/6f699f128416e8d55d6ab74976e964caec98b157/cellxgene/32ebbfec-21f5-4f53-8baa-3490646778a2_C57BL6J-2.065.h5ad
Toycat/SToCorpus-88M,6f699f128416e8d55d6ab74976e964caec98b157,cellxgene/32ebbfec-21f5-4f53-8baa-3490646778a2_C57BL6J-2.066.h5ad,1729232723,b6f272454f981112a42613298ed2bdc110b9224ca178be0895a62fd1347551b4,https://huggingface.co/datasets/Toycat/SToCorpus-88M/resolve/6f699f128416e8d55d6ab74976e964caec98b157/cellxgene/32ebbfec-21f5-4f53-8baa-3490646778a2_C57BL6J-2.066.h5ad
Toycat/SToCorpus-88M,6f699f128416e8d55d6ab74976e964caec98b157,cellxgene/32ebbfec-21f5-4f53-8baa-3490646778a2_C57BL6J-2.067.h5ad,1701466123,eda4f615f7c3790c00cb6f96729509dc72321aff15981f7cab15de2d818159b1,https://huggingface.co/datasets/Toycat/SToCorpus-88M/resolve/6f699f128416e8d55d6ab74976e964caec98b157/cellxgene/32ebbfec-21f5-4f53-8baa-3490646778a2_C57BL6J-2.067.h5ad
Toycat/SToCorpus-88M,6f699f128416e8d55d6ab74976e964caec98b157,cellxgene/32ebbfec-21f5-4f53-8baa-3490646778a2_C57BL6J-2.070.h5ad,1188980511,985f9c3b9fa1428818cfd4283e9a34b197ead9271ccf6384da685c0044131fc7,https://huggingface.co/datasets/Toycat/SToCorpus-88M/resolve/6f699f128416e8d55d6ab74976e964caec98b157/cellxgene/32ebbfec-21f5-4f53-8baa-3490646778a2_C57BL6J-2.070.h5ad
Toycat/SToCorpus-88M,6f699f128416e8d55d6ab74976e964caec98b157,cellxgene/32ebbfec-21f5-4f53-8baa-3490646778a2_C57BL6J-2.071.h5ad,1354151587,105ebae701cc6b3fef410205293f7756f59520b66a08a4fdbe77b2400faac59f,https://huggingface.co/datasets/Toycat/SToCorpus-88M/resolve/6f699f128416e8d55d6ab74976e964caec98b157/cellxgene/32ebbfec-21f5-4f53-8baa-3490646778a2_C57BL6J-2.071.h5ad
Toycat/SToCorpus-88M,6f699f128416e8d55d6ab74976e964caec98b157,cellxgene/32ebbfec-21f5-4f53-8baa-3490646778a2_C57BL6J-2.072.h5ad,1039702187,2ecdaeee9ea519045f72de1e094863f76e63cb97913ac92c8ababd6b57f0481d,https://huggingface.co/datasets/Toycat/SToCorpus-88M/resolve/6f699f128416e8d55d6ab74976e964caec98b157/cellxgene/32ebbfec-21f5-4f53-8baa-3490646778a2_C57BL6J-2.072.h5ad
Toycat/SToCorpus-88M,6f699f128416e8d55d6ab74976e964caec98b157,cellxgene/32ebbfec-21f5-4f53-8baa-3490646778a2_C57BL6J-2.073.h5ad,1479113023,44879fc942b09667e38ff72516a4441e2f2139c15802cf56f28cdaacc16c1eae,https://huggingface.co/datasets/Toycat/SToCorpus-88M/resolve/6f699f128416e8d55d6ab74976e964caec98b157/cellxgene/32ebbfec-21f5-4f53-8baa-3490646778a2_C57BL6J-2.073.h5ad
Toycat/SToCorpus-88M,6f699f128416e8d55d6ab74976e964caec98b157,cellxgene/34d07293-7446-4e7f-a1ae-82fb6f16c2bb.h5ad,36102807,a2bff40fa5c1077791a19665b5fc1fe6ab79502abd4119e187612990459c3d2b,https://huggingface.co/datasets/Toycat/SToCorpus-88M/resolve/6f699f128416e8d55d6ab74976e964caec98b157/cellxgene/34d07293-7446-4e7f-a1ae-82fb6f16c2bb.h5ad
Toycat/SToCorpus-88M,6f699f128416e8d55d6ab74976e964caec98b157,cellxgene/363ec24a-3e12-43d6-aa1f-bf6a35329b6c.h5ad,37106963,8d84eac1f1204f217bd96d65889982c849d84676f14aaab8a56227f6d4b9ed6b,https://huggingface.co/datasets/Toycat/SToCorpus-88M/resolve/6f699f128416e8d55d6ab74976e964caec98b157/cellxgene/363ec24a-3e12-43d6-aa1f-bf6a35329b6c.h5ad
Toycat/SToCorpus-88M,6f699f128416e8d55d6ab74976e964caec98b157,cellxgene/366dae6d-1564-41d9-acd2-05274f4f9f65.h5ad,132883100,ecc38528f3bb061cf098b728e11011da26d77c84c4c362a71ed9f61c74b693f4,https://huggingface.co/datasets/Toycat/SToCorpus-88M/resolve/6f699f128416e8d55d6ab74976e964caec98b157/cellxgene/366dae6d-1564-41d9-acd2-05274f4f9f65.h5ad
Toycat/SToCorpus-88M,6f699f128416e8d55d6ab74976e964caec98b157,cellxgene/37b3269e-b149-493c-b0d9-70a2809acb17.h5ad,33223179,445725361d255fcf7e4240e90dc2d037ca39ad68b9e9cfd07a582f4ffeb02d6c,https://huggingface.co/datasets/Toycat/SToCorpus-88M/resolve/6f699f128416e8d55d6ab74976e964caec98b157/cellxgene/37b3269e-b149-493c-b0d9-70a2809acb17.h5ad
Toycat/SToCorpus-88M,6f699f128416e8d55d6ab74976e964caec98b157,cellxgene/37eb0910-a088-45dd-91b4-bc0dfd184a4e.h5ad,33334726,d6631cb08382be808c71fd07e6f6c9a2c5f60ce5164d80c39dd653267d84b585,https://huggingface.co/datasets/Toycat/SToCorpus-88M/resolve/6f699f128416e8d55d6ab74976e964caec98b157/cellxgene/37eb0910-a088-45dd-91b4-bc0dfd184a4e.h5ad
Toycat/SToCorpus-88M,6f699f128416e8d55d6ab74976e964caec98b157,cellxgene/39a19741-580a-4fc4-bc2f-d5403983d679.h5ad,22026749,499c1d34188d8b6a2688095b22cddd296a9f5e42e9fcce957cf1cebbdd9bc5ce,https://huggingface.co/datasets/Toycat/SToCorpus-88M/resolve/6f699f128416e8d55d6ab74976e964caec98b157/cellxgene/39a19741-580a-4fc4-bc2f-d5403983d679.h5ad
Toycat/SToCorpus-88M,6f699f128416e8d55d6ab74976e964caec98b157,cellxgene/3b9aa46c-d05c-48d2-9253-9a940ceeedd6.h5ad,2800575879,3fef94142d4813cd4c3c68d39647166e37727039f15131af037d5784c4f1b101,https://huggingface.co/datasets/Toycat/SToCorpus-88M/resolve/6f699f128416e8d55d6ab74976e964caec98b157/cellxgene/3b9aa46c-d05c-48d2-9253-9a940ceeedd6.h5ad
Toycat/SToCorpus-88M,6f699f128416e8d55d6ab74976e964caec98b157,cellxgene/3b9e1db7-ea53-4319-ba8a-3b2c6a4dbd9c.h5ad,16170743,65b4f65ffc6ac906cf28f4f1d79dc32f96daf56ff7e47cce60739468542ae2a1,https://huggingface.co/datasets/Toycat/SToCorpus-88M/resolve/6f699f128416e8d55d6ab74976e964caec98b157/cellxgene/3b9e1db7-ea53-4319-ba8a-3b2c6a4dbd9c.h5ad
Toycat/SToCorpus-88M,6f699f128416e8d55d6ab74976e964caec98b157,cellxgene/3c075737-cbe7-44e6-9f5f-eb11bdbf1d9e.h5ad,24309708,9e63a1cc4c625e145bca2749478998676e37694ebc3c816c111d6d1efa0ed745,https://huggingface.co/datasets/Toycat/SToCorpus-88M/resolve/6f699f128416e8d55d6ab74976e964caec98b157/cellxgene/3c075737-cbe7-44e6-9f5f-eb11bdbf1d9e.h5ad
Toycat/SToCorpus-88M,6f699f128416e8d55d6ab74976e964caec98b157,cellxgene/3d1385f0-470d-4732-b0d4-6690763624a5.h5ad,16353318,ee2d55ba73cd6aedb0306e6b135e6910f5bd874ac9060cd5ae1347338b6f6f2e,https://huggingface.co/datasets/Toycat/SToCorpus-88M/resolve/6f699f128416e8d55d6ab74976e964caec98b157/cellxgene/3d1385f0-470d-4732-b0d4-6690763624a5.h5ad
Toycat/SToCorpus-88M,6f699f128416e8d55d6ab74976e964caec98b157,cellxgene/40701467-8ba1-49ce-9ad9-401ad52f11a5.h5ad,5919511,8bda8a2a22742722b8d74b2871e61c44244f995abbe6f0be18b9033371eeec02,https://huggingface.co/datasets/Toycat/SToCorpus-88M/resolve/6f699f128416e8d55d6ab74976e964caec98b157/cellxgene/40701467-8ba1-49ce-9ad9-401ad52f11a5.h5ad
Toycat/SToCorpus-88M,6f699f128416e8d55d6ab74976e964caec98b157,cellxgene/41a9343d-259d-4d82-b533-370aa8c1abb4.h5ad,17094141,196f35e3654e2699ce945ab55ce80de9fd2800d3da4ec18a7bc83b8d5abb19b8,https://huggingface.co/datasets/Toycat/SToCorpus-88M/resolve/6f699f128416e8d55d6ab74976e964caec98b157/cellxgene/41a9343d-259d-4d82-b533-370aa8c1abb4.h5ad
Toycat/SToCorpus-88M,6f699f128416e8d55d6ab74976e964caec98b157,cellxgene/422e12f1-4ab9-4883-9cc6-76b9f05a533b.h5ad,30765309,7bbfa4b915a53b9174e29d7fdb29be3e17e8297fbc61bcea9138510e12f50fdf,https://huggingface.co/datasets/Toycat/SToCorpus-88M/resolve/6f699f128416e8d55d6ab74976e964caec98b157/cellxgene/422e12f1-4ab9-4883-9cc6-76b9f05a533b.h5ad
Toycat/SToCorpus-88M,6f699f128416e8d55d6ab74976e964caec98b157,cellxgene/427090ae-5e21-421f-b178-e66a930ca63c_C57BL6J-2.001.h5ad,17602303,01ce359f432cf848c0b82a4e7dd24549ba5095da84d2a68bc520e74afbd02078,https://huggingface.co/datasets/Toycat/SToCorpus-88M/resolve/6f699f128416e8d55d6ab74976e964caec98b157/cellxgene/427090ae-5e21-421f-b178-e66a930ca63c_C57BL6J-2.001.h5ad
Toycat/SToCorpus-88M,6f699f128416e8d55d6ab74976e964caec98b157,cellxgene/427090ae-5e21-421f-b178-e66a930ca63c_C57BL6J-2.002.h5ad,18589974,7c137aab022d92ebeee3ea060bf771bb171af8475035d4a79005a23e05f082a6,https://huggingface.co/datasets/Toycat/SToCorpus-88M/resolve/6f699f128416e8d55d6ab74976e964caec98b157/cellxgene/427090ae-5e21-421f-b178-e66a930ca63c_C57BL6J-2.002.h5ad
Toycat/SToCorpus-88M,6f699f128416e8d55d6ab74976e964caec98b157,cellxgene/427090ae-5e21-421f-b178-e66a930ca63c_C57BL6J-2.003.h5ad,14007759,a01f5c54856a780cbcee87874d580963da7ea616e88039a4620979ca0ebf83bf,https://huggingface.co/datasets/Toycat/SToCorpus-88M/resolve/6f699f128416e8d55d6ab74976e964caec98b157/cellxgene/427090ae-5e21-421f-b178-e66a930ca63c_C57BL6J-2.003.h5ad
Toycat/SToCorpus-88M,6f699f128416e8d55d6ab74976e964caec98b157,cellxgene/427090ae-5e21-421f-b178-e66a930ca63c_C57BL6J-2.004.h5ad,33524858,58738003c03c0d5304840615faab29967a0e98861515ee9401ff6ee9d03ccecf,https://huggingface.co/datasets/Toycat/SToCorpus-88M/resolve/6f699f128416e8d55d6ab74976e964caec98b157/cellxgene/427090ae-5e21-421f-b178-e66a930ca63c_C57BL6J-2.004.h5ad
Toycat/SToCorpus-88M,6f699f128416e8d55d6ab74976e964caec98b157,cellxgene/427090ae-5e21-421f-b178-e66a930ca63c_C57BL6J-2.005.h5ad,34194898,320ffe1d76ca55425525dacd16f4e61cd36741a1f566ca5f3fc2223c8f8d22b5,https://huggingface.co/datasets/Toycat/SToCorpus-88M/resolve/6f699f128416e8d55d6ab74976e964caec98b157/cellxgene/427090ae-5e21-421f-b178-e66a930ca63c_C57BL6J-2.005.h5ad
Toycat/SToCorpus-88M,6f699f128416e8d55d6ab74976e964caec98b157,cellxgene/427090ae-5e21-421f-b178-e66a930ca63c_C57BL6J-2.006.h5ad,40748632,a2930e5f39e34f2bb5738f8811c0d195a4ec6504f0e11056bdd4c5a41edf0792,https://huggingface.co/datasets/Toycat/SToCorpus-88M/resolve/6f699f128416e8d55d6ab74976e964caec98b157/cellxgene/427090ae-5e21-421f-b178-e66a930ca63c_C57BL6J-2.006.h5ad
Toycat/SToCorpus-88M,6f699f128416e8d55d6ab74976e964caec98b157,cellxgene/427090ae-5e21-421f-b178-e66a930ca63c_C57BL6J-2.007.h5ad,41384353,25569a069d3c1010f54599502f4e10c85fc737104ccdaf1e90246b0410c2ad8b,https://huggingface.co/datasets/Toycat/SToCorpus-88M/resolve/6f699f128416e8d55d6ab74976e964caec98b157/cellxgene/427090ae-5e21-421f-b178-e66a930ca63c_C57BL6J-2.007.h5ad
Toycat/SToCorpus-88M,6f699f128416e8d55d6ab74976e964caec98b157,cellxgene/427090ae-5e21-421f-b178-e66a930ca63c_C57BL6J-2.008.h5ad,24596034,745af25aae8a51697dccadb763090a867586f85f514a12eccbfec016b12907a0,https://huggingface.co/datasets/Toycat/SToCorpus-88M/resolve/6f699f128416e8d55d6ab74976e964caec98b157/cellxgene/427090ae-5e21-421f-b178-e66a930ca63c_C57BL6J-2.008.h5ad
Toycat/SToCorpus-88M,6f699f128416e8d55d6ab74976e964caec98b157,cellxgene/427090ae-5e21-421f-b178-e66a930ca63c_C57BL6J-2.009.h5ad,45423101,4e4f450f4baae96fade31f253fed2323e0d3cb6994ff625c06d5fc0b724a81b4,https://huggingface.co/datasets/Toycat/SToCorpus-88M/resolve/6f699f128416e8d55d6ab74976e964caec98b157/cellxgene/427090ae-5e21-421f-b178-e66a930ca63c_C57BL6J-2.009.h5ad
Toycat/SToCorpus-88M,6f699f128416e8d55d6ab74976e964caec98b157,cellxgene/427090ae-5e21-421f-b178-e66a930ca63c_C57BL6J-2.010.h5ad,37419037,5a771f6e385c3782505c689cc94e19bfb34e7ed8f9ed71f9b17ade9ee1bc012e,https://huggingface.co/datasets/Toycat/SToCorpus-88M/resolve/6f699f128416e8d55d6ab74976e964caec98b157/cellxgene/427090ae-5e21-421f-b178-e66a930ca63c_C57BL6J-2.010.h5ad
Toycat/SToCorpus-88M,6f699f128416e8d55d6ab74976e964caec98b157,cellxgene/427090ae-5e21-421f-b178-e66a930ca63c_C57BL6J-2.011.h5ad,36935916,f95e44e8121bd4732c74a38f33d36d1494aadf1f4f0d0dc653b0ef0611ee9a8d,https://huggingface.co/datasets/Toycat/SToCorpus-88M/resolve/6f699f128416e8d55d6ab74976e964caec98b157/cellxgene/427090ae-5e21-421f-b178-e66a930ca63c_C57BL6J-2.011.h5ad
Toycat/SToCorpus-88M,6f699f128416e8d55d6ab74976e964caec98b157,cellxgene/427090ae-5e21-421f-b178-e66a930ca63c_C57BL6J-2.012.h5ad,26586261,85b2f96427418454c04935fb2bd09f30a70864a2af57499ddd2b08763c68e41c,https://huggingface.co/datasets/Toycat/SToCorpus-88M/resolve/6f699f128416e8d55d6ab74976e964caec98b157/cellxgene/427090ae-5e21-421f-b178-e66a930ca63c_C57BL6J-2.012.h5ad
Toycat/SToCorpus-88M,6f699f128416e8d55d6ab74976e964caec98b157,cellxgene/427090ae-5e21-421f-b178-e66a930ca63c_C57BL6J-2.013.h5ad,17870658,5ff9c0183d2bafdf39fbb64097bef4b1ae0a0efc8cdfc680254676cb1d4da13d,https://huggingface.co/datasets/Toycat/SToCorpus-88M/resolve/6f699f128416e8d55d6ab74976e964caec98b157/cellxgene/427090ae-5e21-421f-b178-e66a930ca63c_C57BL6J-2.013.h5ad
Toycat/SToCorpus-88M,6f699f128416e8d55d6ab74976e964caec98b157,cellxgene/427090ae-5e21-421f-b178-e66a930ca63c_C57BL6J-2.014.h5ad,31188147,346b5d80ce4a271bf211a97ea1cf1b8fec8ce65951cc9b7677e008ee469e3408,https://huggingface.co/datasets/Toycat/SToCorpus-88M/resolve/6f699f128416e8d55d6ab74976e964caec98b157/cellxgene/427090ae-5e21-421f-b178-e66a930ca63c_C57BL6J-2.014.h5ad
Toycat/SToCorpus-88M,6f699f128416e8d55d6ab74976e964caec98b157,cellxgene/427090ae-5e21-421f-b178-e66a930ca63c_C57BL6J-2.015.h5ad,30017283,e19435ec3b488303cc6dedba31361b4872d82a3b88e1ab7c9d4567a5487e3c10,https://huggingface.co/datasets/Toycat/SToCorpus-88M/resolve/6f699f128416e8d55d6ab74976e964caec98b157/cellxgene/427090ae-5e21-421f-b178-e66a930ca63c_C57BL6J-2.015.h5ad
Toycat/SToCorpus-88M,6f699f128416e8d55d6ab74976e964caec98b157,cellxgene/427090ae-5e21-421f-b178-e66a930ca63c_C57BL6J-2.016.h5ad,37650385,dacb758f27d50789ba88cd13755a120df142e1f79dbce4dc4329ddc844b7535e,https://huggingface.co/datasets/Toycat/SToCorpus-88M/resolve/6f699f128416e8d55d6ab74976e964caec98b157/cellxgene/427090ae-5e21-421f-b178-e66a930ca63c_C57BL6J-2.016.h5ad
Toycat/SToCorpus-88M,6f699f128416e8d55d6ab74976e964caec98b157,cellxgene/427090ae-5e21-421f-b178-e66a930ca63c_C57BL6J-2.017.h5ad,32421127,033d963bfd7b6b97a21c93a5465a01c9ca05fb4b69cdece949502375f1ac6773,https://huggingface.co/datasets/Toycat/SToCorpus-88M/resolve/6f699f128416e8d55d6ab74976e964caec98b157/cellxgene/427090ae-5e21-421f-b178-e66a930ca63c_C57BL6J-2.017.h5ad
Toycat/SToCorpus-88M,6f699f128416e8d55d6ab74976e964caec98b157,cellxgene/427090ae-5e21-421f-b178-e66a930ca63c_C57BL6J-2.018.h5ad,24739590,e7dfec2133a78bf9227e8a92f23eb4b187d77e7a28b57ed4d2a5202713cfe36b,https://huggingface.co/datasets/Toycat/SToCorpus-88M/resolve/6f699f128416e8d55d6ab74976e964caec98b157/cellxgene/427090ae-5e21-421f-b178-e66a930ca63c_C57BL6J-2.018.h5ad
Toycat/SToCorpus-88M,6f699f128416e8d55d6ab74976e964caec98b157,cellxgene/427090ae-5e21-421f-b178-e66a930ca63c_C57BL6J-2.019.h5ad,46083699,cfb3121b608fb3fae2c5bedfbea8b45df6b1767eb66fdc4dc09e03a56db3f8b3,https://huggingface.co/datasets/Toycat/SToCorpus-88M/resolve/6f699f128416e8d55d6ab74976e964caec98b157/cellxgene/427090ae-5e21-421f-b178-e66a930ca63c_C57BL6J-2.019.h5ad
Toycat/SToCorpus-88M,6f699f128416e8d55d6ab74976e964caec98b157,cellxgene/427090ae-5e21-421f-b178-e66a930ca63c_C57BL6J-2.020.h5ad,44301320,4e0492a2ca5a768f0623054fa85a12b1fe7e7108b2cd497f0d6cd3c0c75124ac,https://huggingface.co/datasets/Toycat/SToCorpus-88M/resolve/6f699f128416e8d55d6ab74976e964caec98b157/cellxgene/427090ae-5e21-421f-b178-e66a930ca63c_C57BL6J-2.020.h5ad
Toycat/SToCorpus-88M,6f699f128416e8d55d6ab74976e964caec98b157,cellxgene/427090ae-5e21-421f-b178-e66a930ca63c_C57BL6J-2.021.h5ad,34483068,07584b3a05c127747de33b78868363bc44d8e7ded142501379c8d9ee0b58c505,https://huggingface.co/datasets/Toycat/SToCorpus-88M/resolve/6f699f128416e8d55d6ab74976e964caec98b157/cellxgene/427090ae-5e21-421f-b178-e66a930ca63c_C57BL6J-2.021.h5ad
Toycat/SToCorpus-88M,6f699f128416e8d55d6ab74976e964caec98b157,cellxgene/427090ae-5e21-421f-b178-e66a930ca63c_C57BL6J-2.022.h5ad,38461564,8338fa9b818e03e22bee7715be44d2146c9ed8025e698b8f7a2cfd19243ba28f,https://huggingface.co/datasets/Toycat/SToCorpus-88M/resolve/6f699f128416e8d55d6ab74976e964caec98b157/cellxgene/427090ae-5e21-421f-b178-e66a930ca63c_C57BL6J-2.022.h5ad
Toycat/SToCorpus-88M,6f699f128416e8d55d6ab74976e964caec98b157,cellxgene/427090ae-5e21-421f-b178-e66a930ca63c_C57BL6J-2.023.h5ad,71416400,ce43312dd5d6a5d636b02c582371389e817f690cec9345f78ba620ce19632199,https://huggingface.co/datasets/Toycat/SToCorpus-88M/resolve/6f699f128416e8d55d6ab74976e964caec98b157/cellxgene/427090ae-5e21-421f-b178-e66a930ca63c_C57BL6J-2.023.h5ad
Toycat/SToCorpus-88M,6f699f128416e8d55d6ab74976e964caec98b157,cellxgene/427090ae-5e21-421f-b178-e66a930ca63c_C57BL6J-2.025.h5ad,107211588,a93df8ef7bbfbe9d45f14f7b913dac3656d7db72ec8465150be79a024508e1c7,https://huggingface.co/datasets/Toycat/SToCorpus-88M/resolve/6f699f128416e8d55d6ab74976e964caec98b157/cellxgene/427090ae-5e21-421f-b178-e66a930ca63c_C57BL6J-2.025.h5ad
Toycat/SToCorpus-88M,6f699f128416e8d55d6ab74976e964caec98b157,cellxgene/427090ae-5e21-421f-b178-e66a930ca63c_C57BL6J-2.026.h5ad,56295524,79f98f954e38eb35a60ec615ff2be20ecdeeacc0147276f3bda26bed8536b8f4,https://huggingface.co/datasets/Toycat/SToCorpus-88M/resolve/6f699f128416e8d55d6ab74976e964caec98b157/cellxgene/427090ae-5e21-421f-b178-e66a930ca63c_C57BL6J-2.026.h5ad
Toycat/SToCorpus-88M,6f699f128416e8d55d6ab74976e964caec98b157,cellxgene/427090ae-5e21-421f-b178-e66a930ca63c_C57BL6J-2.027.h5ad,48811004,e16bed5c1e94f04241afc610dd24640744a5522c2412e2fea916510b3d79cd48,https://huggingface.co/datasets/Toycat/SToCorpus-88M/resolve/6f699f128416e8d55d6ab74976e964caec98b157/cellxgene/427090ae-5e21-421f-b178-e66a930ca63c_C57BL6J-2.027.h5ad
Toycat/SToCorpus-88M,6f699f128416e8d55d6ab74976e964caec98b157,cellxgene/427090ae-5e21-421f-b178-e66a930ca63c_C57BL6J-2.028.h5ad,91842992,37715d0547de78eefd12878b895828505083e9d27bd67306007f44cdb2582bb4,https://huggingface.co/datasets/Toycat/SToCorpus-88M/resolve/6f699f128416e8d55d6ab74976e964caec98b157/cellxgene/427090ae-5e21-421f-b178-e66a930ca63c_C57BL6J-2.028.h5ad
Toycat/SToCorpus-88M,6f699f128416e8d55d6ab74976e964caec98b157,cellxgene/427090ae-5e21-421f-b178-e66a930ca63c_C57BL6J-2.030.h5ad,119305008,f300e526bf7fc8678b1c44652dc5f9e87297278aaa8366ad6e13d13ca8e09134,https://huggingface.co/datasets/Toycat/SToCorpus-88M/resolve/6f699f128416e8d55d6ab74976e964caec98b157/cellxgene/427090ae-5e21-421f-b178-e66a930ca63c_C57BL6J-2.030.h5ad
Toycat/SToCorpus-88M,6f699f128416e8d55d6ab74976e964caec98b157,cellxgene/427090ae-5e21-421f-b178-e66a930ca63c_C57BL6J-2.031.h5ad,72939891,accf60bf42f351590a0c6db51b3063625dc145c5d49db401c44d0162bd622ade,https://huggingface.co/datasets/Toycat/SToCorpus-88M/resolve/6f699f128416e8d55d6ab74976e964caec98b157/cellxgene/427090ae-5e21-421f-b178-e66a930ca63c_C57BL6J-2.031.h5ad
Toycat/SToCorpus-88M,6f699f128416e8d55d6ab74976e964caec98b157,cellxgene/427090ae-5e21-421f-b178-e66a930ca63c_C57BL6J-2.032.h5ad,52647485,151b2d173d51dc8020e6a2934a22312bd1028094328b255bf5fcc2fac728925e,https://huggingface.co/datasets/Toycat/SToCorpus-88M/resolve/6f699f128416e8d55d6ab74976e964caec98b157/cellxgene/427090ae-5e21-421f-b178-e66a930ca63c_C57BL6J-2.032.h5ad
Toycat/SToCorpus-88M,6f699f128416e8d55d6ab74976e964caec98b157,cellxgene/427090ae-5e21-421f-b178-e66a930ca63c_C57BL6J-2.033.h5ad,79125547,1d5a42cade070d3e49ed6d2dd7aa6a6b302a448b2e5ed0f2f3f82a6eded25dff,https://huggingface.co/datasets/Toycat/SToCorpus-88M/resolve/6f699f128416e8d55d6ab74976e964caec98b157/cellxgene/427090ae-5e21-421f-b178-e66a930ca63c_C57BL6J-2.033.h5ad
Toycat/SToCorpus-88M,6f699f128416e8d55d6ab74976e964caec98b157,cellxgene/427090ae-5e21-421f-b178-e66a930ca63c_C57BL6J-2.034.h5ad,115373799,46eb3c49c174a4287ae631f42693092e503ddc7cc1d2bc18847f35a58a31f576,https://huggingface.co/datasets/Toycat/SToCorpus-88M/resolve/6f699f128416e8d55d6ab74976e964caec98b157/cellxgene/427090ae-5e21-421f-b178-e66a930ca63c_C57BL6J-2.034.h5ad
Toycat/SToCorpus-88M,6f699f128416e8d55d6ab74976e964caec98b157,cellxgene/427090ae-5e21-421f-b178-e66a930ca63c_C57BL6J-2.035.h5ad,41362351,8bffbe86f313809a2435d4f0a9f48e4adf66849d82321c3b6165054711f38918,https://huggingface.co/datasets/Toycat/SToCorpus-88M/resolve/6f699f128416e8d55d6ab74976e964caec98b157/cellxgene/427090ae-5e21-421f-b178-e66a930ca63c_C57BL6J-2.035.h5ad
Toycat/SToCorpus-88M,6f699f128416e8d55d6ab74976e964caec98b157,cellxgene/427090ae-5e21-421f-b178-e66a930ca63c_C57BL6J-2.036.h5ad,99355329,e31d883d182df43c929ba735c0148c9ddaca5cdc829c6777a9bcca54cc14be7a,https://huggingface.co/datasets/Toycat/SToCorpus-88M/resolve/6f699f128416e8d55d6ab74976e964caec98b157/cellxgene/427090ae-5e21-421f-b178-e66a930ca63c_C57BL6J-2.036.h5ad
Toycat/SToCorpus-88M,6f699f128416e8d55d6ab74976e964caec98b157,cellxgene/427090ae-5e21-421f-b178-e66a930ca63c_C57BL6J-2.037.h5ad,51019360,9cd8defff67474f8d8d1dda9eb5952fe05314e3578d12ff0e52bcfd0f3abc2a3,https://huggingface.co/datasets/Toycat/SToCorpus-88M/resolve/6f699f128416e8d55d6ab74976e964caec98b157/cellxgene/427090ae-5e21-421f-b178-e66a930ca63c_C57BL6J-2.037.h5ad
Toycat/SToCorpus-88M,6f699f128416e8d55d6ab74976e964caec98b157,cellxgene/427090ae-5e21-421f-b178-e66a930ca63c_C57BL6J-2.039.h5ad,115214349,5f613d133a0b7b8df2d5341bb1ed7e69826097065cd44972c076333c7c0ba494,https://huggingface.co/datasets/Toycat/SToCorpus-88M/resolve/6f699f128416e8d55d6ab74976e964caec98b157/cellxgene/427090ae-5e21-421f-b178-e66a930ca63c_C57BL6J-2.039.h5ad
Toycat/SToCorpus-88M,6f699f128416e8d55d6ab74976e964caec98b157,cellxgene/427090ae-5e21-421f-b178-e66a930ca63c_C57BL6J-2.040.h5ad,43533319,0785a984c44c9faa30ed790dfb8c99980ed565a7be7e2893b276c89d5af7b782,https://huggingface.co/datasets/Toycat/SToCorpus-88M/resolve/6f699f128416e8d55d6ab74976e964caec98b157/cellxgene/427090ae-5e21-421f-b178-e66a930ca63c_C57BL6J-2.040.h5ad
Toycat/SToCorpus-88M,6f699f128416e8d55d6ab74976e964caec98b157,cellxgene/427090ae-5e21-421f-b178-e66a930ca63c_C57BL6J-2.041.h5ad,88250674,9a0a3c2b147942b458477f52806d7c5938a1685c00246549a06013e0dd381a2f,https://huggingface.co/datasets/Toycat/SToCorpus-88M/resolve/6f699f128416e8d55d6ab74976e964caec98b157/cellxgene/427090ae-5e21-421f-b178-e66a930ca63c_C57BL6J-2.041.h5ad
Toycat/SToCorpus-88M,6f699f128416e8d55d6ab74976e964caec98b157,cellxgene/427090ae-5e21-421f-b178-e66a930ca63c_C57BL6J-2.042.h5ad,46314213,d2119f2e94cbd32bb9d449bd8fcaf260beb08a5dae58a7cf7f8c8c73316a52a8,https://huggingface.co/datasets/Toycat/SToCorpus-88M/resolve/6f699f128416e8d55d6ab74976e964caec98b157/cellxgene/427090ae-5e21-421f-b178-e66a930ca63c_C57BL6J-2.042.h5ad
Toycat/SToCorpus-88M,6f699f128416e8d55d6ab74976e964caec98b157,cellxgene/427090ae-5e21-421f-b178-e66a930ca63c_C57BL6J-2.044.h5ad,86816339,1e3feada6f1717fc2e119155638fd4250e3deff2e36bf11d3e04df6e96d74e19,https://huggingface.co/datasets/Toycat/SToCorpus-88M/resolve/6f699f128416e8d55d6ab74976e964caec98b157/cellxgene/427090ae-5e21-421f-b178-e66a930ca63c_C57BL6J-2.044.h5ad
Toycat/SToCorpus-88M,6f699f128416e8d55d6ab74976e964caec98b157,cellxgene/427090ae-5e21-421f-b178-e66a930ca63c_C57BL6J-2.045.h5ad,90775432,5927d7440e3c93916bbbf9e0d694a3b2e584458163b69e396f6276f5e7d6aeaf,https://huggingface.co/datasets/Toycat/SToCorpus-88M/resolve/6f699f128416e8d55d6ab74976e964caec98b157/cellxgene/427090ae-5e21-421f-b178-e66a930ca63c_C57BL6J-2.045.h5ad
Toycat/SToCorpus-88M,6f699f128416e8d55d6ab74976e964caec98b157,cellxgene/427090ae-5e21-421f-b178-e66a930ca63c_C57BL6J-2.046.h5ad,42832960,b3e1ff69187e25f4367645ce58f923d8322a612f316a619087decdaccdede754,https://huggingface.co/datasets/Toycat/SToCorpus-88M/resolve/6f699f128416e8d55d6ab74976e964caec98b157/cellxgene/427090ae-5e21-421f-b178-e66a930ca63c_C57BL6J-2.046.h5ad
Toycat/SToCorpus-88M,6f699f128416e8d55d6ab74976e964caec98b157,cellxgene/427090ae-5e21-421f-b178-e66a930ca63c_C57BL6J-2.047.h5ad,94033347,d7e8debdbd0da0f5f0139d6ab10bd4d5a51ab546f53dc5e0524e3698277ec349,https://huggingface.co/datasets/Toycat/SToCorpus-88M/resolve/6f699f128416e8d55d6ab74976e964caec98b157/cellxgene/427090ae-5e21-421f-b178-e66a930ca63c_C57BL6J-2.047.h5ad
Toycat/SToCorpus-88M,6f699f128416e8d55d6ab74976e964caec98b157,cellxgene/427090ae-5e21-421f-b178-e66a930ca63c_C57BL6J-2.048.h5ad,36235945,5fe029add2793b057aa89fcb76ad49fbd666cbcff707435796708289b8374379,https://huggingface.co/datasets/Toycat/SToCorpus-88M/resolve/6f699f128416e8d55d6ab74976e964caec98b157/cellxgene/427090ae-5e21-421f-b178-e66a930ca63c_C57BL6J-2.048.h5ad
Toycat/SToCorpus-88M,6f699f128416e8d55d6ab74976e964caec98b157,cellxgene/427090ae-5e21-421f-b178-e66a930ca63c_C57BL6J-2.049.h5ad,82465699,2e151cf6e002ee9c5c7e04de8d79909c9c5dc249529a537b9dd200623fd18e12,https://huggingface.co/datasets/Toycat/SToCorpus-88M/resolve/6f699f128416e8d55d6ab74976e964caec98b157/cellxgene/427090ae-5e21-421f-b178-e66a930ca63c_C57BL6J-2.049.h5ad
Toycat/SToCorpus-88M,6f699f128416e8d55d6ab74976e964caec98b157,cellxgene/427090ae-5e21-421f-b178-e66a930ca63c_C57BL6J-2.050.h5ad,85867844,ef23bb8296d5ad29419459ec81712d13060154eaedd2662439d40bbe808226de,https://huggingface.co/datasets/Toycat/SToCorpus-88M/resolve/6f699f128416e8d55d6ab74976e964caec98b157/cellxgene/427090ae-5e21-421f-b178-e66a930ca63c_C57BL6J-2.050.h5ad
Toycat/SToCorpus-88M,6f699f128416e8d55d6ab74976e964caec98b157,cellxgene/427090ae-5e21-421f-b178-e66a930ca63c_C57BL6J-2.051.h5ad,40417208,69edac911bd576e061854c329941d3c3cbf3b86fa10ca10f504ef9803f516e81,https://huggingface.co/datasets/Toycat/SToCorpus-88M/resolve/6f699f128416e8d55d6ab74976e964caec98b157/cellxgene/427090ae-5e21-421f-b178-e66a930ca63c_C57BL6J-2.051.h5ad
Toycat/SToCorpus-88M,6f699f128416e8d55d6ab74976e964caec98b157,cellxgene/427090ae-5e21-421f-b178-e66a930ca63c_C57BL6J-2.052.h5ad,72500712,5888c472f00f44c044f485ce699f3ee1a01efe4bd256c4b66038305fa6635dfd,https://huggingface.co/datasets/Toycat/SToCorpus-88M/resolve/6f699f128416e8d55d6ab74976e964caec98b157/cellxgene/427090ae-5e21-421f-b178-e66a930ca63c_C57BL6J-2.052.h5ad
Toycat/SToCorpus-88M,6f699f128416e8d55d6ab74976e964caec98b157,cellxgene/427090ae-5e21-421f-b178-e66a930ca63c_C57BL6J-2.053.h5ad,30226636,d1ee1312f14ffeafd829dd6b1a4f42ced4c319ee771850a11751df0d9d962dcd,https://huggingface.co/datasets/Toycat/SToCorpus-88M/resolve/6f699f128416e8d55d6ab74976e964caec98b157/cellxgene/427090ae-5e21-421f-b178-e66a930ca63c_C57BL6J-2.053.h5ad
Toycat/SToCorpus-88M,6f699f128416e8d55d6ab74976e964caec98b157,cellxgene/427090ae-5e21-421f-b178-e66a930ca63c_C57BL6J-2.054.h5ad,72624440,a5e4d6741a4409d02698e7e45ef56cb74a086ab00e498782072f9ff3ef48074a,https://huggingface.co/datasets/Toycat/SToCorpus-88M/resolve/6f699f128416e8d55d6ab74976e964caec98b157/cellxgene/427090ae-5e21-421f-b178-e66a930ca63c_C57BL6J-2.054.h5ad
Toycat/SToCorpus-88M,6f699f128416e8d55d6ab74976e964caec98b157,cellxgene/427090ae-5e21-421f-b178-e66a930ca63c_C57BL6J-2.055.h5ad,59037548,12d0c79c1de8d28a94bb2639ddbbde7ccc96ec4d53db7a7545bb3890543cca14,https://huggingface.co/datasets/Toycat/SToCorpus-88M/resolve/6f699f128416e8d55d6ab74976e964caec98b157/cellxgene/427090ae-5e21-421f-b178-e66a930ca63c_C57BL6J-2.055.h5ad
Toycat/SToCorpus-88M,6f699f128416e8d55d6ab74976e964caec98b157,cellxgene/427090ae-5e21-421f-b178-e66a930ca63c_C57BL6J-2.056.h5ad,22855520,6fff7e915611cbbd4877bfe1e28672d8d384e740ac79cbd8b473b8b72ac1d596,https://huggingface.co/datasets/Toycat/SToCorpus-88M/resolve/6f699f128416e8d55d6ab74976e964caec98b157/cellxgene/427090ae-5e21-421f-b178-e66a930ca63c_C57BL6J-2.056.h5ad
Toycat/SToCorpus-88M,6f699f128416e8d55d6ab74976e964caec98b157,cellxgene/427090ae-5e21-421f-b178-e66a930ca63c_C57BL6J-2.057.h5ad,64582750,22255134e97964677a4ba309f58494f69085bf43dd38102f4cca66125412ae25,https://huggingface.co/datasets/Toycat/SToCorpus-88M/resolve/6f699f128416e8d55d6ab74976e964caec98b157/cellxgene/427090ae-5e21-421f-b178-e66a930ca63c_C57BL6J-2.057.h5ad
Toycat/SToCorpus-88M,6f699f128416e8d55d6ab74976e964caec98b157,cellxgene/427090ae-5e21-421f-b178-e66a930ca63c_C57BL6J-2.058.h5ad,22145048,7574f4025500f3b1d2315751a6e5af11ad5974cc067f9aa18b46528ed74cfa90,https://huggingface.co/datasets/Toycat/SToCorpus-88M/resolve/6f699f128416e8d55d6ab74976e964caec98b157/cellxgene/427090ae-5e21-421f-b178-e66a930ca63c_C57BL6J-2.058.h5ad
Toycat/SToCorpus-88M,6f699f128416e8d55d6ab74976e964caec98b157,cellxgene/427090ae-5e21-421f-b178-e66a930ca63c_C57BL6J-2.059.h5ad,50912380,0523cd2c4a3b6d520ea5a7cca55b5d7f27dbf1967c6dac5e95828fba23f89cf3,https://huggingface.co/datasets/Toycat/SToCorpus-88M/resolve/6f699f128416e8d55d6ab74976e964caec98b157/cellxgene/427090ae-5e21-421f-b178-e66a930ca63c_C57BL6J-2.059.h5ad
Toycat/SToCorpus-88M,6f699f128416e8d55d6ab74976e964caec98b157,cellxgene/427090ae-5e21-421f-b178-e66a930ca63c_C57BL6J-2.060.h5ad,22208276,fe5234677b30af2d5ad74737d2c159d7ff25fef5882bfaaa75efcf8484f55db6,https://huggingface.co/datasets/Toycat/SToCorpus-88M/resolve/6f699f128416e8d55d6ab74976e964caec98b157/cellxgene/427090ae-5e21-421f-b178-e66a930ca63c_C57BL6J-2.060.h5ad
Toycat/SToCorpus-88M,6f699f128416e8d55d6ab74976e964caec98b157,cellxgene/427090ae-5e21-421f-b178-e66a930ca63c_C57BL6J-2.061.h5ad,35864336,51d54b520661e3fe0719fe6e07170039969edeb910e57f06944898532cbf1a29,https://huggingface.co/datasets/Toycat/SToCorpus-88M/resolve/6f699f128416e8d55d6ab74976e964caec98b157/cellxgene/427090ae-5e21-421f-b178-e66a930ca63c_C57BL6J-2.061.h5ad
Toycat/SToCorpus-88M,6f699f128416e8d55d6ab74976e964caec98b157,cellxgene/427090ae-5e21-421f-b178-e66a930ca63c_C57BL6J-2.062.h5ad,32159284,25a83e3628261f593d706d4efa675aae4ad8b7693f8e184033e4b58794665caa,https://huggingface.co/datasets/Toycat/SToCorpus-88M/resolve/6f699f128416e8d55d6ab74976e964caec98b157/cellxgene/427090ae-5e21-421f-b178-e66a930ca63c_C57BL6J-2.062.h5ad
Toycat/SToCorpus-88M,6f699f128416e8d55d6ab74976e964caec98b157,cellxgene/427090ae-5e21-421f-b178-e66a930ca63c_C57BL6J-2.063.h5ad,35194956,b679caf874fa51a0c131de3588c083ea098207fabd926bbd85e2fe952c741a3c,https://huggingface.co/datasets/Toycat/SToCorpus-88M/resolve/6f699f128416e8d55d6ab74976e964caec98b157/cellxgene/427090ae-5e21-421f-b178-e66a930ca63c_C57BL6J-2.063.h5ad
Toycat/SToCorpus-88M,6f699f128416e8d55d6ab74976e964caec98b157,cellxgene/427090ae-5e21-421f-b178-e66a930ca63c_C57BL6J-2.065.h5ad,24212948,e8685e2dcb61683db3bcacf0c3f8036014e5be0d1390409ae0891a09746926e4,https://huggingface.co/datasets/Toycat/SToCorpus-88M/resolve/6f699f128416e8d55d6ab74976e964caec98b157/cellxgene/427090ae-5e21-421f-b178-e66a930ca63c_C57BL6J-2.065.h5ad
Toycat/SToCorpus-88M,6f699f128416e8d55d6ab74976e964caec98b157,cellxgene/427090ae-5e21-421f-b178-e66a930ca63c_C57BL6J-2.066.h5ad,31852120,64895bc618c350d06f5e016970aeaf63cad8fc849753d5f0ba9219bf31563d9d,https://huggingface.co/datasets/Toycat/SToCorpus-88M/resolve/6f699f128416e8d55d6ab74976e964caec98b157/cellxgene/427090ae-5e21-421f-b178-e66a930ca63c_C57BL6J-2.066.h5ad
Toycat/SToCorpus-88M,6f699f128416e8d55d6ab74976e964caec98b157,cellxgene/427090ae-5e21-421f-b178-e66a930ca63c_C57BL6J-2.067.h5ad,33158992,a06917f90a57233615519bd47b68dff5a294eb6fb8dd1ec16e323b134ca45b8c,https://huggingface.co/datasets/Toycat/SToCorpus-88M/resolve/6f699f128416e8d55d6ab74976e964caec98b157/cellxgene/427090ae-5e21-421f-b178-e66a930ca63c_C57BL6J-2.067.h5ad
Toycat/SToCorpus-88M,6f699f128416e8d55d6ab74976e964caec98b157,cellxgene/427090ae-5e21-421f-b178-e66a930ca63c_C57BL6J-2.070.h5ad,18803044,43840af1017e611396160c7f63d25349757f5e1b342e29632cf5e54375a755a5,https://huggingface.co/datasets/Toycat/SToCorpus-88M/resolve/6f699f128416e8d55d6ab74976e964caec98b157/cellxgene/427090ae-5e21-421f-b178-e66a930ca63c_C57BL6J-2.070.h5ad
Toycat/SToCorpus-88M,6f699f128416e8d55d6ab74976e964caec98b157,cellxgene/427090ae-5e21-421f-b178-e66a930ca63c_C57BL6J-2.071.h5ad,23987592,bed16e0dfd6edaa6ef9e8cd47a3a8423da2e7a26e236083a9c0f040a838ef196,https://huggingface.co/datasets/Toycat/SToCorpus-88M/resolve/6f699f128416e8d55d6ab74976e964caec98b157/cellxgene/427090ae-5e21-421f-b178-e66a930ca63c_C57BL6J-2.071.h5ad
Toycat/SToCorpus-88M,6f699f128416e8d55d6ab74976e964caec98b157,cellxgene/427090ae-5e21-421f-b178-e66a930ca63c_C57BL6J-2.072.h5ad,17737424,ac6762f552218b129c92eaddcc92b77c4b9d5f8998985edeb7ab75f39c5356ab,https://huggingface.co/datasets/Toycat/SToCorpus-88M/resolve/6f699f128416e8d55d6ab74976e964caec98b157/cellxgene/427090ae-5e21-421f-b178-e66a930ca63c_C57BL6J-2.072.h5ad
Toycat/SToCorpus-88M,6f699f128416e8d55d6ab74976e964caec98b157,cellxgene/427090ae-5e21-421f-b178-e66a930ca63c_C57BL6J-2.073.h5ad,31239516,0a0277478ff61d56c85c367b84fabd12cb8be3a35cddd74d9f9de493d468c833,https://huggingface.co/datasets/Toycat/SToCorpus-88M/resolve/6f699f128416e8d55d6ab74976e964caec98b157/cellxgene/427090ae-5e21-421f-b178-e66a930ca63c_C57BL6J-2.073.h5ad
Toycat/SToCorpus-88M,6f699f128416e8d55d6ab74976e964caec98b157,cellxgene/432254f4-b418-4cfd-8513-9e1d32ddf642.h5ad,30638241,8cc3872dc330e15b2d4f9a6d134c7c0285f12c8c55b9c908495e610ced52804a,https://huggingface.co/datasets/Toycat/SToCorpus-88M/resolve/6f699f128416e8d55d6ab74976e964caec98b157/cellxgene/432254f4-b418-4cfd-8513-9e1d32ddf642.h5ad
Toycat/SToCorpus-88M,6f699f128416e8d55d6ab74976e964caec98b157,cellxgene/437fed76-acf6-4a74-bd5a-744357a2e29c.h5ad,22047658,0864c222c795288c62bd53156bc822c7c4d2bff543101b4edbe46366aafa005b,https://huggingface.co/datasets/Toycat/SToCorpus-88M/resolve/6f699f128416e8d55d6ab74976e964caec98b157/cellxgene/437fed76-acf6-4a74-bd5a-744357a2e29c.h5ad
Toycat/SToCorpus-88M,6f699f128416e8d55d6ab74976e964caec98b157,cellxgene/44604c89-2cbe-4120-b44e-bec77ed25a9d.h5ad,29783526,30547674cda5cb064f83291728555cade8ee6e4aaaf7b6cd365473184f397729,https://huggingface.co/datasets/Toycat/SToCorpus-88M/resolve/6f699f128416e8d55d6ab74976e964caec98b157/cellxgene/44604c89-2cbe-4120-b44e-bec77ed25a9d.h5ad
Toycat/SToCorpus-88M,6f699f128416e8d55d6ab74976e964caec98b157,cellxgene/4578bb30-fc34-480b-9b3c-edee71118553.h5ad,7086481,72e60ca0db332d195898173096f84d1950dff0de9d6d082c1ade303eafabde64,https://huggingface.co/datasets/Toycat/SToCorpus-88M/resolve/6f699f128416e8d55d6ab74976e964caec98b157/cellxgene/4578bb30-fc34-480b-9b3c-edee71118553.h5ad
Toycat/SToCorpus-88M,6f699f128416e8d55d6ab74976e964caec98b157,cellxgene/45d2ee1f-6e0e-41fd-8895-69e614b6d2ac.h5ad,16850277,081fafe56dda5fba9e959d55646747f4d3c69a5d81c9053dcbf333baab65d324,https://huggingface.co/datasets/Toycat/SToCorpus-88M/resolve/6f699f128416e8d55d6ab74976e964caec98b157/cellxgene/45d2ee1f-6e0e-41fd-8895-69e614b6d2ac.h5ad
Toycat/SToCorpus-88M,6f699f128416e8d55d6ab74976e964caec98b157,cellxgene/4628d583-8ddf-4b4a-a3bd-5813f13e3344.h5ad,30598191,db2a6ec92dcc9d6ad69f24437b154a2d59fe1a38eecaabab99ff789263697540,https://huggingface.co/datasets/Toycat/SToCorpus-88M/resolve/6f699f128416e8d55d6ab74976e964caec98b157/cellxgene/4628d583-8ddf-4b4a-a3bd-5813f13e3344.h5ad
Toycat/SToCorpus-88M,6f699f128416e8d55d6ab74976e964caec98b157,cellxgene/46835aa1-3382-41dd-9757-2dfb64caa6b0.h5ad,66525019,364a40fcde2b259f8e1a1a63d0275a1c5c4482983de9c2360ac1d6d8cd760149,https://huggingface.co/datasets/Toycat/SToCorpus-88M/resolve/6f699f128416e8d55d6ab74976e964caec98b157/cellxgene/46835aa1-3382-41dd-9757-2dfb64caa6b0.h5ad
Toycat/SToCorpus-88M,6f699f128416e8d55d6ab74976e964caec98b157,cellxgene/48149372-4492-4800-8e01-cb15a8033f64.h5ad,28104459,b71809564a7eec22368d6cd03642c259529eb1b2c5e41853df0e4a9cf51cc9b3,https://huggingface.co/datasets/Toycat/SToCorpus-88M/resolve/6f699f128416e8d55d6ab74976e964caec98b157/cellxgene/48149372-4492-4800-8e01-cb15a8033f64.h5ad
Toycat/SToCorpus-88M,6f699f128416e8d55d6ab74976e964caec98b157,cellxgene/485d00f0-2f15-471a-8f97-732aa81c13f4.h5ad,18836378,38a368f06174004f60827da29bad7a69d7e9105ff5452d7dfd0c1ce2279b17c7,https://huggingface.co/datasets/Toycat/SToCorpus-88M/resolve/6f699f128416e8d55d6ab74976e964caec98b157/cellxgene/485d00f0-2f15-471a-8f97-732aa81c13f4.h5ad
Toycat/SToCorpus-88M,6f699f128416e8d55d6ab74976e964caec98b157,cellxgene/48df65e7-5257-464f-a7e1-460d2c12990b.h5ad,97521077,a7540a324809210bec56c0d202fa518c11128ef553661bb25b3572d57bf8694f,https://huggingface.co/datasets/Toycat/SToCorpus-88M/resolve/6f699f128416e8d55d6ab74976e964caec98b157/cellxgene/48df65e7-5257-464f-a7e1-460d2c12990b.h5ad
Toycat/SToCorpus-88M,6f699f128416e8d55d6ab74976e964caec98b157,cellxgene/48f9e44f-f36d-482b-82b3-5e3397f10613.h5ad,29654654,c4c3358b3cf6f7d766049022753e3c2c1042e09ff16fb647051de4fb8b571421,https://huggingface.co/datasets/Toycat/SToCorpus-88M/resolve/6f699f128416e8d55d6ab74976e964caec98b157/cellxgene/48f9e44f-f36d-482b-82b3-5e3397f10613.h5ad
Toycat/SToCorpus-88M,6f699f128416e8d55d6ab74976e964caec98b157,cellxgene/494db567-4a6a-4d87-9ae3-7d719552e443.h5ad,23856017,154377ee1fa16d655f57674f44c66a39d4e454852d352ae52413e69201813a4c,https://huggingface.co/datasets/Toycat/SToCorpus-88M/resolve/6f699f128416e8d55d6ab74976e964caec98b157/cellxgene/494db567-4a6a-4d87-9ae3-7d719552e443.h5ad
Toycat/SToCorpus-88M,6f699f128416e8d55d6ab74976e964caec98b157,cellxgene/49ed4c24-c6bf-4e48-a722-5787c92b8fab.h5ad,11504122,f1fa79a95412f1a99914aa98bbafac5b6289a90f6369cb9a2adb0a564198a44c,https://huggingface.co/datasets/Toycat/SToCorpus-88M/resolve/6f699f128416e8d55d6ab74976e964caec98b157/cellxgene/49ed4c24-c6bf-4e48-a722-5787c92b8fab.h5ad
Toycat/SToCorpus-88M,6f699f128416e8d55d6ab74976e964caec98b157,cellxgene/4ad3f3d9-582c-4858-9732-6d5e05d9595d.h5ad,16543532,f928bf9ecff97706dedeaa085b3cb13d7877b807f719380b2803c8a2ca78b52e,https://huggingface.co/datasets/Toycat/SToCorpus-88M/resolve/6f699f128416e8d55d6ab74976e964caec98b157/cellxgene/4ad3f3d9-582c-4858-9732-6d5e05d9595d.h5ad
Toycat/SToCorpus-88M,6f699f128416e8d55d6ab74976e964caec98b157,cellxgene/4c065acc-5011-436b-af26-50d68d94c848.h5ad,11933189,473f7fc9450184aa361249990f7c38f9903ebbfc4dd7d76885322f0a9a2ce921,https://huggingface.co/datasets/Toycat/SToCorpus-88M/resolve/6f699f128416e8d55d6ab74976e964caec98b157/cellxgene/4c065acc-5011-436b-af26-50d68d94c848.h5ad
Toycat/SToCorpus-88M,6f699f128416e8d55d6ab74976e964caec98b157,cellxgene/4c5682a0-9493-4d4d-bb28-e554acbe25d0.h5ad,19312779,0e9f74d22f428079ebd2cde507a1cb0765d28d55ceee1b6e8c95d36f5eca5c38,https://huggingface.co/datasets/Toycat/SToCorpus-88M/resolve/6f699f128416e8d55d6ab74976e964caec98b157/cellxgene/4c5682a0-9493-4d4d-bb28-e554acbe25d0.h5ad
Toycat/SToCorpus-88M,6f699f128416e8d55d6ab74976e964caec98b157,cellxgene/4c6573a3-843c-4a15-a8e4-e925cc4580e2.h5ad,68359493,021c7aea87673090cb9faef6c3d251532f52943d46c75cdb203edb1881eb73b4,https://huggingface.co/datasets/Toycat/SToCorpus-88M/resolve/6f699f128416e8d55d6ab74976e964caec98b157/cellxgene/4c6573a3-843c-4a15-a8e4-e925cc4580e2.h5ad
Toycat/SToCorpus-88M,6f699f128416e8d55d6ab74976e964caec98b157,cellxgene/4c94584b-ba13-4528-ae5e-4bbc55e7323a.h5ad,23437942,54c2b45ccac5aa658dda122caedd148fe0a9d8a5ac6b0f8cf56eacdcbbe184db,https://huggingface.co/datasets/Toycat/SToCorpus-88M/resolve/6f699f128416e8d55d6ab74976e964caec98b157/cellxgene/4c94584b-ba13-4528-ae5e-4bbc55e7323a.h5ad
Toycat/SToCorpus-88M,6f699f128416e8d55d6ab74976e964caec98b157,cellxgene/4cb88ed1-aba9-474c-b2d1-76ec59233db2.h5ad,22563611,be327ff822bcbff36af52befe04bf39ee71da9f583aa5667d54924b6c05dac4f,https://huggingface.co/datasets/Toycat/SToCorpus-88M/resolve/6f699f128416e8d55d6ab74976e964caec98b157/cellxgene/4cb88ed1-aba9-474c-b2d1-76ec59233db2.h5ad
Toycat/SToCorpus-88M,6f699f128416e8d55d6ab74976e964caec98b157,cellxgene/4d218e78-7ee9-4c0c-9b2a-95c2570fdd2a.h5ad,23078827,b0b8d7bb97b3774b1f82a6315cac0ed60d2f965b59e5779f596b1e05666b4b91,https://huggingface.co/datasets/Toycat/SToCorpus-88M/resolve/6f699f128416e8d55d6ab74976e964caec98b157/cellxgene/4d218e78-7ee9-4c0c-9b2a-95c2570fdd2a.h5ad
Toycat/SToCorpus-88M,6f699f128416e8d55d6ab74976e964caec98b157,cellxgene/4d88de1d-e69a-4d39-b390-8a27883dbe7c.h5ad,17622081,8e5a3744ec8ffb26b0411cc25620a5b2b61c600ecc8cafa6dc3e78bba34f69e5,https://huggingface.co/datasets/Toycat/SToCorpus-88M/resolve/6f699f128416e8d55d6ab74976e964caec98b157/cellxgene/4d88de1d-e69a-4d39-b390-8a27883dbe7c.h5ad
Toycat/SToCorpus-88M,6f699f128416e8d55d6ab74976e964caec98b157,cellxgene/4e7908d6-dc79-416e-b9bf-82fd7436284b.h5ad,18828025,d2a4d56ab4d9bac85e093a7b3e25ea1c2a16987038fced18fec02679cff2612d,https://huggingface.co/datasets/Toycat/SToCorpus-88M/resolve/6f699f128416e8d55d6ab74976e964caec98b157/cellxgene/4e7908d6-dc79-416e-b9bf-82fd7436284b.h5ad
Toycat/SToCorpus-88M,6f699f128416e8d55d6ab74976e964caec98b157,cellxgene/4f5718ae-cfa8-48f9-9f46-dada61ed34ca.h5ad,28161621,9ef47dc7148896303cf8800d06a422d239f3f8636f613de2cf98d388a7b4fbca,https://huggingface.co/datasets/Toycat/SToCorpus-88M/resolve/6f699f128416e8d55d6ab74976e964caec98b157/cellxgene/4f5718ae-cfa8-48f9-9f46-dada61ed34ca.h5ad
Toycat/SToCorpus-88M,6f699f128416e8d55d6ab74976e964caec98b157,cellxgene/50cb6237-63dc-4707-b4b1-7afd73b578eb.h5ad,29482832,575af7bf028925d9496b459b15939c73d07c669316170692e3398f199991b220,https://huggingface.co/datasets/Toycat/SToCorpus-88M/resolve/6f699f128416e8d55d6ab74976e964caec98b157/cellxgene/50cb6237-63dc-4707-b4b1-7afd73b578eb.h5ad
Toycat/SToCorpus-88M,6f699f128416e8d55d6ab74976e964caec98b157,cellxgene/50cf3448-acae-4eaf-9cbe-39c80a28414d.h5ad,23147552,e75c97be455f14d22dbe72cf98e66ec90dae863b5bad24ee417a4b7f89878b02,https://huggingface.co/datasets/Toycat/SToCorpus-88M/resolve/6f699f128416e8d55d6ab74976e964caec98b157/cellxgene/50cf3448-acae-4eaf-9cbe-39c80a28414d.h5ad
Toycat/SToCorpus-88M,6f699f128416e8d55d6ab74976e964caec98b157,cellxgene/50f68b8b-235c-47a0-b057-9219f39bead3.h5ad,27134600,782cadebae851a14571c3935d2d83c7c02970602286ab65f2371981e6b9e76e8,https://huggingface.co/datasets/Toycat/SToCorpus-88M/resolve/6f699f128416e8d55d6ab74976e964caec98b157/cellxgene/50f68b8b-235c-47a0-b057-9219f39bead3.h5ad
Toycat/SToCorpus-88M,6f699f128416e8d55d6ab74976e964caec98b157,cellxgene/51631fd1-d2df-456b-83f3-e2db20d09267.h5ad,26317544,1848429482b60730a247ef40c3d00abcfb82ebd6bfa3412979c3d862a7bf1802,https://huggingface.co/datasets/Toycat/SToCorpus-88M/resolve/6f699f128416e8d55d6ab74976e964caec98b157/cellxgene/51631fd1-d2df-456b-83f3-e2db20d09267.h5ad
Toycat/SToCorpus-88M,6f699f128416e8d55d6ab74976e964caec98b157,cellxgene/52c749a1-1c68-4304-883d-f122fec17603.h5ad,33721636,cf04262b6164743d21709f541e9ab03277ea7ac0085775d047d9aa7373ab2863,https://huggingface.co/datasets/Toycat/SToCorpus-88M/resolve/6f699f128416e8d55d6ab74976e964caec98b157/cellxgene/52c749a1-1c68-4304-883d-f122fec17603.h5ad
Toycat/SToCorpus-88M,6f699f128416e8d55d6ab74976e964caec98b157,cellxgene/52f63abe-6dc9-4e5e-8df6-37d2f81cf4d8.h5ad,4340949,66877d43d953f8f4f33f3d5bf534bf63cb3a2d1fd1be452905188dd75f236a58,https://huggingface.co/datasets/Toycat/SToCorpus-88M/resolve/6f699f128416e8d55d6ab74976e964caec98b157/cellxgene/52f63abe-6dc9-4e5e-8df6-37d2f81cf4d8.h5ad
Toycat/SToCorpus-88M,6f699f128416e8d55d6ab74976e964caec98b157,cellxgene/536c35bf-c071-4248-9e14-69613ff77961.h5ad,16102553,72de8e1b3b1017afb3dde62b1018a418534ef78e3a11ea360791c9fda296097c,https://huggingface.co/datasets/Toycat/SToCorpus-88M/resolve/6f699f128416e8d55d6ab74976e964caec98b157/cellxgene/536c35bf-c071-4248-9e14-69613ff77961.h5ad
Toycat/SToCorpus-88M,6f699f128416e8d55d6ab74976e964caec98b157,cellxgene/54423d08-67f3-4ded-bbf3-9eba4697081d_C57BL6J-1.001.h5ad,621319036,939f8ea062728be8aad58d3f1a66295fac42dd522315bdecce2b6c057b6cd471,https://huggingface.co/datasets/Toycat/SToCorpus-88M/resolve/6f699f128416e8d55d6ab74976e964caec98b157/cellxgene/54423d08-67f3-4ded-bbf3-9eba4697081d_C57BL6J-1.001.h5ad
Toycat/SToCorpus-88M,6f699f128416e8d55d6ab74976e964caec98b157,cellxgene/54423d08-67f3-4ded-bbf3-9eba4697081d_C57BL6J-1.002.h5ad,575242964,fef843558125dfcc89583a5b82d9cc3aec75b0f1d82f95ebb7fcbe9cb9faa766,https://huggingface.co/datasets/Toycat/SToCorpus-88M/resolve/6f699f128416e8d55d6ab74976e964caec98b157/cellxgene/54423d08-67f3-4ded-bbf3-9eba4697081d_C57BL6J-1.002.h5ad
Toycat/SToCorpus-88M,6f699f128416e8d55d6ab74976e964caec98b157,cellxgene/54423d08-67f3-4ded-bbf3-9eba4697081d_C57BL6J-1.003.h5ad,946528478,ae299e8306f82243a477593cfe984eeec4e90973b3e15cfc2a0771409444e470,https://huggingface.co/datasets/Toycat/SToCorpus-88M/resolve/6f699f128416e8d55d6ab74976e964caec98b157/cellxgene/54423d08-67f3-4ded-bbf3-9eba4697081d_C57BL6J-1.003.h5ad
Toycat/SToCorpus-88M,6f699f128416e8d55d6ab74976e964caec98b157,cellxgene/54423d08-67f3-4ded-bbf3-9eba4697081d_C57BL6J-1.004.h5ad,1004405906,18e0496b6aacfca959f7cd8df19c01664a98b8924f68a990740bfd508dcc5a7e,https://huggingface.co/datasets/Toycat/SToCorpus-88M/resolve/6f699f128416e8d55d6ab74976e964caec98b157/cellxgene/54423d08-67f3-4ded-bbf3-9eba4697081d_C57BL6J-1.004.h5ad
Toycat/SToCorpus-88M,6f699f128416e8d55d6ab74976e964caec98b157,cellxgene/54423d08-67f3-4ded-bbf3-9eba4697081d_C57BL6J-1.005.h5ad,1235408160,61a70dc279a57dc46a7d1fe5e3ef4b1f97e7fb2287da1c93f1a1068f39320c07,https://huggingface.co/datasets/Toycat/SToCorpus-88M/resolve/6f699f128416e8d55d6ab74976e964caec98b157/cellxgene/54423d08-67f3-4ded-bbf3-9eba4697081d_C57BL6J-1.005.h5ad
Toycat/SToCorpus-88M,6f699f128416e8d55d6ab74976e964caec98b157,cellxgene/54423d08-67f3-4ded-bbf3-9eba4697081d_C57BL6J-1.006.h5ad,1089635602,cbe7a3e23dc88455cc9df72a7d1b608522d82117a33d327481a2fb33f32b5478,https://huggingface.co/datasets/Toycat/SToCorpus-88M/resolve/6f699f128416e8d55d6ab74976e964caec98b157/cellxgene/54423d08-67f3-4ded-bbf3-9eba4697081d_C57BL6J-1.006.h5ad
Toycat/SToCorpus-88M,6f699f128416e8d55d6ab74976e964caec98b157,cellxgene/54423d08-67f3-4ded-bbf3-9eba4697081d_C57BL6J-1.007.h5ad,1063348392,af092d679ac0e8f75d6e522533635508086839a28b83bb7e02201fc66b6b985f,https://huggingface.co/datasets/Toycat/SToCorpus-88M/resolve/6f699f128416e8d55d6ab74976e964caec98b157/cellxgene/54423d08-67f3-4ded-bbf3-9eba4697081d_C57BL6J-1.007.h5ad
Toycat/SToCorpus-88M,6f699f128416e8d55d6ab74976e964caec98b157,cellxgene/54423d08-67f3-4ded-bbf3-9eba4697081d_C57BL6J-1.008.h5ad,1559519123,7442a933d582406714687e1683d32b17e59073cc6c1ca1ab95d5cbf649d60da2,https://huggingface.co/datasets/Toycat/SToCorpus-88M/resolve/6f699f128416e8d55d6ab74976e964caec98b157/cellxgene/54423d08-67f3-4ded-bbf3-9eba4697081d_C57BL6J-1.008.h5ad
Toycat/SToCorpus-88M,6f699f128416e8d55d6ab74976e964caec98b157,cellxgene/54423d08-67f3-4ded-bbf3-9eba4697081d_C57BL6J-1.009.h5ad,1051518171,e789607c5e31b163d9b2564cb146bb8a2a4b280a3e4e2ef0ad268522c09829c9,https://huggingface.co/datasets/Toycat/SToCorpus-88M/resolve/6f699f128416e8d55d6ab74976e964caec98b157/cellxgene/54423d08-67f3-4ded-bbf3-9eba4697081d_C57BL6J-1.009.h5ad
Toycat/SToCorpus-88M,6f699f128416e8d55d6ab74976e964caec98b157,cellxgene/54423d08-67f3-4ded-bbf3-9eba4697081d_C57BL6J-1.010.h5ad,863389834,96c7f66bc6218269ed1ae31b3b8399c2dcf493a95ef09120a5750c4413cad752,https://huggingface.co/datasets/Toycat/SToCorpus-88M/resolve/6f699f128416e8d55d6ab74976e964caec98b157/cellxgene/54423d08-67f3-4ded-bbf3-9eba4697081d_C57BL6J-1.010.h5ad
Toycat/SToCorpus-88M,6f699f128416e8d55d6ab74976e964caec98b157,cellxgene/54423d08-67f3-4ded-bbf3-9eba4697081d_C57BL6J-1.011.h5ad,869083790,8a47a8c76c4d8bd2ccd85ac4ea59daf50a7ce1398eab2e5f9616c4afc76f26e3,https://huggingface.co/datasets/Toycat/SToCorpus-88M/resolve/6f699f128416e8d55d6ab74976e964caec98b157/cellxgene/54423d08-67f3-4ded-bbf3-9eba4697081d_C57BL6J-1.011.h5ad
Toycat/SToCorpus-88M,6f699f128416e8d55d6ab74976e964caec98b157,cellxgene/54423d08-67f3-4ded-bbf3-9eba4697081d_C57BL6J-1.012.h5ad,885542165,9b64d01d0403a1098825eb014bc4cca3cd97d8db8ae68d860b7a1550ec30f81f,https://huggingface.co/datasets/Toycat/SToCorpus-88M/resolve/6f699f128416e8d55d6ab74976e964caec98b157/cellxgene/54423d08-67f3-4ded-bbf3-9eba4697081d_C57BL6J-1.012.h5ad
Toycat/SToCorpus-88M,6f699f128416e8d55d6ab74976e964caec98b157,cellxgene/54423d08-67f3-4ded-bbf3-9eba4697081d_C57BL6J-1.013.h5ad,1114222930,2f81841189eb3f298b3f99957e01c3153a6b3ee3269784a70ab796fe8e54409a,https://huggingface.co/datasets/Toycat/SToCorpus-88M/resolve/6f699f128416e8d55d6ab74976e964caec98b157/cellxgene/54423d08-67f3-4ded-bbf3-9eba4697081d_C57BL6J-1.013.h5ad
Toycat/SToCorpus-88M,6f699f128416e8d55d6ab74976e964caec98b157,cellxgene/54423d08-67f3-4ded-bbf3-9eba4697081d_C57BL6J-1.014.h5ad,1136948564,97c2882e54140622a87049bd3758aab187235362b7debb9430e66b6eb97db712,https://huggingface.co/datasets/Toycat/SToCorpus-88M/resolve/6f699f128416e8d55d6ab74976e964caec98b157/cellxgene/54423d08-67f3-4ded-bbf3-9eba4697081d_C57BL6J-1.014.h5ad
Toycat/SToCorpus-88M,6f699f128416e8d55d6ab74976e964caec98b157,cellxgene/54423d08-67f3-4ded-bbf3-9eba4697081d_C57BL6J-1.015.h5ad,1130628789,4320bff54c828a74b4ed50f7512e868202b78101b2ef9af614bd2a989846820b,https://huggingface.co/datasets/Toycat/SToCorpus-88M/resolve/6f699f128416e8d55d6ab74976e964caec98b157/cellxgene/54423d08-67f3-4ded-bbf3-9eba4697081d_C57BL6J-1.015.h5ad
Toycat/SToCorpus-88M,6f699f128416e8d55d6ab74976e964caec98b157,cellxgene/54423d08-67f3-4ded-bbf3-9eba4697081d_C57BL6J-1.016.h5ad,1035041364,da6377c8d9bcdbefe8c40502eece2394a2ae37a571e174c7fe29fda0ab04674a,https://huggingface.co/datasets/Toycat/SToCorpus-88M/resolve/6f699f128416e8d55d6ab74976e964caec98b157/cellxgene/54423d08-67f3-4ded-bbf3-9eba4697081d_C57BL6J-1.016.h5ad
Toycat/SToCorpus-88M,6f699f128416e8d55d6ab74976e964caec98b157,cellxgene/54423d08-67f3-4ded-bbf3-9eba4697081d_C57BL6J-1.017.h5ad,942825452,e9683648b4f788ebc0cf335082e2c1cc830a6249a9e0607a695868554ca55d17,https://huggingface.co/datasets/Toycat/SToCorpus-88M/resolve/6f699f128416e8d55d6ab74976e964caec98b157/cellxgene/54423d08-67f3-4ded-bbf3-9eba4697081d_C57BL6J-1.017.h5ad
Toycat/SToCorpus-88M,6f699f128416e8d55d6ab74976e964caec98b157,cellxgene/54423d08-67f3-4ded-bbf3-9eba4697081d_C57BL6J-1.018.h5ad,1145290400,77f8433a5fe3570b6b7920e290f278b761bf88f29be00b3ca38093f934b4dd79,https://huggingface.co/datasets/Toycat/SToCorpus-88M/resolve/6f699f128416e8d55d6ab74976e964caec98b157/cellxgene/54423d08-67f3-4ded-bbf3-9eba4697081d_C57BL6J-1.018.h5ad
Toycat/SToCorpus-88M,6f699f128416e8d55d6ab74976e964caec98b157,cellxgene/54423d08-67f3-4ded-bbf3-9eba4697081d_C57BL6J-1.019.h5ad,932974727,86acb07092854f520e516e0f5da8037940ddfca8c6ee1062358ca374b6d04cdc,https://huggingface.co/datasets/Toycat/SToCorpus-88M/resolve/6f699f128416e8d55d6ab74976e964caec98b157/cellxgene/54423d08-67f3-4ded-bbf3-9eba4697081d_C57BL6J-1.019.h5ad
Toycat/SToCorpus-88M,6f699f128416e8d55d6ab74976e964caec98b157,cellxgene/54423d08-67f3-4ded-bbf3-9eba4697081d_C57BL6J-1.020.h5ad,1240281435,f9698ac277792d2e37cffb233cf9eb7fb126edf94f54c46ecebc1b50887df8fb,https://huggingface.co/datasets/Toycat/SToCorpus-88M/resolve/6f699f128416e8d55d6ab74976e964caec98b157/cellxgene/54423d08-67f3-4ded-bbf3-9eba4697081d_C57BL6J-1.020.h5ad
Toycat/SToCorpus-88M,6f699f128416e8d55d6ab74976e964caec98b157,cellxgene/54423d08-67f3-4ded-bbf3-9eba4697081d_C57BL6J-1.021.h5ad,1239198605,8819e07801633df67867ac51446e59a47865e4e5859356c6421e90cb99ba3a36,https://huggingface.co/datasets/Toycat/SToCorpus-88M/resolve/6f699f128416e8d55d6ab74976e964caec98b157/cellxgene/54423d08-67f3-4ded-bbf3-9eba4697081d_C57BL6J-1.021.h5ad
Toycat/SToCorpus-88M,6f699f128416e8d55d6ab74976e964caec98b157,cellxgene/54423d08-67f3-4ded-bbf3-9eba4697081d_C57BL6J-1.022.h5ad,1256624950,8e7c7883cdf7b2fdbba594496464bc5d22085a538ceda8565cfcef3279b1828d,https://huggingface.co/datasets/Toycat/SToCorpus-88M/resolve/6f699f128416e8d55d6ab74976e964caec98b157/cellxgene/54423d08-67f3-4ded-bbf3-9eba4697081d_C57BL6J-1.022.h5ad
Toycat/SToCorpus-88M,6f699f128416e8d55d6ab74976e964caec98b157,cellxgene/54423d08-67f3-4ded-bbf3-9eba4697081d_C57BL6J-1.023.h5ad,992572892,25db7aed7625cf16aeb4b9c6164e34c9747d8f78bfe61814891efa6ced1fccd0,https://huggingface.co/datasets/Toycat/SToCorpus-88M/resolve/6f699f128416e8d55d6ab74976e964caec98b157/cellxgene/54423d08-67f3-4ded-bbf3-9eba4697081d_C57BL6J-1.023.h5ad
Toycat/SToCorpus-88M,6f699f128416e8d55d6ab74976e964caec98b157,cellxgene/54423d08-67f3-4ded-bbf3-9eba4697081d_C57BL6J-1.024.h5ad,1075732476,0683475b280db2ac71d6dac61cdb27bdfabbf17d03da7b19f9bb85a80b3c2330,https://huggingface.co/datasets/Toycat/SToCorpus-88M/resolve/6f699f128416e8d55d6ab74976e964caec98b157/cellxgene/54423d08-67f3-4ded-bbf3-9eba4697081d_C57BL6J-1.024.h5ad
Toycat/SToCorpus-88M,6f699f128416e8d55d6ab74976e964caec98b157,cellxgene/54423d08-67f3-4ded-bbf3-9eba4697081d_C57BL6J-1.025.h5ad,1017094441,a2dd970881f00bf1343fac7adbbce71d027a26c32e2e39930203c645552b3568,https://huggingface.co/datasets/Toycat/SToCorpus-88M/resolve/6f699f128416e8d55d6ab74976e964caec98b157/cellxgene/54423d08-67f3-4ded-bbf3-9eba4697081d_C57BL6J-1.025.h5ad
Toycat/SToCorpus-88M,6f699f128416e8d55d6ab74976e964caec98b157,cellxgene/54423d08-67f3-4ded-bbf3-9eba4697081d_C57BL6J-1.026.h5ad,907382697,d01f65ac079e8f3eaa832fff57a86f293a0746c83cf0fa3a3eb21857b859b939,https://huggingface.co/datasets/Toycat/SToCorpus-88M/resolve/6f699f128416e8d55d6ab74976e964caec98b157/cellxgene/54423d08-67f3-4ded-bbf3-9eba4697081d_C57BL6J-1.026.h5ad
Toycat/SToCorpus-88M,6f699f128416e8d55d6ab74976e964caec98b157,cellxgene/54423d08-67f3-4ded-bbf3-9eba4697081d_C57BL6J-1.027.h5ad,735950433,15cba96b8bceb6f025f2e95879cb4f9cfaa803a80dfdc6a531ead1da43b84a19,https://huggingface.co/datasets/Toycat/SToCorpus-88M/resolve/6f699f128416e8d55d6ab74976e964caec98b157/cellxgene/54423d08-67f3-4ded-bbf3-9eba4697081d_C57BL6J-1.027.h5ad
Toycat/SToCorpus-88M,6f699f128416e8d55d6ab74976e964caec98b157,cellxgene/54423d08-67f3-4ded-bbf3-9eba4697081d_C57BL6J-1.028.h5ad,1077992060,5b36dd31eb9eeb233c4edc5021e0a9628f272b33460e4e22ad436cdf690683aa,https://huggingface.co/datasets/Toycat/SToCorpus-88M/resolve/6f699f128416e8d55d6ab74976e964caec98b157/cellxgene/54423d08-67f3-4ded-bbf3-9eba4697081d_C57BL6J-1.028.h5ad
Toycat/SToCorpus-88M,6f699f128416e8d55d6ab74976e964caec98b157,cellxgene/54423d08-67f3-4ded-bbf3-9eba4697081d_C57BL6J-1.029.h5ad,827321304,a270bcfc14c20f983081b399149e9743da2d6cececbf711a975a7206c1b955b8,https://huggingface.co/datasets/Toycat/SToCorpus-88M/resolve/6f699f128416e8d55d6ab74976e964caec98b157/cellxgene/54423d08-67f3-4ded-bbf3-9eba4697081d_C57BL6J-1.029.h5ad
Toycat/SToCorpus-88M,6f699f128416e8d55d6ab74976e964caec98b157,cellxgene/54423d08-67f3-4ded-bbf3-9eba4697081d_C57BL6J-1.030.h5ad,1165448981,8a912822f4ec3c8f72b044aae2dc153e57c26900fc769678440f1f995c959b2d,https://huggingface.co/datasets/Toycat/SToCorpus-88M/resolve/6f699f128416e8d55d6ab74976e964caec98b157/cellxgene/54423d08-67f3-4ded-bbf3-9eba4697081d_C57BL6J-1.030.h5ad
Toycat/SToCorpus-88M,6f699f128416e8d55d6ab74976e964caec98b157,cellxgene/54423d08-67f3-4ded-bbf3-9eba4697081d_C57BL6J-1.031.h5ad,1156174758,737853789eb466574af7c1e3ec5a8a5d867a8698d1c6a65913e05177d8cad583,https://huggingface.co/datasets/Toycat/SToCorpus-88M/resolve/6f699f128416e8d55d6ab74976e964caec98b157/cellxgene/54423d08-67f3-4ded-bbf3-9eba4697081d_C57BL6J-1.031.h5ad
Toycat/SToCorpus-88M,6f699f128416e8d55d6ab74976e964caec98b157,cellxgene/54423d08-67f3-4ded-bbf3-9eba4697081d_C57BL6J-1.032.h5ad,1111103109,6a2c848fcae8485811fa4ef595974770107f6296ae419f2f0f48e97b4d955326,https://huggingface.co/datasets/Toycat/SToCorpus-88M/resolve/6f699f128416e8d55d6ab74976e964caec98b157/cellxgene/54423d08-67f3-4ded-bbf3-9eba4697081d_C57BL6J-1.032.h5ad
Toycat/SToCorpus-88M,6f699f128416e8d55d6ab74976e964caec98b157,cellxgene/54423d08-67f3-4ded-bbf3-9eba4697081d_C57BL6J-1.033.h5ad,1189812008,515fb2e9ae71ca8e423c26a2a51750744303d43f8746a513ab47060aa27f04b2,https://huggingface.co/datasets/Toycat/SToCorpus-88M/resolve/6f699f128416e8d55d6ab74976e964caec98b157/cellxgene/54423d08-67f3-4ded-bbf3-9eba4697081d_C57BL6J-1.033.h5ad
Toycat/SToCorpus-88M,6f699f128416e8d55d6ab74976e964caec98b157,cellxgene/54423d08-67f3-4ded-bbf3-9eba4697081d_C57BL6J-1.034.h5ad,1150660044,4ec4c8b6dc23cf2f328334f459de614a0597109e962246692b66fb773a4a61e7,https://huggingface.co/datasets/Toycat/SToCorpus-88M/resolve/6f699f128416e8d55d6ab74976e964caec98b157/cellxgene/54423d08-67f3-4ded-bbf3-9eba4697081d_C57BL6J-1.034.h5ad
Toycat/SToCorpus-88M,6f699f128416e8d55d6ab74976e964caec98b157,cellxgene/54423d08-67f3-4ded-bbf3-9eba4697081d_C57BL6J-1.035.h5ad,1126548113,3da28e85c40b53726715ec219391ab98cb0a646fe9c670dbcc92a32e3fa9f696,https://huggingface.co/datasets/Toycat/SToCorpus-88M/resolve/6f699f128416e8d55d6ab74976e964caec98b157/cellxgene/54423d08-67f3-4ded-bbf3-9eba4697081d_C57BL6J-1.035.h5ad
Toycat/SToCorpus-88M,6f699f128416e8d55d6ab74976e964caec98b157,cellxgene/54423d08-67f3-4ded-bbf3-9eba4697081d_C57BL6J-1.036.h5ad,1031354084,56cc97b558206145b667d1e9d81eee793efe6c9712077a22e2529168da8b0f10,https://huggingface.co/datasets/Toycat/SToCorpus-88M/resolve/6f699f128416e8d55d6ab74976e964caec98b157/cellxgene/54423d08-67f3-4ded-bbf3-9eba4697081d_C57BL6J-1.036.h5ad
Toycat/SToCorpus-88M,6f699f128416e8d55d6ab74976e964caec98b157,cellxgene/54423d08-67f3-4ded-bbf3-9eba4697081d_C57BL6J-1.037.h5ad,924815648,4cafb0c0b1de411cec77c0727a8200b443a6b2967a4a0e61cf1f9be6c7072f71,https://huggingface.co/datasets/Toycat/SToCorpus-88M/resolve/6f699f128416e8d55d6ab74976e964caec98b157/cellxgene/54423d08-67f3-4ded-bbf3-9eba4697081d_C57BL6J-1.037.h5ad
Toycat/SToCorpus-88M,6f699f128416e8d55d6ab74976e964caec98b157,cellxgene/54423d08-67f3-4ded-bbf3-9eba4697081d_C57BL6J-1.038.h5ad,1271299889,3c096b117e789c07f2570cbcc6950443fbc50fce9e6e425423f2eea1ff51257e,https://huggingface.co/datasets/Toycat/SToCorpus-88M/resolve/6f699f128416e8d55d6ab74976e964caec98b157/cellxgene/54423d08-67f3-4ded-bbf3-9eba4697081d_C57BL6J-1.038.h5ad
Toycat/SToCorpus-88M,6f699f128416e8d55d6ab74976e964caec98b157,cellxgene/54423d08-67f3-4ded-bbf3-9eba4697081d_C57BL6J-1.039.h5ad,1137059076,846499e55d3cb03bdf71584a034d673af3e3bdae75d48bd33b46cd231083dd0a,https://huggingface.co/datasets/Toycat/SToCorpus-88M/resolve/6f699f128416e8d55d6ab74976e964caec98b157/cellxgene/54423d08-67f3-4ded-bbf3-9eba4697081d_C57BL6J-1.039.h5ad
Toycat/SToCorpus-88M,6f699f128416e8d55d6ab74976e964caec98b157,cellxgene/54423d08-67f3-4ded-bbf3-9eba4697081d_C57BL6J-1.040.h5ad,1475875177,b72798c86c04ef9effb9724f07821e1f7df20783823a747c890daeee26a4b2e9,https://huggingface.co/datasets/Toycat/SToCorpus-88M/resolve/6f699f128416e8d55d6ab74976e964caec98b157/cellxgene/54423d08-67f3-4ded-bbf3-9eba4697081d_C57BL6J-1.040.h5ad
Toycat/SToCorpus-88M,6f699f128416e8d55d6ab74976e964caec98b157,cellxgene/54423d08-67f3-4ded-bbf3-9eba4697081d_C57BL6J-1.041.h5ad,1369097308,819c511a373ee135039668c0608b8cf78df261425a885f0960a00a7ebc60a0ba,https://huggingface.co/datasets/Toycat/SToCorpus-88M/resolve/6f699f128416e8d55d6ab74976e964caec98b157/cellxgene/54423d08-67f3-4ded-bbf3-9eba4697081d_C57BL6J-1.041.h5ad
Toycat/SToCorpus-88M,6f699f128416e8d55d6ab74976e964caec98b157,cellxgene/54423d08-67f3-4ded-bbf3-9eba4697081d_C57BL6J-1.042.h5ad,1624976962,f4d7e4889a75bda0c13fd6f853a4afdd36fea3a12d255439b0b342a02e2c4ac7,https://huggingface.co/datasets/Toycat/SToCorpus-88M/resolve/6f699f128416e8d55d6ab74976e964caec98b157/cellxgene/54423d08-67f3-4ded-bbf3-9eba4697081d_C57BL6J-1.042.h5ad
Toycat/SToCorpus-88M,6f699f128416e8d55d6ab74976e964caec98b157,cellxgene/54423d08-67f3-4ded-bbf3-9eba4697081d_C57BL6J-1.043.h5ad,1581484314,037d984dcd1e78869c002bc34b3b9bf9f120dd7f6b0e9b42c48e56b74c6ae321,https://huggingface.co/datasets/Toycat/SToCorpus-88M/resolve/6f699f128416e8d55d6ab74976e964caec98b157/cellxgene/54423d08-67f3-4ded-bbf3-9eba4697081d_C57BL6J-1.043.h5ad
Toycat/SToCorpus-88M,6f699f128416e8d55d6ab74976e964caec98b157,cellxgene/54423d08-67f3-4ded-bbf3-9eba4697081d_C57BL6J-1.044.h5ad,1788818660,877de005fc90600dc9c4b596bf0f6381be79fbdb4e82a3a0e8de85dff9d3862a,https://huggingface.co/datasets/Toycat/SToCorpus-88M/resolve/6f699f128416e8d55d6ab74976e964caec98b157/cellxgene/54423d08-67f3-4ded-bbf3-9eba4697081d_C57BL6J-1.044.h5ad
Toycat/SToCorpus-88M,6f699f128416e8d55d6ab74976e964caec98b157,cellxgene/54423d08-67f3-4ded-bbf3-9eba4697081d_C57BL6J-1.045.h5ad,1641177751,5e4e536550fc28697dc5f806c7391882d0cc6eba5ae23510046f40a21cfb1a55,https://huggingface.co/datasets/Toycat/SToCorpus-88M/resolve/6f699f128416e8d55d6ab74976e964caec98b157/cellxgene/54423d08-67f3-4ded-bbf3-9eba4697081d_C57BL6J-1.045.h5ad
Toycat/SToCorpus-88M,6f699f128416e8d55d6ab74976e964caec98b157,cellxgene/54423d08-67f3-4ded-bbf3-9eba4697081d_C57BL6J-1.046.h5ad,2239541052,43efff353ab602a3d045cd526d1100f148acbfd8d1691d7909c84158391f5745,https://huggingface.co/datasets/Toycat/SToCorpus-88M/resolve/6f699f128416e8d55d6ab74976e964caec98b157/cellxgene/54423d08-67f3-4ded-bbf3-9eba4697081d_C57BL6J-1.046.h5ad
Toycat/SToCorpus-88M,6f699f128416e8d55d6ab74976e964caec98b157,cellxgene/54423d08-67f3-4ded-bbf3-9eba4697081d_C57BL6J-1.047.h5ad,2192345879,4827e21ee352ed9e1c03cadcdf1deebf852a4c3c5918143ff816990cbafecbfe,https://huggingface.co/datasets/Toycat/SToCorpus-88M/resolve/6f699f128416e8d55d6ab74976e964caec98b157/cellxgene/54423d08-67f3-4ded-bbf3-9eba4697081d_C57BL6J-1.047.h5ad
Toycat/SToCorpus-88M,6f699f128416e8d55d6ab74976e964caec98b157,cellxgene/54423d08-67f3-4ded-bbf3-9eba4697081d_C57BL6J-1.048.h5ad,2192561591,c5793c6f6c00df417993bc44411a76c0699540aad6312751a2ac45314f681a95,https://huggingface.co/datasets/Toycat/SToCorpus-88M/resolve/6f699f128416e8d55d6ab74976e964caec98b157/cellxgene/54423d08-67f3-4ded-bbf3-9eba4697081d_C57BL6J-1.048.h5ad
Toycat/SToCorpus-88M,6f699f128416e8d55d6ab74976e964caec98b157,cellxgene/54423d08-67f3-4ded-bbf3-9eba4697081d_C57BL6J-1.049.h5ad,2147420779,1720dd31d5a69f83a71daa015422caea4de3f8f9a6d2f50c67615e4f5d1ff049,https://huggingface.co/datasets/Toycat/SToCorpus-88M/resolve/6f699f128416e8d55d6ab74976e964caec98b157/cellxgene/54423d08-67f3-4ded-bbf3-9eba4697081d_C57BL6J-1.049.h5ad
Toycat/SToCorpus-88M,6f699f128416e8d55d6ab74976e964caec98b157,cellxgene/54423d08-67f3-4ded-bbf3-9eba4697081d_C57BL6J-1.050.h5ad,2504946806,6d757e3c15f3031ec225f769c95f5f10f553e0913d64b167e072f1b556ea51bd,https://huggingface.co/datasets/Toycat/SToCorpus-88M/resolve/6f699f128416e8d55d6ab74976e964caec98b157/cellxgene/54423d08-67f3-4ded-bbf3-9eba4697081d_C57BL6J-1.050.h5ad
Toycat/SToCorpus-88M,6f699f128416e8d55d6ab74976e964caec98b157,cellxgene/54423d08-67f3-4ded-bbf3-9eba4697081d_C57BL6J-1.051.h5ad,2219815191,bbe24d4734bc4809030394476d5193348f47f66df55aefb8f75db4a431f5052b,https://huggingface.co/datasets/Toycat/SToCorpus-88M/resolve/6f699f128416e8d55d6ab74976e964caec98b157/cellxgene/54423d08-67f3-4ded-bbf3-9eba4697081d_C57BL6J-1.051.h5ad
Toycat/SToCorpus-88M,6f699f128416e8d55d6ab74976e964caec98b157,cellxgene/54423d08-67f3-4ded-bbf3-9eba4697081d_C57BL6J-1.052.h5ad,2547646523,bd871f2cc976f1a6321b709a8cbf400e61612bb0a4f5f2ef57623dd673efe216,https://huggingface.co/datasets/Toycat/SToCorpus-88M/resolve/6f699f128416e8d55d6ab74976e964caec98b157/cellxgene/54423d08-67f3-4ded-bbf3-9eba4697081d_C57BL6J-1.052.h5ad
Toycat/SToCorpus-88M,6f699f128416e8d55d6ab74976e964caec98b157,cellxgene/54423d08-67f3-4ded-bbf3-9eba4697081d_C57BL6J-1.053.h5ad,2527113923,618710e4c7ddf0a3aadf7a235ab0b0750d6109629228f266eb75c5d537dc0fa9,https://huggingface.co/datasets/Toycat/SToCorpus-88M/resolve/6f699f128416e8d55d6ab74976e964caec98b157/cellxgene/54423d08-67f3-4ded-bbf3-9eba4697081d_C57BL6J-1.053.h5ad
Toycat/SToCorpus-88M,6f699f128416e8d55d6ab74976e964caec98b157,cellxgene/54423d08-67f3-4ded-bbf3-9eba4697081d_C57BL6J-1.054.h5ad,2589543443,cdb93e8ccccd59c251f10a5b4a3823efbfa6f955a020076c7c156664a3ba2239,https://huggingface.co/datasets/Toycat/SToCorpus-88M/resolve/6f699f128416e8d55d6ab74976e964caec98b157/cellxgene/54423d08-67f3-4ded-bbf3-9eba4697081d_C57BL6J-1.054.h5ad
Toycat/SToCorpus-88M,6f699f128416e8d55d6ab74976e964caec98b157,cellxgene/54423d08-67f3-4ded-bbf3-9eba4697081d_C57BL6J-1.055.h5ad,2243603683,214b66cc6304c980a0877a3b85e5c20728642365bf35131c1a8bae5aaf9ba9e5,https://huggingface.co/datasets/Toycat/SToCorpus-88M/resolve/6f699f128416e8d55d6ab74976e964caec98b157/cellxgene/54423d08-67f3-4ded-bbf3-9eba4697081d_C57BL6J-1.055.h5ad
Toycat/SToCorpus-88M,6f699f128416e8d55d6ab74976e964caec98b157,cellxgene/54423d08-67f3-4ded-bbf3-9eba4697081d_C57BL6J-1.056.h5ad,2423374179,d703cdc8e448518f31b7daafea797c777c721427709f36e8b42c054c3af1d269,https://huggingface.co/datasets/Toycat/SToCorpus-88M/resolve/6f699f128416e8d55d6ab74976e964caec98b157/cellxgene/54423d08-67f3-4ded-bbf3-9eba4697081d_C57BL6J-1.056.h5ad
Toycat/SToCorpus-88M,6f699f128416e8d55d6ab74976e964caec98b157,cellxgene/54423d08-67f3-4ded-bbf3-9eba4697081d_C57BL6J-1.057.h5ad,2651728039,c5e51906376a25fd8710a0e556f15451fd22f09004faf0406494533b064c6b7f,https://huggingface.co/datasets/Toycat/SToCorpus-88M/resolve/6f699f128416e8d55d6ab74976e964caec98b157/cellxgene/54423d08-67f3-4ded-bbf3-9eba4697081d_C57BL6J-1.057.h5ad
Toycat/SToCorpus-88M,6f699f128416e8d55d6ab74976e964caec98b157,cellxgene/54423d08-67f3-4ded-bbf3-9eba4697081d_C57BL6J-1.058.h5ad,2728760887,1510c4d87e6b4dea94a9abac1ed5fd43e220ce44ee5325d3e21975df14df68bc,https://huggingface.co/datasets/Toycat/SToCorpus-88M/resolve/6f699f128416e8d55d6ab74976e964caec98b157/cellxgene/54423d08-67f3-4ded-bbf3-9eba4697081d_C57BL6J-1.058.h5ad
Toycat/SToCorpus-88M,6f699f128416e8d55d6ab74976e964caec98b157,cellxgene/54423d08-67f3-4ded-bbf3-9eba4697081d_C57BL6J-1.059.h5ad,2563652331,9e6e1d3f9e9895137aa4d6e532681b964f6823934a6ab5e7ccabdb71b15cd5d5,https://huggingface.co/datasets/Toycat/SToCorpus-88M/resolve/6f699f128416e8d55d6ab74976e964caec98b157/cellxgene/54423d08-67f3-4ded-bbf3-9eba4697081d_C57BL6J-1.059.h5ad
Toycat/SToCorpus-88M,6f699f128416e8d55d6ab74976e964caec98b157,cellxgene/54423d08-67f3-4ded-bbf3-9eba4697081d_C57BL6J-1.060.h5ad,2982243575,ac3c40e5799943b44d35dff736831eafea4d27ff13934738610701087288a3ee,https://huggingface.co/datasets/Toycat/SToCorpus-88M/resolve/6f699f128416e8d55d6ab74976e964caec98b157/cellxgene/54423d08-67f3-4ded-bbf3-9eba4697081d_C57BL6J-1.060.h5ad
Toycat/SToCorpus-88M,6f699f128416e8d55d6ab74976e964caec98b157,cellxgene/54423d08-67f3-4ded-bbf3-9eba4697081d_C57BL6J-1.061.h5ad,2875353131,cfb81d3518e3abfd7d6c443bc9b3c6fc0e25820d7d719c39ac63f9734267f885,https://huggingface.co/datasets/Toycat/SToCorpus-88M/resolve/6f699f128416e8d55d6ab74976e964caec98b157/cellxgene/54423d08-67f3-4ded-bbf3-9eba4697081d_C57BL6J-1.061.h5ad
Toycat/SToCorpus-88M,6f699f128416e8d55d6ab74976e964caec98b157,cellxgene/54423d08-67f3-4ded-bbf3-9eba4697081d_C57BL6J-1.062.h5ad,3114398759,3230dde637de41194b58cfe2dc8b0aa2bef61acadedc1a822643cebcb664d751,https://huggingface.co/datasets/Toycat/SToCorpus-88M/resolve/6f699f128416e8d55d6ab74976e964caec98b157/cellxgene/54423d08-67f3-4ded-bbf3-9eba4697081d_C57BL6J-1.062.h5ad
Toycat/SToCorpus-88M,6f699f128416e8d55d6ab74976e964caec98b157,cellxgene/54423d08-67f3-4ded-bbf3-9eba4697081d_C57BL6J-1.063.h5ad,2746449327,e324d69e15868abe56b25099abd24ae879a3a9b220ab587db72b5271bf556caa,https://huggingface.co/datasets/Toycat/SToCorpus-88M/resolve/6f699f128416e8d55d6ab74976e964caec98b157/cellxgene/54423d08-67f3-4ded-bbf3-9eba4697081d_C57BL6J-1.063.h5ad
Toycat/SToCorpus-88M,6f699f128416e8d55d6ab74976e964caec98b157,cellxgene/54423d08-67f3-4ded-bbf3-9eba4697081d_C57BL6J-1.064.h5ad,3191549091,9dd6441d177063496f6c3fa2439ea2901d008a68788d359b3041ff8d0c495d01,https://huggingface.co/datasets/Toycat/SToCorpus-88M/resolve/6f699f128416e8d55d6ab74976e964caec98b157/cellxgene/54423d08-67f3-4ded-bbf3-9eba4697081d_C57BL6J-1.064.h5ad
Toycat/SToCorpus-88M,6f699f128416e8d55d6ab74976e964caec98b157,cellxgene/54423d08-67f3-4ded-bbf3-9eba4697081d_C57BL6J-1.065.h5ad,2562510647,b7c48ddf4d93aea7387ae740c9a823c7b73e55427f7ed01418ccdbdfcef4037b,https://huggingface.co/datasets/Toycat/SToCorpus-88M/resolve/6f699f128416e8d55d6ab74976e964caec98b157/cellxgene/54423d08-67f3-4ded-bbf3-9eba4697081d_C57BL6J-1.065.h5ad
Toycat/SToCorpus-88M,6f699f128416e8d55d6ab74976e964caec98b157,cellxgene/54423d08-67f3-4ded-bbf3-9eba4697081d_C57BL6J-1.066.h5ad,2853994124,8484eb3dbfe08c42d3f7666d04f8a6e97121244cd1351eddee4841d6291f6d36,https://huggingface.co/datasets/Toycat/SToCorpus-88M/resolve/6f699f128416e8d55d6ab74976e964caec98b157/cellxgene/54423d08-67f3-4ded-bbf3-9eba4697081d_C57BL6J-1.066.h5ad
Toycat/SToCorpus-88M,6f699f128416e8d55d6ab74976e964caec98b157,cellxgene/54423d08-67f3-4ded-bbf3-9eba4697081d_C57BL6J-1.067.h5ad,2895168676,28555e161becc51d47f2d45f5bb0dbdad6ea8c317ba754483c8b7dd9e2a073eb,https://huggingface.co/datasets/Toycat/SToCorpus-88M/resolve/6f699f128416e8d55d6ab74976e964caec98b157/cellxgene/54423d08-67f3-4ded-bbf3-9eba4697081d_C57BL6J-1.067.h5ad
Toycat/SToCorpus-88M,6f699f128416e8d55d6ab74976e964caec98b157,cellxgene/54423d08-67f3-4ded-bbf3-9eba4697081d_C57BL6J-1.068.h5ad,2896499777,770fec2a9a6db18573b170c8b5396f54a92fa677e9d6dda6faf4c7f33faa29cd,https://huggingface.co/datasets/Toycat/SToCorpus-88M/resolve/6f699f128416e8d55d6ab74976e964caec98b157/cellxgene/54423d08-67f3-4ded-bbf3-9eba4697081d_C57BL6J-1.068.h5ad
Toycat/SToCorpus-88M,6f699f128416e8d55d6ab74976e964caec98b157,cellxgene/54423d08-67f3-4ded-bbf3-9eba4697081d_C57BL6J-1.069.h5ad,2409436321,9ff8d064ee544aca240d1a19508f8a66f1e5e7c7bdb8fafde5b4155e425f45fd,https://huggingface.co/datasets/Toycat/SToCorpus-88M/resolve/6f699f128416e8d55d6ab74976e964caec98b157/cellxgene/54423d08-67f3-4ded-bbf3-9eba4697081d_C57BL6J-1.069.h5ad
Toycat/SToCorpus-88M,6f699f128416e8d55d6ab74976e964caec98b157,cellxgene/54423d08-67f3-4ded-bbf3-9eba4697081d_C57BL6J-1.070.h5ad,2891772506,5bead10cc87ab9f87e46dfe0eb593319f5dc7fdb0561241504d2708179886870,https://huggingface.co/datasets/Toycat/SToCorpus-88M/resolve/6f699f128416e8d55d6ab74976e964caec98b157/cellxgene/54423d08-67f3-4ded-bbf3-9eba4697081d_C57BL6J-1.070.h5ad
Toycat/SToCorpus-88M,6f699f128416e8d55d6ab74976e964caec98b157,cellxgene/54423d08-67f3-4ded-bbf3-9eba4697081d_C57BL6J-1.071.h5ad,3051261826,8f7de12ea7f5121b81410d537e8b0ae7b47f0e1967f1ee8e2d97882af48cd11b,https://huggingface.co/datasets/Toycat/SToCorpus-88M/resolve/6f699f128416e8d55d6ab74976e964caec98b157/cellxgene/54423d08-67f3-4ded-bbf3-9eba4697081d_C57BL6J-1.071.h5ad
Toycat/SToCorpus-88M,6f699f128416e8d55d6ab74976e964caec98b157,cellxgene/54423d08-67f3-4ded-bbf3-9eba4697081d_C57BL6J-1.072.h5ad,2480687360,50a0f4abec6e0e27d045f6e0f0eff4ee6be48cc4ff3af3aaea11e5e934c8962f,https://huggingface.co/datasets/Toycat/SToCorpus-88M/resolve/6f699f128416e8d55d6ab74976e964caec98b157/cellxgene/54423d08-67f3-4ded-bbf3-9eba4697081d_C57BL6J-1.072.h5ad
Toycat/SToCorpus-88M,6f699f128416e8d55d6ab74976e964caec98b157,cellxgene/54423d08-67f3-4ded-bbf3-9eba4697081d_C57BL6J-1.073.h5ad,2886802356,2edc01bc2fd693fc8ad42dc13516db3db41c3dd0c128a361f927209ac2c8d67a,https://huggingface.co/datasets/Toycat/SToCorpus-88M/resolve/6f699f128416e8d55d6ab74976e964caec98b157/cellxgene/54423d08-67f3-4ded-bbf3-9eba4697081d_C57BL6J-1.073.h5ad
Toycat/SToCorpus-88M,6f699f128416e8d55d6ab74976e964caec98b157,cellxgene/54423d08-67f3-4ded-bbf3-9eba4697081d_C57BL6J-1.074.h5ad,2776213870,b35463947cb2fd8c426a7317a91d68be7f803b44ff2ffc860d070a4f792f8941,https://huggingface.co/datasets/Toycat/SToCorpus-88M/resolve/6f699f128416e8d55d6ab74976e964caec98b157/cellxgene/54423d08-67f3-4ded-bbf3-9eba4697081d_C57BL6J-1.074.h5ad
Toycat/SToCorpus-88M,6f699f128416e8d55d6ab74976e964caec98b157,cellxgene/54423d08-67f3-4ded-bbf3-9eba4697081d_C57BL6J-1.076.h5ad,3088176046,b4ba928beb44b4aded2d29333b7bad56b44ab20aa47cabd25943fa9e0bef7e0a,https://huggingface.co/datasets/Toycat/SToCorpus-88M/resolve/6f699f128416e8d55d6ab74976e964caec98b157/cellxgene/54423d08-67f3-4ded-bbf3-9eba4697081d_C57BL6J-1.076.h5ad
Toycat/SToCorpus-88M,6f699f128416e8d55d6ab74976e964caec98b157,cellxgene/54423d08-67f3-4ded-bbf3-9eba4697081d_C57BL6J-1.077.h5ad,3156393858,a16e231596affc90a6d569acb26f25e8d2334b99bb8bfc181fb26cd5b7fd4129,https://huggingface.co/datasets/Toycat/SToCorpus-88M/resolve/6f699f128416e8d55d6ab74976e964caec98b157/cellxgene/54423d08-67f3-4ded-bbf3-9eba4697081d_C57BL6J-1.077.h5ad
Toycat/SToCorpus-88M,6f699f128416e8d55d6ab74976e964caec98b157,cellxgene/54423d08-67f3-4ded-bbf3-9eba4697081d_C57BL6J-1.078.h5ad,3598484284,408f93a661d145b338b73d29a457b1ab76bd65627a5a8cb68c4b424780365e03,https://huggingface.co/datasets/Toycat/SToCorpus-88M/resolve/6f699f128416e8d55d6ab74976e964caec98b157/cellxgene/54423d08-67f3-4ded-bbf3-9eba4697081d_C57BL6J-1.078.h5ad
Toycat/SToCorpus-88M,6f699f128416e8d55d6ab74976e964caec98b157,cellxgene/54423d08-67f3-4ded-bbf3-9eba4697081d_C57BL6J-1.079.h5ad,3211505978,5c4b8caf8051d778347843186da9ebfc8ae71acca5deeeaea25e58a60a37fe24,https://huggingface.co/datasets/Toycat/SToCorpus-88M/resolve/6f699f128416e8d55d6ab74976e964caec98b157/cellxgene/54423d08-67f3-4ded-bbf3-9eba4697081d_C57BL6J-1.079.h5ad
Toycat/SToCorpus-88M,6f699f128416e8d55d6ab74976e964caec98b157,cellxgene/54423d08-67f3-4ded-bbf3-9eba4697081d_C57BL6J-1.080.h5ad,3799010547,e7146931f3a1fc99be40daf4c553f8fee1fe7fe04d4d46f8548495635af6bf54,https://huggingface.co/datasets/Toycat/SToCorpus-88M/resolve/6f699f128416e8d55d6ab74976e964caec98b157/cellxgene/54423d08-67f3-4ded-bbf3-9eba4697081d_C57BL6J-1.080.h5ad
Toycat/SToCorpus-88M,6f699f128416e8d55d6ab74976e964caec98b157,cellxgene/54423d08-67f3-4ded-bbf3-9eba4697081d_C57BL6J-1.081.h5ad,3356402017,d96a7a72de7a47a316a00099431fdc3554072bba815a21fa836375b8e460c983,https://huggingface.co/datasets/Toycat/SToCorpus-88M/resolve/6f699f128416e8d55d6ab74976e964caec98b157/cellxgene/54423d08-67f3-4ded-bbf3-9eba4697081d_C57BL6J-1.081.h5ad
Toycat/SToCorpus-88M,6f699f128416e8d55d6ab74976e964caec98b157,cellxgene/54d48d10-3ee8-43eb-afe4-2c77440518ea.h5ad,19840543,e64a18f301f71e0fc6ac8e72ef5d947079cdc224b9f84a143846f6adc5b7ad85,https://huggingface.co/datasets/Toycat/SToCorpus-88M/resolve/6f699f128416e8d55d6ab74976e964caec98b157/cellxgene/54d48d10-3ee8-43eb-afe4-2c77440518ea.h5ad
Toycat/SToCorpus-88M,6f699f128416e8d55d6ab74976e964caec98b157,cellxgene/54f119b5-acd8-470f-aa54-c3056b22ff27.h5ad,9818563,2131fdd7e00b22260c612d3798301b04ba4444af7b03f861707bbef27f141fdb,https://huggingface.co/datasets/Toycat/SToCorpus-88M/resolve/6f699f128416e8d55d6ab74976e964caec98b157/cellxgene/54f119b5-acd8-470f-aa54-c3056b22ff27.h5ad
Toycat/SToCorpus-88M,6f699f128416e8d55d6ab74976e964caec98b157,cellxgene/55a17c88-8194-4d4e-bab6-c260b15a4da2.h5ad,13980443,2007ff37a9b1345c805d884b4ba3683f17fda9320ada2e8721ed5eea595bd7c6,https://huggingface.co/datasets/Toycat/SToCorpus-88M/resolve/6f699f128416e8d55d6ab74976e964caec98b157/cellxgene/55a17c88-8194-4d4e-bab6-c260b15a4da2.h5ad
Toycat/SToCorpus-88M,6f699f128416e8d55d6ab74976e964caec98b157,cellxgene/57055018-b596-42a9-b8ef-94434bc5b253.h5ad,51716458,92ba5c9a53e06569f0118197b6acf9da5864847f34c29e214ade9f5169530df7,https://huggingface.co/datasets/Toycat/SToCorpus-88M/resolve/6f699f128416e8d55d6ab74976e964caec98b157/cellxgene/57055018-b596-42a9-b8ef-94434bc5b253.h5ad
Toycat/SToCorpus-88M,6f699f128416e8d55d6ab74976e964caec98b157,cellxgene/5818869d-20ef-4d04-b0fd-21e8b82478ba.h5ad,23850289,6766c0201bbff33c2bf30201c90e99f199f6ee7efec4573b28dea6205979d632,https://huggingface.co/datasets/Toycat/SToCorpus-88M/resolve/6f699f128416e8d55d6ab74976e964caec98b157/cellxgene/5818869d-20ef-4d04-b0fd-21e8b82478ba.h5ad
Toycat/SToCorpus-88M,6f699f128416e8d55d6ab74976e964caec98b157,cellxgene/5859036d-a8a2-4dc6-b14a-741000f94daa.h5ad,14150316,4570146c0086fdbba5ce19fb0fa66373c917aa20092956bdee8c579a1b77d13d,https://huggingface.co/datasets/Toycat/SToCorpus-88M/resolve/6f699f128416e8d55d6ab74976e964caec98b157/cellxgene/5859036d-a8a2-4dc6-b14a-741000f94daa.h5ad
Toycat/SToCorpus-88M,6f699f128416e8d55d6ab74976e964caec98b157,cellxgene/5878d62a-b821-4605-b6ef-1925bff9eff0.h5ad,10378428,3d840251f90bff16a25c7666d8045e48c02b436d9743753c3e65bfec2f54c2b2,https://huggingface.co/datasets/Toycat/SToCorpus-88M/resolve/6f699f128416e8d55d6ab74976e964caec98b157/cellxgene/5878d62a-b821-4605-b6ef-1925bff9eff0.h5ad
Toycat/SToCorpus-88M,6f699f128416e8d55d6ab74976e964caec98b157,cellxgene/589d98a8-c8d6-43af-b63d-5e3203178c7e.h5ad,8778354,698c1da46f5d776ac263361780217f848b39436165656ab6147b06af7b19398c,https://huggingface.co/datasets/Toycat/SToCorpus-88M/resolve/6f699f128416e8d55d6ab74976e964caec98b157/cellxgene/589d98a8-c8d6-43af-b63d-5e3203178c7e.h5ad
Toycat/SToCorpus-88M,6f699f128416e8d55d6ab74976e964caec98b157,cellxgene/5aa2c5cd-8086-4b68-8772-3a0a64decca9.h5ad,60594465,606194f1a0de937ebb621a3cf430c5797f0eb42cd7e1368735b2655d2fa4c8de,https://huggingface.co/datasets/Toycat/SToCorpus-88M/resolve/6f699f128416e8d55d6ab74976e964caec98b157/cellxgene/5aa2c5cd-8086-4b68-8772-3a0a64decca9.h5ad
Toycat/SToCorpus-88M,6f699f128416e8d55d6ab74976e964caec98b157,cellxgene/5c6eaddf-2390-43f2-b589-1b4e791121dd.h5ad,19335625,1a2334f75b2592630b444dcfca2d0672b9a683f9d4fb10e1adfd3ab4bd937d72,https://huggingface.co/datasets/Toycat/SToCorpus-88M/resolve/6f699f128416e8d55d6ab74976e964caec98b157/cellxgene/5c6eaddf-2390-43f2-b589-1b4e791121dd.h5ad
Toycat/SToCorpus-88M,6f699f128416e8d55d6ab74976e964caec98b157,cellxgene/5d00d58c-396e-48f5-a71f-3c76594738cc.h5ad,32505400,5a6fd41fb6d71b234be5f6848c88d0121031e24ec35c1455a81f17a5436396a8,https://huggingface.co/datasets/Toycat/SToCorpus-88M/resolve/6f699f128416e8d55d6ab74976e964caec98b157/cellxgene/5d00d58c-396e-48f5-a71f-3c76594738cc.h5ad
Toycat/SToCorpus-88M,6f699f128416e8d55d6ab74976e964caec98b157,cellxgene/5e04fcb9-64d8-4261-8b5c-13df5cacf2a3_MsBrainAgingSpatialDonor_12.h5ad,157139602,da4e2fbac38f2145a7724498b25ef17362635fb02874e1278fe121008f55ff44,https://huggingface.co/datasets/Toycat/SToCorpus-88M/resolve/6f699f128416e8d55d6ab74976e964caec98b157/cellxgene/5e04fcb9-64d8-4261-8b5c-13df5cacf2a3_MsBrainAgingSpatialDonor_12.h5ad
Toycat/SToCorpus-88M,6f699f128416e8d55d6ab74976e964caec98b157,cellxgene/5e04fcb9-64d8-4261-8b5c-13df5cacf2a3_MsBrainAgingSpatialDonor_13.h5ad,140206750,9f0a367eaf304457d71bf362763f3a8e31340354a5265f4614092d3f343342c2,https://huggingface.co/datasets/Toycat/SToCorpus-88M/resolve/6f699f128416e8d55d6ab74976e964caec98b157/cellxgene/5e04fcb9-64d8-4261-8b5c-13df5cacf2a3_MsBrainAgingSpatialDonor_13.h5ad
Toycat/SToCorpus-88M,6f699f128416e8d55d6ab74976e964caec98b157,cellxgene/5e04fcb9-64d8-4261-8b5c-13df5cacf2a3_MsBrainAgingSpatialDonor_14.h5ad,167375066,fd09e6ac62e979fe7e9ff269a7dea606981983e28a3eeddc09c9ec3ffe8799b9,https://huggingface.co/datasets/Toycat/SToCorpus-88M/resolve/6f699f128416e8d55d6ab74976e964caec98b157/cellxgene/5e04fcb9-64d8-4261-8b5c-13df5cacf2a3_MsBrainAgingSpatialDonor_14.h5ad
Toycat/SToCorpus-88M,6f699f128416e8d55d6ab74976e964caec98b157,cellxgene/5e04fcb9-64d8-4261-8b5c-13df5cacf2a3_MsBrainAgingSpatialDonor_15.h5ad,134039330,d417c8551680b470ebb97162bc8443652bfddb3c7dec695d70f625d32f890dce,https://huggingface.co/datasets/Toycat/SToCorpus-88M/resolve/6f699f128416e8d55d6ab74976e964caec98b157/cellxgene/5e04fcb9-64d8-4261-8b5c-13df5cacf2a3_MsBrainAgingSpatialDonor_15.h5ad
Toycat/SToCorpus-88M,6f699f128416e8d55d6ab74976e964caec98b157,cellxgene/5e04fcb9-64d8-4261-8b5c-13df5cacf2a3_MsBrainAgingSpatialDonor_16.h5ad,154547350,3c628343995203880344bb59b43939b676b3db42cf04be52806ae20bafdca679,https://huggingface.co/datasets/Toycat/SToCorpus-88M/resolve/6f699f128416e8d55d6ab74976e964caec98b157/cellxgene/5e04fcb9-64d8-4261-8b5c-13df5cacf2a3_MsBrainAgingSpatialDonor_16.h5ad
Toycat/SToCorpus-88M,6f699f128416e8d55d6ab74976e964caec98b157,cellxgene/5e04fcb9-64d8-4261-8b5c-13df5cacf2a3_MsBrainAgingSpatialDonor_17.h5ad,155942418,c6ebba372653ddc38632a3efd42052b65116ef150ec7c37b51306566e27b82d2,https://huggingface.co/datasets/Toycat/SToCorpus-88M/resolve/6f699f128416e8d55d6ab74976e964caec98b157/cellxgene/5e04fcb9-64d8-4261-8b5c-13df5cacf2a3_MsBrainAgingSpatialDonor_17.h5ad
Toycat/SToCorpus-88M,6f699f128416e8d55d6ab74976e964caec98b157,cellxgene/5e04fcb9-64d8-4261-8b5c-13df5cacf2a3_MsBrainAgingSpatialDonor_18.h5ad,137186706,a2c316b3a018acb00be2ca760da2105005527cfdf2987481de0e055d5f67af91,https://huggingface.co/datasets/Toycat/SToCorpus-88M/resolve/6f699f128416e8d55d6ab74976e964caec98b157/cellxgene/5e04fcb9-64d8-4261-8b5c-13df5cacf2a3_MsBrainAgingSpatialDonor_18.h5ad
Toycat/SToCorpus-88M,6f699f128416e8d55d6ab74976e964caec98b157,cellxgene/5e04fcb9-64d8-4261-8b5c-13df5cacf2a3_MsBrainAgingSpatialDonor_19.h5ad,130827298,61cc21cc841836d80325efe41b649d5696bb5f46c54286c46ff7509c1638e131,https://huggingface.co/datasets/Toycat/SToCorpus-88M/resolve/6f699f128416e8d55d6ab74976e964caec98b157/cellxgene/5e04fcb9-64d8-4261-8b5c-13df5cacf2a3_MsBrainAgingSpatialDonor_19.h5ad
Toycat/SToCorpus-88M,6f699f128416e8d55d6ab74976e964caec98b157,cellxgene/5e37c65d-e44c-419c-ad35-bad5069f2dc8.h5ad,10776161,6dc2e47f29f5d35c1206cf785d73e335f4a9f1d02f9903b084a2797f5b49d32f,https://huggingface.co/datasets/Toycat/SToCorpus-88M/resolve/6f699f128416e8d55d6ab74976e964caec98b157/cellxgene/5e37c65d-e44c-419c-ad35-bad5069f2dc8.h5ad
Toycat/SToCorpus-88M,6f699f128416e8d55d6ab74976e964caec98b157,cellxgene/5e4f481f-bf7e-49db-906c-0d60eb4544ae.h5ad,29760514,8d85d4b94c0d7a1a2d5d44098305b87498616a6d605ea829d8160aef534a1933,https://huggingface.co/datasets/Toycat/SToCorpus-88M/resolve/6f699f128416e8d55d6ab74976e964caec98b157/cellxgene/5e4f481f-bf7e-49db-906c-0d60eb4544ae.h5ad
Toycat/SToCorpus-88M,6f699f128416e8d55d6ab74976e964caec98b157,cellxgene/5e74bb42-b486-4db0-8333-3aeb14895863.h5ad,18726824,e8090b685593f27ecb7dd2c2a8c426c9af9528031126e1292f7a23fc71fd0933,https://huggingface.co/datasets/Toycat/SToCorpus-88M/resolve/6f699f128416e8d55d6ab74976e964caec98b157/cellxgene/5e74bb42-b486-4db0-8333-3aeb14895863.h5ad
Toycat/SToCorpus-88M,6f699f128416e8d55d6ab74976e964caec98b157,cellxgene/5fbe8325-ac61-4a67-9f53-602b57a41601.h5ad,23541027,7f99306d884e75169a627323cd054b955afcf17dd1d6d3b956d48e363bf62853,https://huggingface.co/datasets/Toycat/SToCorpus-88M/resolve/6f699f128416e8d55d6ab74976e964caec98b157/cellxgene/5fbe8325-ac61-4a67-9f53-602b57a41601.h5ad
Toycat/SToCorpus-88M,6f699f128416e8d55d6ab74976e964caec98b157,cellxgene/5fdcf518-b659-43b0-92a3-64355bfc5976.h5ad,7181823,54b677d6826650ea1b51891381793882e6b7a9e1bedccf99c6eb751bc9778b51,https://huggingface.co/datasets/Toycat/SToCorpus-88M/resolve/6f699f128416e8d55d6ab74976e964caec98b157/cellxgene/5fdcf518-b659-43b0-92a3-64355bfc5976.h5ad
Toycat/SToCorpus-88M,6f699f128416e8d55d6ab74976e964caec98b157,cellxgene/60c4152a-1417-4e51-b123-e99a235d2a11.h5ad,22548924,801242dd07b574a2c94b3dd8dc3455ad111239987532c57dbefa9057c8507922,https://huggingface.co/datasets/Toycat/SToCorpus-88M/resolve/6f699f128416e8d55d6ab74976e964caec98b157/cellxgene/60c4152a-1417-4e51-b123-e99a235d2a11.h5ad
Toycat/SToCorpus-88M,6f699f128416e8d55d6ab74976e964caec98b157,cellxgene/610d3cf6-0f58-4d6b-92f8-2484cbd3d3f7_MsBrainAgingSpatialDonor_1.h5ad,76562708,f7d7c06636d6948dadace405e0ea6381a3ebf8206173d2e5d9cf058aada2318d,https://huggingface.co/datasets/Toycat/SToCorpus-88M/resolve/6f699f128416e8d55d6ab74976e964caec98b157/cellxgene/610d3cf6-0f58-4d6b-92f8-2484cbd3d3f7_MsBrainAgingSpatialDonor_1.h5ad
Toycat/SToCorpus-88M,6f699f128416e8d55d6ab74976e964caec98b157,cellxgene/610d3cf6-0f58-4d6b-92f8-2484cbd3d3f7_MsBrainAgingSpatialDonor_10.h5ad,103215462,bad7cd0e89347cecaea77526871ac36614e3a8f154fa851a7b8d750c133497c6,https://huggingface.co/datasets/Toycat/SToCorpus-88M/resolve/6f699f128416e8d55d6ab74976e964caec98b157/cellxgene/610d3cf6-0f58-4d6b-92f8-2484cbd3d3f7_MsBrainAgingSpatialDonor_10.h5ad
Toycat/SToCorpus-88M,6f699f128416e8d55d6ab74976e964caec98b157,cellxgene/610d3cf6-0f58-4d6b-92f8-2484cbd3d3f7_MsBrainAgingSpatialDonor_11.h5ad,106291458,aab58ab380c5099131673ee31595de29bb8121ad6ff277d3109ef0577220875b,https://huggingface.co/datasets/Toycat/SToCorpus-88M/resolve/6f699f128416e8d55d6ab74976e964caec98b157/cellxgene/610d3cf6-0f58-4d6b-92f8-2484cbd3d3f7_MsBrainAgingSpatialDonor_11.h5ad
Toycat/SToCorpus-88M,6f699f128416e8d55d6ab74976e964caec98b157,cellxgene/610d3cf6-0f58-4d6b-92f8-2484cbd3d3f7_MsBrainAgingSpatialDonor_12.h5ad,121257990,66d5082d99c8afadae3e4ffda35d3e24dc478ef3290af8598347ac5f43278363,https://huggingface.co/datasets/Toycat/SToCorpus-88M/resolve/6f699f128416e8d55d6ab74976e964caec98b157/cellxgene/610d3cf6-0f58-4d6b-92f8-2484cbd3d3f7_MsBrainAgingSpatialDonor_12.h5ad
Toycat/SToCorpus-88M,6f699f128416e8d55d6ab74976e964caec98b157,cellxgene/610d3cf6-0f58-4d6b-92f8-2484cbd3d3f7_MsBrainAgingSpatialDonor_2.h5ad,147304664,7f7539b112e73e313c10b482cf0dfbf910f700ab0beaaecd451419145db32387,https://huggingface.co/datasets/Toycat/SToCorpus-88M/resolve/6f699f128416e8d55d6ab74976e964caec98b157/cellxgene/610d3cf6-0f58-4d6b-92f8-2484cbd3d3f7_MsBrainAgingSpatialDonor_2.h5ad
Toycat/SToCorpus-88M,6f699f128416e8d55d6ab74976e964caec98b157,cellxgene/610d3cf6-0f58-4d6b-92f8-2484cbd3d3f7_MsBrainAgingSpatialDonor_3.h5ad,128868626,358ed1106e7097607489924d36e069246a350678da6b906dd4f80c7b2e76687d,https://huggingface.co/datasets/Toycat/SToCorpus-88M/resolve/6f699f128416e8d55d6ab74976e964caec98b157/cellxgene/610d3cf6-0f58-4d6b-92f8-2484cbd3d3f7_MsBrainAgingSpatialDonor_3.h5ad
Toycat/SToCorpus-88M,6f699f128416e8d55d6ab74976e964caec98b157,cellxgene/610d3cf6-0f58-4d6b-92f8-2484cbd3d3f7_MsBrainAgingSpatialDonor_4.h5ad,115421928,bb39dd5edf3ad01a42e17ea18995361f7ee34a1aadae3c7f347d56520f3c3eae,https://huggingface.co/datasets/Toycat/SToCorpus-88M/resolve/6f699f128416e8d55d6ab74976e964caec98b157/cellxgene/610d3cf6-0f58-4d6b-92f8-2484cbd3d3f7_MsBrainAgingSpatialDonor_4.h5ad
Toycat/SToCorpus-88M,6f699f128416e8d55d6ab74976e964caec98b157,cellxgene/610d3cf6-0f58-4d6b-92f8-2484cbd3d3f7_MsBrainAgingSpatialDonor_5.h5ad,107628722,ed6fbe002c3b9a8ba9258d19157524af221b730b3603aaee66ad0eeeaab787aa,https://huggingface.co/datasets/Toycat/SToCorpus-88M/resolve/6f699f128416e8d55d6ab74976e964caec98b157/cellxgene/610d3cf6-0f58-4d6b-92f8-2484cbd3d3f7_MsBrainAgingSpatialDonor_5.h5ad
Toycat/SToCorpus-88M,6f699f128416e8d55d6ab74976e964caec98b157,cellxgene/610d3cf6-0f58-4d6b-92f8-2484cbd3d3f7_MsBrainAgingSpatialDonor_6.h5ad,95028194,3725b08b9527795c7c1fb339483150faba5b6990a5229ece92f243babd62553a,https://huggingface.co/datasets/Toycat/SToCorpus-88M/resolve/6f699f128416e8d55d6ab74976e964caec98b157/cellxgene/610d3cf6-0f58-4d6b-92f8-2484cbd3d3f7_MsBrainAgingSpatialDonor_6.h5ad
Toycat/SToCorpus-88M,6f699f128416e8d55d6ab74976e964caec98b157,cellxgene/610d3cf6-0f58-4d6b-92f8-2484cbd3d3f7_MsBrainAgingSpatialDonor_7.h5ad,120126384,3d94f88786a1d3ee218ca3d90dd299b762a49442be09a78748be8061dd4f967b,https://huggingface.co/datasets/Toycat/SToCorpus-88M/resolve/6f699f128416e8d55d6ab74976e964caec98b157/cellxgene/610d3cf6-0f58-4d6b-92f8-2484cbd3d3f7_MsBrainAgingSpatialDonor_7.h5ad
Toycat/SToCorpus-88M,6f699f128416e8d55d6ab74976e964caec98b157,cellxgene/610d3cf6-0f58-4d6b-92f8-2484cbd3d3f7_MsBrainAgingSpatialDonor_8.h5ad,140164004,bd3e161ed0185394a2d28bc4a38d05e1af568a5b89082e31df9dfc5c681c16bd,https://huggingface.co/datasets/Toycat/SToCorpus-88M/resolve/6f699f128416e8d55d6ab74976e964caec98b157/cellxgene/610d3cf6-0f58-4d6b-92f8-2484cbd3d3f7_MsBrainAgingSpatialDonor_8.h5ad
Toycat/SToCorpus-88M,6f699f128416e8d55d6ab74976e964caec98b157,cellxgene/610d3cf6-0f58-4d6b-92f8-2484cbd3d3f7_MsBrainAgingSpatialDonor_9.h5ad,123994040,fe5626e566da2fa822bb94bde6a322f3aa996b4de231c0e558fe881da9c6f7a5,https://huggingface.co/datasets/Toycat/SToCorpus-88M/resolve/6f699f128416e8d55d6ab74976e964caec98b157/cellxgene/610d3cf6-0f58-4d6b-92f8-2484cbd3d3f7_MsBrainAgingSpatialDonor_9.h5ad
Toycat/SToCorpus-88M,6f699f128416e8d55d6ab74976e964caec98b157,cellxgene/617a246f-436b-437a-b447-e67ff2c2dc18_dataset1_sample1.h5ad,26064432,443a0bcaf2807711231d9da42f4c6dacb171bce2b74e833a84cf88eede4fd023,https://huggingface.co/datasets/Toycat/SToCorpus-88M/resolve/6f699f128416e8d55d6ab74976e964caec98b157/cellxgene/617a246f-436b-437a-b447-e67ff2c2dc18_dataset1_sample1.h5ad
Toycat/SToCorpus-88M,6f699f128416e8d55d6ab74976e964caec98b157,cellxgene/617a246f-436b-437a-b447-e67ff2c2dc18_dataset1_sample2.h5ad,44193262,b6e1ccc29f26be7ed390909b8806a0e7bee3f36284921f0c238c406286e477e8,https://huggingface.co/datasets/Toycat/SToCorpus-88M/resolve/6f699f128416e8d55d6ab74976e964caec98b157/cellxgene/617a246f-436b-437a-b447-e67ff2c2dc18_dataset1_sample2.h5ad
Toycat/SToCorpus-88M,6f699f128416e8d55d6ab74976e964caec98b157,cellxgene/617a246f-436b-437a-b447-e67ff2c2dc18_dataset1_sample3.h5ad,33992614,bbc0e5883a679f92e338a7d9cc47e4011bb70e495ed07a07e63d21d25fdadc03,https://huggingface.co/datasets/Toycat/SToCorpus-88M/resolve/6f699f128416e8d55d6ab74976e964caec98b157/cellxgene/617a246f-436b-437a-b447-e67ff2c2dc18_dataset1_sample3.h5ad
Toycat/SToCorpus-88M,6f699f128416e8d55d6ab74976e964caec98b157,cellxgene/617a246f-436b-437a-b447-e67ff2c2dc18_dataset1_sample4.h5ad,50161134,3546bc859e4b523474f63b05b88d2b2d00e957006205d16654a4bd5acd969515,https://huggingface.co/datasets/Toycat/SToCorpus-88M/resolve/6f699f128416e8d55d6ab74976e964caec98b157/cellxgene/617a246f-436b-437a-b447-e67ff2c2dc18_dataset1_sample4.h5ad
Toycat/SToCorpus-88M,6f699f128416e8d55d6ab74976e964caec98b157,cellxgene/617a246f-436b-437a-b447-e67ff2c2dc18_dataset1_sample5.h5ad,46123250,871d7bed7a8659c76bc07b5971c9b6ad21439a75d31420f7056f808598f4a24f,https://huggingface.co/datasets/Toycat/SToCorpus-88M/resolve/6f699f128416e8d55d6ab74976e964caec98b157/cellxgene/617a246f-436b-437a-b447-e67ff2c2dc18_dataset1_sample5.h5ad
Toycat/SToCorpus-88M,6f699f128416e8d55d6ab74976e964caec98b157,cellxgene/617a246f-436b-437a-b447-e67ff2c2dc18_dataset1_sample6.h5ad,33249388,7bdf201d2e713b88dc84057f3e336e066c84b4007e82b369b57b7f4864912b7c,https://huggingface.co/datasets/Toycat/SToCorpus-88M/resolve/6f699f128416e8d55d6ab74976e964caec98b157/cellxgene/617a246f-436b-437a-b447-e67ff2c2dc18_dataset1_sample6.h5ad
Toycat/SToCorpus-88M,6f699f128416e8d55d6ab74976e964caec98b157,cellxgene/617a246f-436b-437a-b447-e67ff2c2dc18_dataset2_sample1.h5ad,21381070,f9994dd8574266ef4658ef90eb245db155cd208b67b9fd755b6222062bb80af5,https://huggingface.co/datasets/Toycat/SToCorpus-88M/resolve/6f699f128416e8d55d6ab74976e964caec98b157/cellxgene/617a246f-436b-437a-b447-e67ff2c2dc18_dataset2_sample1.h5ad
Toycat/SToCorpus-88M,6f699f128416e8d55d6ab74976e964caec98b157,cellxgene/617a246f-436b-437a-b447-e67ff2c2dc18_dataset2_sample2.h5ad,31783194,c5010e8e9e35965fbe0c9f25398121bb57e3dd86c754469b11ee91d2e31d3ad9,https://huggingface.co/datasets/Toycat/SToCorpus-88M/resolve/6f699f128416e8d55d6ab74976e964caec98b157/cellxgene/617a246f-436b-437a-b447-e67ff2c2dc18_dataset2_sample2.h5ad
Toycat/SToCorpus-88M,6f699f128416e8d55d6ab74976e964caec98b157,cellxgene/617a246f-436b-437a-b447-e67ff2c2dc18_dataset2_sample3.h5ad,23537022,d3f23409106f37ffb07e3294271de1900b4b645218176f084b6b8844d71b1351,https://huggingface.co/datasets/Toycat/SToCorpus-88M/resolve/6f699f128416e8d55d6ab74976e964caec98b157/cellxgene/617a246f-436b-437a-b447-e67ff2c2dc18_dataset2_sample3.h5ad
Toycat/SToCorpus-88M,6f699f128416e8d55d6ab74976e964caec98b157,cellxgene/617a246f-436b-437a-b447-e67ff2c2dc18_dataset2_sample4.h5ad,30419120,7b582c8844b1fc5b17abf36eb0b2e2d546214655e10dd5adb25cdd8c04e7adee,https://huggingface.co/datasets/Toycat/SToCorpus-88M/resolve/6f699f128416e8d55d6ab74976e964caec98b157/cellxgene/617a246f-436b-437a-b447-e67ff2c2dc18_dataset2_sample4.h5ad
Toycat/SToCorpus-88M,6f699f128416e8d55d6ab74976e964caec98b157,cellxgene/617a246f-436b-437a-b447-e67ff2c2dc18_dataset2_sample5.h5ad,28226926,e0538632bd17a5fe74341aab60a7a884e1da618e9319135923db379be73495c9,https://huggingface.co/datasets/Toycat/SToCorpus-88M/resolve/6f699f128416e8d55d6ab74976e964caec98b157/cellxgene/617a246f-436b-437a-b447-e67ff2c2dc18_dataset2_sample5.h5ad
Toycat/SToCorpus-88M,6f699f128416e8d55d6ab74976e964caec98b157,cellxgene/617a246f-436b-437a-b447-e67ff2c2dc18_dataset2_sample6.h5ad,32345572,63b1a19bf14f07323fec75d76b0b0477964ed39c13d04c6fc8b0df19f4dbde8f,https://huggingface.co/datasets/Toycat/SToCorpus-88M/resolve/6f699f128416e8d55d6ab74976e964caec98b157/cellxgene/617a246f-436b-437a-b447-e67ff2c2dc18_dataset2_sample6.h5ad
Toycat/SToCorpus-88M,6f699f128416e8d55d6ab74976e964caec98b157,cellxgene/62b59e5c-91a9-4213-9f72-944ebf25b113.h5ad,69449099,731848ea6dcc1c4ac7031c9b3f4b7a163191378cdc6049ce83f300f06de0a53b,https://huggingface.co/datasets/Toycat/SToCorpus-88M/resolve/6f699f128416e8d55d6ab74976e964caec98b157/cellxgene/62b59e5c-91a9-4213-9f72-944ebf25b113.h5ad
Toycat/SToCorpus-88M,6f699f128416e8d55d6ab74976e964caec98b157,cellxgene/65844255-c944-450c-b1ea-01f16f4b3be7.h5ad,102176161,485ad18da136a73ce50b637facad9b4369a6d5eb669ee067e66104f02b465a5c,https://huggingface.co/datasets/Toycat/SToCorpus-88M/resolve/6f699f128416e8d55d6ab74976e964caec98b157/cellxgene/65844255-c944-450c-b1ea-01f16f4b3be7.h5ad
Toycat/SToCorpus-88M,6f699f128416e8d55d6ab74976e964caec98b157,cellxgene/67e2d83c-b80a-48b7-a3ff-ee1b79b169a0.h5ad,23519030,dcd92d6679a9e611ed945be4db6df1ed0d869e7b927683c8ae208a5aff88d4ad,https://huggingface.co/datasets/Toycat/SToCorpus-88M/resolve/6f699f128416e8d55d6ab74976e964caec98b157/cellxgene/67e2d83c-b80a-48b7-a3ff-ee1b79b169a0.h5ad
Toycat/SToCorpus-88M,6f699f128416e8d55d6ab74976e964caec98b157,cellxgene/67f65c9b-38ba-42d8-a64e-7935bfcef97b.h5ad,14766234,60544d850733def68406fe304c4a1f5422b75ff71b3186145184eee3852fefe1,https://huggingface.co/datasets/Toycat/SToCorpus-88M/resolve/6f699f128416e8d55d6ab74976e964caec98b157/cellxgene/67f65c9b-38ba-42d8-a64e-7935bfcef97b.h5ad
Toycat/SToCorpus-88M,6f699f128416e8d55d6ab74976e964caec98b157,cellxgene/68bcef83-cc6a-44a1-9b49-70e41da7acdb_C57BL6J-1.001.h5ad,20071713,2e5ca21cc3e7e31fa30f480270cdece5683d6ba1eb683959e122f7bce5eabe69,https://huggingface.co/datasets/Toycat/SToCorpus-88M/resolve/6f699f128416e8d55d6ab74976e964caec98b157/cellxgene/68bcef83-cc6a-44a1-9b49-70e41da7acdb_C57BL6J-1.001.h5ad
Toycat/SToCorpus-88M,6f699f128416e8d55d6ab74976e964caec98b157,cellxgene/68bcef83-cc6a-44a1-9b49-70e41da7acdb_C57BL6J-1.002.h5ad,19640169,8881797db22ff57f23af85d91dfa90cdf03cfdf84c9de7c0849593cf4bc8c464,https://huggingface.co/datasets/Toycat/SToCorpus-88M/resolve/6f699f128416e8d55d6ab74976e964caec98b157/cellxgene/68bcef83-cc6a-44a1-9b49-70e41da7acdb_C57BL6J-1.002.h5ad
Toycat/SToCorpus-88M,6f699f128416e8d55d6ab74976e964caec98b157,cellxgene/68bcef83-cc6a-44a1-9b49-70e41da7acdb_C57BL6J-1.003.h5ad,29616291,9ae81c23886cf995a87a3431638e31ea7ba13b5663c6b2c3cdb1fc4e758b3184,https://huggingface.co/datasets/Toycat/SToCorpus-88M/resolve/6f699f128416e8d55d6ab74976e964caec98b157/cellxgene/68bcef83-cc6a-44a1-9b49-70e41da7acdb_C57BL6J-1.003.h5ad
Toycat/SToCorpus-88M,6f699f128416e8d55d6ab74976e964caec98b157,cellxgene/68bcef83-cc6a-44a1-9b49-70e41da7acdb_C57BL6J-1.004.h5ad,34547687,e81a525ae61d355f6bddad0815a5806af828d5b73a68399b241f61989a8eec8e,https://huggingface.co/datasets/Toycat/SToCorpus-88M/resolve/6f699f128416e8d55d6ab74976e964caec98b157/cellxgene/68bcef83-cc6a-44a1-9b49-70e41da7acdb_C57BL6J-1.004.h5ad
Toycat/SToCorpus-88M,6f699f128416e8d55d6ab74976e964caec98b157,cellxgene/68bcef83-cc6a-44a1-9b49-70e41da7acdb_C57BL6J-1.005.h5ad,41598661,69ba86c5486944674402998d875e12154baae3ebe98f4770e63e2b7db97f4040,https://huggingface.co/datasets/Toycat/SToCorpus-88M/resolve/6f699f128416e8d55d6ab74976e964caec98b157/cellxgene/68bcef83-cc6a-44a1-9b49-70e41da7acdb_C57BL6J-1.005.h5ad
Toycat/SToCorpus-88M,6f699f128416e8d55d6ab74976e964caec98b157,cellxgene/68bcef83-cc6a-44a1-9b49-70e41da7acdb_C57BL6J-1.006.h5ad,35054583,e544aceea601e1fa7ed4c65e12fbd15a5299d78ddb6396e5133856487981c84f,https://huggingface.co/datasets/Toycat/SToCorpus-88M/resolve/6f699f128416e8d55d6ab74976e964caec98b157/cellxgene/68bcef83-cc6a-44a1-9b49-70e41da7acdb_C57BL6J-1.006.h5ad
Toycat/SToCorpus-88M,6f699f128416e8d55d6ab74976e964caec98b157,cellxgene/68bcef83-cc6a-44a1-9b49-70e41da7acdb_C57BL6J-1.007.h5ad,31047645,8803ea5e1eb43c0f020b7cf3af38c2fc69ef118d9155d0055ca2daea61f0bf79,https://huggingface.co/datasets/Toycat/SToCorpus-88M/resolve/6f699f128416e8d55d6ab74976e964caec98b157/cellxgene/68bcef83-cc6a-44a1-9b49-70e41da7acdb_C57BL6J-1.007.h5ad
Toycat/SToCorpus-88M,6f699f128416e8d55d6ab74976e964caec98b157,cellxgene/68bcef83-cc6a-44a1-9b49-70e41da7acdb_C57BL6J-1.008.h5ad,56223688,b149397ef3ea5b1bcbe338eb3ea60a61ee73e8111fc92fedabd507e666b43259,https://huggingface.co/datasets/Toycat/SToCorpus-88M/resolve/6f699f128416e8d55d6ab74976e964caec98b157/cellxgene/68bcef83-cc6a-44a1-9b49-70e41da7acdb_C57BL6J-1.008.h5ad
Toycat/SToCorpus-88M,6f699f128416e8d55d6ab74976e964caec98b157,cellxgene/68bcef83-cc6a-44a1-9b49-70e41da7acdb_C57BL6J-1.009.h5ad,27626656,79e4b3fa66e9485744b169d8b919189c427d2b3a4469a5f9e6c6dc4cb5d65ddb,https://huggingface.co/datasets/Toycat/SToCorpus-88M/resolve/6f699f128416e8d55d6ab74976e964caec98b157/cellxgene/68bcef83-cc6a-44a1-9b49-70e41da7acdb_C57BL6J-1.009.h5ad
Toycat/SToCorpus-88M,6f699f128416e8d55d6ab74976e964caec98b157,cellxgene/68bcef83-cc6a-44a1-9b49-70e41da7acdb_C57BL6J-1.010.h5ad,30493855,7fcc610c39b837be211aa476f331f421e558a390a4af2db58f6cebc09c56feff,https://huggingface.co/datasets/Toycat/SToCorpus-88M/resolve/6f699f128416e8d55d6ab74976e964caec98b157/cellxgene/68bcef83-cc6a-44a1-9b49-70e41da7acdb_C57BL6J-1.010.h5ad
Toycat/SToCorpus-88M,6f699f128416e8d55d6ab74976e964caec98b157,cellxgene/68bcef83-cc6a-44a1-9b49-70e41da7acdb_C57BL6J-1.011.h5ad,25652291,69bc765ea8beb1a04557465b77e949d674060a2b332ea520f859f42265ba5c6b,https://huggingface.co/datasets/Toycat/SToCorpus-88M/resolve/6f699f128416e8d55d6ab74976e964caec98b157/cellxgene/68bcef83-cc6a-44a1-9b49-70e41da7acdb_C57BL6J-1.011.h5ad
Toycat/SToCorpus-88M,6f699f128416e8d55d6ab74976e964caec98b157,cellxgene/68bcef83-cc6a-44a1-9b49-70e41da7acdb_C57BL6J-1.012.h5ad,28280844,db9da1cae0ed179c050d79f830c0752fd952f533bd81403ac9c93ccdd68b1d61,https://huggingface.co/datasets/Toycat/SToCorpus-88M/resolve/6f699f128416e8d55d6ab74976e964caec98b157/cellxgene/68bcef83-cc6a-44a1-9b49-70e41da7acdb_C57BL6J-1.012.h5ad
Toycat/SToCorpus-88M,6f699f128416e8d55d6ab74976e964caec98b157,cellxgene/68bcef83-cc6a-44a1-9b49-70e41da7acdb_C57BL6J-1.013.h5ad,36319799,a791b8da86c5995fa1734f6659f1958060124f6a7eb56c77ad41d049d160b7bb,https://huggingface.co/datasets/Toycat/SToCorpus-88M/resolve/6f699f128416e8d55d6ab74976e964caec98b157/cellxgene/68bcef83-cc6a-44a1-9b49-70e41da7acdb_C57BL6J-1.013.h5ad
Toycat/SToCorpus-88M,6f699f128416e8d55d6ab74976e964caec98b157,cellxgene/68bcef83-cc6a-44a1-9b49-70e41da7acdb_C57BL6J-1.014.h5ad,39342825,0aa134e315ff65876d63a8459892512338feeed9ea386b0c7e32afc8df0cac2b,https://huggingface.co/datasets/Toycat/SToCorpus-88M/resolve/6f699f128416e8d55d6ab74976e964caec98b157/cellxgene/68bcef83-cc6a-44a1-9b49-70e41da7acdb_C57BL6J-1.014.h5ad
Toycat/SToCorpus-88M,6f699f128416e8d55d6ab74976e964caec98b157,cellxgene/68bcef83-cc6a-44a1-9b49-70e41da7acdb_C57BL6J-1.015.h5ad,37869002,af8b64afbf62af964aa0f2fcb243ba28cc52aa8fa258b57bf3b9d83266ea0c3f,https://huggingface.co/datasets/Toycat/SToCorpus-88M/resolve/6f699f128416e8d55d6ab74976e964caec98b157/cellxgene/68bcef83-cc6a-44a1-9b49-70e41da7acdb_C57BL6J-1.015.h5ad
Toycat/SToCorpus-88M,6f699f128416e8d55d6ab74976e964caec98b157,cellxgene/68bcef83-cc6a-44a1-9b49-70e41da7acdb_C57BL6J-1.016.h5ad,29048057,a9b90460e2267c967082c2a34a42537063c0193aec4c73cd0c8b52cc11484e58,https://huggingface.co/datasets/Toycat/SToCorpus-88M/resolve/6f699f128416e8d55d6ab74976e964caec98b157/cellxgene/68bcef83-cc6a-44a1-9b49-70e41da7acdb_C57BL6J-1.016.h5ad
Toycat/SToCorpus-88M,6f699f128416e8d55d6ab74976e964caec98b157,cellxgene/68bcef83-cc6a-44a1-9b49-70e41da7acdb_C57BL6J-1.017.h5ad,25842465,af28402766a59d512355bf22cb15a7894e0434cd72af15d116661bb349e8257d,https://huggingface.co/datasets/Toycat/SToCorpus-88M/resolve/6f699f128416e8d55d6ab74976e964caec98b157/cellxgene/68bcef83-cc6a-44a1-9b49-70e41da7acdb_C57BL6J-1.017.h5ad
Toycat/SToCorpus-88M,6f699f128416e8d55d6ab74976e964caec98b157,cellxgene/68bcef83-cc6a-44a1-9b49-70e41da7acdb_C57BL6J-1.018.h5ad,40111669,35c57f4a009ce5098409ed9db952704ed03171d91020da6844ac4b328ae4ab4e,https://huggingface.co/datasets/Toycat/SToCorpus-88M/resolve/6f699f128416e8d55d6ab74976e964caec98b157/cellxgene/68bcef83-cc6a-44a1-9b49-70e41da7acdb_C57BL6J-1.018.h5ad
Toycat/SToCorpus-88M,6f699f128416e8d55d6ab74976e964caec98b157,cellxgene/68bcef83-cc6a-44a1-9b49-70e41da7acdb_C57BL6J-1.019.h5ad,24127244,c300ef2021ccfe25d4dda1783788196a16517ff84780fabbb2ecf5c402c38b5f,https://huggingface.co/datasets/Toycat/SToCorpus-88M/resolve/6f699f128416e8d55d6ab74976e964caec98b157/cellxgene/68bcef83-cc6a-44a1-9b49-70e41da7acdb_C57BL6J-1.019.h5ad
Toycat/SToCorpus-88M,6f699f128416e8d55d6ab74976e964caec98b157,cellxgene/68bcef83-cc6a-44a1-9b49-70e41da7acdb_C57BL6J-1.020.h5ad,44322256,7e2ceac8a49fdbd6f2533813e566a678904892cccaa435a0484fe07df5d095ae,https://huggingface.co/datasets/Toycat/SToCorpus-88M/resolve/6f699f128416e8d55d6ab74976e964caec98b157/cellxgene/68bcef83-cc6a-44a1-9b49-70e41da7acdb_C57BL6J-1.020.h5ad
Toycat/SToCorpus-88M,6f699f128416e8d55d6ab74976e964caec98b157,cellxgene/68bcef83-cc6a-44a1-9b49-70e41da7acdb_C57BL6J-1.021.h5ad,40385698,bfc211b4c8490183af44dfc3fe53e0b0cd0cd977576ddb6ae8f6091c15a8e3b9,https://huggingface.co/datasets/Toycat/SToCorpus-88M/resolve/6f699f128416e8d55d6ab74976e964caec98b157/cellxgene/68bcef83-cc6a-44a1-9b49-70e41da7acdb_C57BL6J-1.021.h5ad
Toycat/SToCorpus-88M,6f699f128416e8d55d6ab74976e964caec98b157,cellxgene/68bcef83-cc6a-44a1-9b49-70e41da7acdb_C57BL6J-1.022.h5ad,42010651,8385db310b16ec9550b0d2e6f108356b555257727dbafd31c08cbbc0a7483b73,https://huggingface.co/datasets/Toycat/SToCorpus-88M/resolve/6f699f128416e8d55d6ab74976e964caec98b157/cellxgene/68bcef83-cc6a-44a1-9b49-70e41da7acdb_C57BL6J-1.022.h5ad
Toycat/SToCorpus-88M,6f699f128416e8d55d6ab74976e964caec98b157,cellxgene/68bcef83-cc6a-44a1-9b49-70e41da7acdb_C57BL6J-1.023.h5ad,31219825,56b0667b17831997f698899e98b6269ff2ee71306b644d339363d62603a19544,https://huggingface.co/datasets/Toycat/SToCorpus-88M/resolve/6f699f128416e8d55d6ab74976e964caec98b157/cellxgene/68bcef83-cc6a-44a1-9b49-70e41da7acdb_C57BL6J-1.023.h5ad
Toycat/SToCorpus-88M,6f699f128416e8d55d6ab74976e964caec98b157,cellxgene/68bcef83-cc6a-44a1-9b49-70e41da7acdb_C57BL6J-1.024.h5ad,36917345,326104c3611733250a9c71cb2080f19595b0861d9d587ca27d19aa9d566e031d,https://huggingface.co/datasets/Toycat/SToCorpus-88M/resolve/6f699f128416e8d55d6ab74976e964caec98b157/cellxgene/68bcef83-cc6a-44a1-9b49-70e41da7acdb_C57BL6J-1.024.h5ad
Toycat/SToCorpus-88M,6f699f128416e8d55d6ab74976e964caec98b157,cellxgene/68bcef83-cc6a-44a1-9b49-70e41da7acdb_C57BL6J-1.025.h5ad,34735438,0076459a54e93674390a8f33598a22409ee9d62a6d2eaa4a6dec754c40866d4c,https://huggingface.co/datasets/Toycat/SToCorpus-88M/resolve/6f699f128416e8d55d6ab74976e964caec98b157/cellxgene/68bcef83-cc6a-44a1-9b49-70e41da7acdb_C57BL6J-1.025.h5ad
Toycat/SToCorpus-88M,6f699f128416e8d55d6ab74976e964caec98b157,cellxgene/68bcef83-cc6a-44a1-9b49-70e41da7acdb_C57BL6J-1.026.h5ad,29264894,ef45cefbe189bcacf7bc26c1a8e87081e6e700889ba976fb372d5b153b7284a5,https://huggingface.co/datasets/Toycat/SToCorpus-88M/resolve/6f699f128416e8d55d6ab74976e964caec98b157/cellxgene/68bcef83-cc6a-44a1-9b49-70e41da7acdb_C57BL6J-1.026.h5ad
Toycat/SToCorpus-88M,6f699f128416e8d55d6ab74976e964caec98b157,cellxgene/68bcef83-cc6a-44a1-9b49-70e41da7acdb_C57BL6J-1.027.h5ad,20325758,1983283edbaa7501b8b75abd0eba4e183c69dcd7ac904c284c21c01f36dc2b3d,https://huggingface.co/datasets/Toycat/SToCorpus-88M/resolve/6f699f128416e8d55d6ab74976e964caec98b157/cellxgene/68bcef83-cc6a-44a1-9b49-70e41da7acdb_C57BL6J-1.027.h5ad
Toycat/SToCorpus-88M,6f699f128416e8d55d6ab74976e964caec98b157,cellxgene/68bcef83-cc6a-44a1-9b49-70e41da7acdb_C57BL6J-1.028.h5ad,38927505,cb56f99009a330b15d2bf8b4e93735c11eef5f84393ef5938e87eb3fec327dd0,https://huggingface.co/datasets/Toycat/SToCorpus-88M/resolve/6f699f128416e8d55d6ab74976e964caec98b157/cellxgene/68bcef83-cc6a-44a1-9b49-70e41da7acdb_C57BL6J-1.028.h5ad
Toycat/SToCorpus-88M,6f699f128416e8d55d6ab74976e964caec98b157,cellxgene/68bcef83-cc6a-44a1-9b49-70e41da7acdb_C57BL6J-1.029.h5ad,22711933,f0cc6bd1d30bfaf94c1c5d8aad29c97c9d2dc2eb237c687950639e439da94a0d,https://huggingface.co/datasets/Toycat/SToCorpus-88M/resolve/6f699f128416e8d55d6ab74976e964caec98b157/cellxgene/68bcef83-cc6a-44a1-9b49-70e41da7acdb_C57BL6J-1.029.h5ad
Toycat/SToCorpus-88M,6f699f128416e8d55d6ab74976e964caec98b157,cellxgene/68bcef83-cc6a-44a1-9b49-70e41da7acdb_C57BL6J-1.030.h5ad,44793980,0be024722740c1a903cdddec2b73139a8680299c0ea05dca811d4ba49dc94aef,https://huggingface.co/datasets/Toycat/SToCorpus-88M/resolve/6f699f128416e8d55d6ab74976e964caec98b157/cellxgene/68bcef83-cc6a-44a1-9b49-70e41da7acdb_C57BL6J-1.030.h5ad
Toycat/SToCorpus-88M,6f699f128416e8d55d6ab74976e964caec98b157,cellxgene/68bcef83-cc6a-44a1-9b49-70e41da7acdb_C57BL6J-1.031.h5ad,38408779,4c92c4a7eea2e525ccbe8726270fa088805cb23734018c7bd9b606162915da33,https://huggingface.co/datasets/Toycat/SToCorpus-88M/resolve/6f699f128416e8d55d6ab74976e964caec98b157/cellxgene/68bcef83-cc6a-44a1-9b49-70e41da7acdb_C57BL6J-1.031.h5ad
Toycat/SToCorpus-88M,6f699f128416e8d55d6ab74976e964caec98b157,cellxgene/68bcef83-cc6a-44a1-9b49-70e41da7acdb_C57BL6J-1.032.h5ad,37108138,7cdc5ec15e631ccd352a0aa2c9e29d2f58eb941ab92a2ffecdfc0908b382d555,https://huggingface.co/datasets/Toycat/SToCorpus-88M/resolve/6f699f128416e8d55d6ab74976e964caec98b157/cellxgene/68bcef83-cc6a-44a1-9b49-70e41da7acdb_C57BL6J-1.032.h5ad
Toycat/SToCorpus-88M,6f699f128416e8d55d6ab74976e964caec98b157,cellxgene/68bcef83-cc6a-44a1-9b49-70e41da7acdb_C57BL6J-1.033.h5ad,39258957,59ac064b72a2f2f7bb738a0005540dc259aaf6f0b46fd62636790927c6debc8b,https://huggingface.co/datasets/Toycat/SToCorpus-88M/resolve/6f699f128416e8d55d6ab74976e964caec98b157/cellxgene/68bcef83-cc6a-44a1-9b49-70e41da7acdb_C57BL6J-1.033.h5ad
Toycat/SToCorpus-88M,6f699f128416e8d55d6ab74976e964caec98b157,cellxgene/68bcef83-cc6a-44a1-9b49-70e41da7acdb_C57BL6J-1.034.h5ad,41200881,72698eb7babddf3bcc22294fec413e8c438069ef6766148b93f2b009563b3781,https://huggingface.co/datasets/Toycat/SToCorpus-88M/resolve/6f699f128416e8d55d6ab74976e964caec98b157/cellxgene/68bcef83-cc6a-44a1-9b49-70e41da7acdb_C57BL6J-1.034.h5ad
Toycat/SToCorpus-88M,6f699f128416e8d55d6ab74976e964caec98b157,cellxgene/68bcef83-cc6a-44a1-9b49-70e41da7acdb_C57BL6J-1.035.h5ad,39602070,7a2da4dc698812c6b6c214a005f0cb2432f3f876983557a5cedfed38538edd8a,https://huggingface.co/datasets/Toycat/SToCorpus-88M/resolve/6f699f128416e8d55d6ab74976e964caec98b157/cellxgene/68bcef83-cc6a-44a1-9b49-70e41da7acdb_C57BL6J-1.035.h5ad
Toycat/SToCorpus-88M,6f699f128416e8d55d6ab74976e964caec98b157,cellxgene/68bcef83-cc6a-44a1-9b49-70e41da7acdb_C57BL6J-1.036.h5ad,33414249,fcebf714641b4a13fda96250f13da39eaf346324ed607f71799864e9df07d955,https://huggingface.co/datasets/Toycat/SToCorpus-88M/resolve/6f699f128416e8d55d6ab74976e964caec98b157/cellxgene/68bcef83-cc6a-44a1-9b49-70e41da7acdb_C57BL6J-1.036.h5ad
Toycat/SToCorpus-88M,6f699f128416e8d55d6ab74976e964caec98b157,cellxgene/68bcef83-cc6a-44a1-9b49-70e41da7acdb_C57BL6J-1.037.h5ad,25300421,9ff3ecfafa2ff959942253bf084fa75df88117901818d08a8aad0ff4eb6423d0,https://huggingface.co/datasets/Toycat/SToCorpus-88M/resolve/6f699f128416e8d55d6ab74976e964caec98b157/cellxgene/68bcef83-cc6a-44a1-9b49-70e41da7acdb_C57BL6J-1.037.h5ad
Toycat/SToCorpus-88M,6f699f128416e8d55d6ab74976e964caec98b157,cellxgene/68bcef83-cc6a-44a1-9b49-70e41da7acdb_C57BL6J-1.038.h5ad,48294838,ef6279261f53473c2776a13696230d6bc320444f58be3a37deac555e4c2357af,https://huggingface.co/datasets/Toycat/SToCorpus-88M/resolve/6f699f128416e8d55d6ab74976e964caec98b157/cellxgene/68bcef83-cc6a-44a1-9b49-70e41da7acdb_C57BL6J-1.038.h5ad
Toycat/SToCorpus-88M,6f699f128416e8d55d6ab74976e964caec98b157,cellxgene/68bcef83-cc6a-44a1-9b49-70e41da7acdb_C57BL6J-1.039.h5ad,30745449,f1a7adbee2fac9da4576df2c5c6073445ee8175cec2c812f25be98fbd032caec,https://huggingface.co/datasets/Toycat/SToCorpus-88M/resolve/6f699f128416e8d55d6ab74976e964caec98b157/cellxgene/68bcef83-cc6a-44a1-9b49-70e41da7acdb_C57BL6J-1.039.h5ad
Toycat/SToCorpus-88M,6f699f128416e8d55d6ab74976e964caec98b157,cellxgene/68bcef83-cc6a-44a1-9b49-70e41da7acdb_C57BL6J-1.040.h5ad,58028014,6d6db7f7f72b704d7e73234b0653bdbd71a501fe3e12566fac429ff8b13f2452,https://huggingface.co/datasets/Toycat/SToCorpus-88M/resolve/6f699f128416e8d55d6ab74976e964caec98b157/cellxgene/68bcef83-cc6a-44a1-9b49-70e41da7acdb_C57BL6J-1.040.h5ad
Toycat/SToCorpus-88M,6f699f128416e8d55d6ab74976e964caec98b157,cellxgene/68bcef83-cc6a-44a1-9b49-70e41da7acdb_C57BL6J-1.041.h5ad,42771777,a3af7ae46f56f6c7054743756bf3c47a6795c8414eb37a3ed4285f01b7f7c4a7,https://huggingface.co/datasets/Toycat/SToCorpus-88M/resolve/6f699f128416e8d55d6ab74976e964caec98b157/cellxgene/68bcef83-cc6a-44a1-9b49-70e41da7acdb_C57BL6J-1.041.h5ad
Toycat/SToCorpus-88M,6f699f128416e8d55d6ab74976e964caec98b157,cellxgene/68bcef83-cc6a-44a1-9b49-70e41da7acdb_C57BL6J-1.042.h5ad,53893871,55d7c51da38a001e68f67b72142011db1e7be08bbe501d65962efe49b1695f56,https://huggingface.co/datasets/Toycat/SToCorpus-88M/resolve/6f699f128416e8d55d6ab74976e964caec98b157/cellxgene/68bcef83-cc6a-44a1-9b49-70e41da7acdb_C57BL6J-1.042.h5ad
Toycat/SToCorpus-88M,6f699f128416e8d55d6ab74976e964caec98b157,cellxgene/68bcef83-cc6a-44a1-9b49-70e41da7acdb_C57BL6J-1.043.h5ad,45666319,46c6e218991f4ac40c414bf33e874d11603878216638ea94047559ce3c0f716e,https://huggingface.co/datasets/Toycat/SToCorpus-88M/resolve/6f699f128416e8d55d6ab74976e964caec98b157/cellxgene/68bcef83-cc6a-44a1-9b49-70e41da7acdb_C57BL6J-1.043.h5ad
Toycat/SToCorpus-88M,6f699f128416e8d55d6ab74976e964caec98b157,cellxgene/68bcef83-cc6a-44a1-9b49-70e41da7acdb_C57BL6J-1.044.h5ad,52265465,7d3245f4905902c75151c7e6eb6fc00b1b532608d40e7e6ed80de395782c9c57,https://huggingface.co/datasets/Toycat/SToCorpus-88M/resolve/6f699f128416e8d55d6ab74976e964caec98b157/cellxgene/68bcef83-cc6a-44a1-9b49-70e41da7acdb_C57BL6J-1.044.h5ad
Toycat/SToCorpus-88M,6f699f128416e8d55d6ab74976e964caec98b157,cellxgene/68bcef83-cc6a-44a1-9b49-70e41da7acdb_C57BL6J-1.045.h5ad,34615212,b430f3d69c3a0b8b78c8b147a69c12042e6d5278c90ada40546c3d2af80df64c,https://huggingface.co/datasets/Toycat/SToCorpus-88M/resolve/6f699f128416e8d55d6ab74976e964caec98b157/cellxgene/68bcef83-cc6a-44a1-9b49-70e41da7acdb_C57BL6J-1.045.h5ad
Toycat/SToCorpus-88M,6f699f128416e8d55d6ab74976e964caec98b157,cellxgene/68bcef83-cc6a-44a1-9b49-70e41da7acdb_C57BL6J-1.046.h5ad,73497073,5d2bcd1e4a51eda0e444ec7e60fb8dbd6d59e93d64b5a4bdee99a400884a81fb,https://huggingface.co/datasets/Toycat/SToCorpus-88M/resolve/6f699f128416e8d55d6ab74976e964caec98b157/cellxgene/68bcef83-cc6a-44a1-9b49-70e41da7acdb_C57BL6J-1.046.h5ad
Toycat/SToCorpus-88M,6f699f128416e8d55d6ab74976e964caec98b157,cellxgene/68bcef83-cc6a-44a1-9b49-70e41da7acdb_C57BL6J-1.047.h5ad,69467532,160b4522e6d7581c50426afb82fbed57267ab14af2ac3c83a18ad40e370edc22,https://huggingface.co/datasets/Toycat/SToCorpus-88M/resolve/6f699f128416e8d55d6ab74976e964caec98b157/cellxgene/68bcef83-cc6a-44a1-9b49-70e41da7acdb_C57BL6J-1.047.h5ad
Toycat/SToCorpus-88M,6f699f128416e8d55d6ab74976e964caec98b157,cellxgene/68bcef83-cc6a-44a1-9b49-70e41da7acdb_C57BL6J-1.048.h5ad,63896700,25153c4df1e6612924e233d9f5633f2774998c62791341f470cfb9efb28a9701,https://huggingface.co/datasets/Toycat/SToCorpus-88M/resolve/6f699f128416e8d55d6ab74976e964caec98b157/cellxgene/68bcef83-cc6a-44a1-9b49-70e41da7acdb_C57BL6J-1.048.h5ad
Toycat/SToCorpus-88M,6f699f128416e8d55d6ab74976e964caec98b157,cellxgene/68bcef83-cc6a-44a1-9b49-70e41da7acdb_C57BL6J-1.049.h5ad,58224320,0bab922bb8b5354844f671c3b03c015bd1da59e3eefb457d90726ac7ede069a7,https://huggingface.co/datasets/Toycat/SToCorpus-88M/resolve/6f699f128416e8d55d6ab74976e964caec98b157/cellxgene/68bcef83-cc6a-44a1-9b49-70e41da7acdb_C57BL6J-1.049.h5ad
Toycat/SToCorpus-88M,6f699f128416e8d55d6ab74976e964caec98b157,cellxgene/68bcef83-cc6a-44a1-9b49-70e41da7acdb_C57BL6J-1.050.h5ad,87815867,365bcdaba6bb078110f6db5d4b8a129a3e5f7ce8d7db2d1d78d6cb9744b80395,https://huggingface.co/datasets/Toycat/SToCorpus-88M/resolve/6f699f128416e8d55d6ab74976e964caec98b157/cellxgene/68bcef83-cc6a-44a1-9b49-70e41da7acdb_C57BL6J-1.050.h5ad
Toycat/SToCorpus-88M,6f699f128416e8d55d6ab74976e964caec98b157,cellxgene/68bcef83-cc6a-44a1-9b49-70e41da7acdb_C57BL6J-1.051.h5ad,62612468,8dafc2a5499576a7940eccc8e0ef0bcdeb79c110d2cdf43cc3c6a7cce79d923b,https://huggingface.co/datasets/Toycat/SToCorpus-88M/resolve/6f699f128416e8d55d6ab74976e964caec98b157/cellxgene/68bcef83-cc6a-44a1-9b49-70e41da7acdb_C57BL6J-1.051.h5ad
Toycat/SToCorpus-88M,6f699f128416e8d55d6ab74976e964caec98b157,cellxgene/68bcef83-cc6a-44a1-9b49-70e41da7acdb_C57BL6J-1.052.h5ad,78109648,1881b07a8cdd3d222f940aefd0302b25088213e20330a6cedc6d047028bed127,https://huggingface.co/datasets/Toycat/SToCorpus-88M/resolve/6f699f128416e8d55d6ab74976e964caec98b157/cellxgene/68bcef83-cc6a-44a1-9b49-70e41da7acdb_C57BL6J-1.052.h5ad
Toycat/SToCorpus-88M,6f699f128416e8d55d6ab74976e964caec98b157,cellxgene/68bcef83-cc6a-44a1-9b49-70e41da7acdb_C57BL6J-1.053.h5ad,70022640,1e93963c705b63acdc9c81e74e85c526214c2cab3d90cd62991c71d99f23c993,https://huggingface.co/datasets/Toycat/SToCorpus-88M/resolve/6f699f128416e8d55d6ab74976e964caec98b157/cellxgene/68bcef83-cc6a-44a1-9b49-70e41da7acdb_C57BL6J-1.053.h5ad
Toycat/SToCorpus-88M,6f699f128416e8d55d6ab74976e964caec98b157,cellxgene/68bcef83-cc6a-44a1-9b49-70e41da7acdb_C57BL6J-1.054.h5ad,73061064,723752b5b53b20c36bc3a64338b7cfcee7a975204c4f0ee12fce5b95bd973942,https://huggingface.co/datasets/Toycat/SToCorpus-88M/resolve/6f699f128416e8d55d6ab74976e964caec98b157/cellxgene/68bcef83-cc6a-44a1-9b49-70e41da7acdb_C57BL6J-1.054.h5ad
Toycat/SToCorpus-88M,6f699f128416e8d55d6ab74976e964caec98b157,cellxgene/68bcef83-cc6a-44a1-9b49-70e41da7acdb_C57BL6J-1.055.h5ad,44139672,3649ed78722bc2218c6f5919bc39cc2748b85141dc59d465619bb654d26ee1bf,https://huggingface.co/datasets/Toycat/SToCorpus-88M/resolve/6f699f128416e8d55d6ab74976e964caec98b157/cellxgene/68bcef83-cc6a-44a1-9b49-70e41da7acdb_C57BL6J-1.055.h5ad
Toycat/SToCorpus-88M,6f699f128416e8d55d6ab74976e964caec98b157,cellxgene/68bcef83-cc6a-44a1-9b49-70e41da7acdb_C57BL6J-1.056.h5ad,77472344,c5c1b4c6712a6731d741ed948226533c3cd30cc9e5f3dfd03ee2aedeeee34ccf,https://huggingface.co/datasets/Toycat/SToCorpus-88M/resolve/6f699f128416e8d55d6ab74976e964caec98b157/cellxgene/68bcef83-cc6a-44a1-9b49-70e41da7acdb_C57BL6J-1.056.h5ad
Toycat/SToCorpus-88M,6f699f128416e8d55d6ab74976e964caec98b157,cellxgene/68bcef83-cc6a-44a1-9b49-70e41da7acdb_C57BL6J-1.057.h5ad,83683868,4b44fdff78c0566a35baf9e0d777b368fb6ef58e35dd80975cbc7fb80ef5ba1a,https://huggingface.co/datasets/Toycat/SToCorpus-88M/resolve/6f699f128416e8d55d6ab74976e964caec98b157/cellxgene/68bcef83-cc6a-44a1-9b49-70e41da7acdb_C57BL6J-1.057.h5ad
Toycat/SToCorpus-88M,6f699f128416e8d55d6ab74976e964caec98b157,cellxgene/68bcef83-cc6a-44a1-9b49-70e41da7acdb_C57BL6J-1.058.h5ad,81402540,157b6b211c479774285a235a04e4d7b6bd7c7b0e261f65119aba3a6c301c6137,https://huggingface.co/datasets/Toycat/SToCorpus-88M/resolve/6f699f128416e8d55d6ab74976e964caec98b157/cellxgene/68bcef83-cc6a-44a1-9b49-70e41da7acdb_C57BL6J-1.058.h5ad
Toycat/SToCorpus-88M,6f699f128416e8d55d6ab74976e964caec98b157,cellxgene/68bcef83-cc6a-44a1-9b49-70e41da7acdb_C57BL6J-1.059.h5ad,67863584,99a529b71108ccf22b65150f1277ce8a3c87681e04fa74254833c370d6ce4786,https://huggingface.co/datasets/Toycat/SToCorpus-88M/resolve/6f699f128416e8d55d6ab74976e964caec98b157/cellxgene/68bcef83-cc6a-44a1-9b49-70e41da7acdb_C57BL6J-1.059.h5ad
Toycat/SToCorpus-88M,6f699f128416e8d55d6ab74976e964caec98b157,cellxgene/68bcef83-cc6a-44a1-9b49-70e41da7acdb_C57BL6J-1.060.h5ad,105370220,aba1117ef5f85369cbe32c7e494cd696316d64999b855db508b5fc8f9438e636,https://huggingface.co/datasets/Toycat/SToCorpus-88M/resolve/6f699f128416e8d55d6ab74976e964caec98b157/cellxgene/68bcef83-cc6a-44a1-9b49-70e41da7acdb_C57BL6J-1.060.h5ad
Toycat/SToCorpus-88M,6f699f128416e8d55d6ab74976e964caec98b157,cellxgene/68bcef83-cc6a-44a1-9b49-70e41da7acdb_C57BL6J-1.061.h5ad,84186528,517dea561d417324bb9a071394aa65b5ec3dbc957bd720d735cd0304e9839b8c,https://huggingface.co/datasets/Toycat/SToCorpus-88M/resolve/6f699f128416e8d55d6ab74976e964caec98b157/cellxgene/68bcef83-cc6a-44a1-9b49-70e41da7acdb_C57BL6J-1.061.h5ad
Toycat/SToCorpus-88M,6f699f128416e8d55d6ab74976e964caec98b157,cellxgene/68bcef83-cc6a-44a1-9b49-70e41da7acdb_C57BL6J-1.062.h5ad,96067228,a407fd7608816288b95143d75946b74efa2581fb8137e924d61131f089d0a173,https://huggingface.co/datasets/Toycat/SToCorpus-88M/resolve/6f699f128416e8d55d6ab74976e964caec98b157/cellxgene/68bcef83-cc6a-44a1-9b49-70e41da7acdb_C57BL6J-1.062.h5ad
Toycat/SToCorpus-88M,6f699f128416e8d55d6ab74976e964caec98b157,cellxgene/68bcef83-cc6a-44a1-9b49-70e41da7acdb_C57BL6J-1.063.h5ad,73317988,93ce8887884c14316ae1ff84e34a2e54f172a76afe07fbd07c7daa8048fe36f6,https://huggingface.co/datasets/Toycat/SToCorpus-88M/resolve/6f699f128416e8d55d6ab74976e964caec98b157/cellxgene/68bcef83-cc6a-44a1-9b49-70e41da7acdb_C57BL6J-1.063.h5ad
Toycat/SToCorpus-88M,6f699f128416e8d55d6ab74976e964caec98b157,cellxgene/68bcef83-cc6a-44a1-9b49-70e41da7acdb_C57BL6J-1.064.h5ad,90871128,d01581a422c145b74db74290980f079bdc2dc9e68c6c7a5b0dcb202beaabab8c,https://huggingface.co/datasets/Toycat/SToCorpus-88M/resolve/6f699f128416e8d55d6ab74976e964caec98b157/cellxgene/68bcef83-cc6a-44a1-9b49-70e41da7acdb_C57BL6J-1.064.h5ad
Toycat/SToCorpus-88M,6f699f128416e8d55d6ab74976e964caec98b157,cellxgene/68bcef83-cc6a-44a1-9b49-70e41da7acdb_C57BL6J-1.065.h5ad,46951596,aeaea3467ef7288547bd8f70e57b0141417e6db315e00e1cc4eea0cb6e95deaa,https://huggingface.co/datasets/Toycat/SToCorpus-88M/resolve/6f699f128416e8d55d6ab74976e964caec98b157/cellxgene/68bcef83-cc6a-44a1-9b49-70e41da7acdb_C57BL6J-1.065.h5ad
Toycat/SToCorpus-88M,6f699f128416e8d55d6ab74976e964caec98b157,cellxgene/68bcef83-cc6a-44a1-9b49-70e41da7acdb_C57BL6J-1.066.h5ad,89010497,1dfa6f37b095ef7c26c4e6fc519754f39e7e5dccd4fe6322287858baf26deec0,https://huggingface.co/datasets/Toycat/SToCorpus-88M/resolve/6f699f128416e8d55d6ab74976e964caec98b157/cellxgene/68bcef83-cc6a-44a1-9b49-70e41da7acdb_C57BL6J-1.066.h5ad
Toycat/SToCorpus-88M,6f699f128416e8d55d6ab74976e964caec98b157,cellxgene/68bcef83-cc6a-44a1-9b49-70e41da7acdb_C57BL6J-1.067.h5ad,85817625,6cab052bf6b71cfc97972b3a2adc1ca1a3f3c8fe04228b47111548d23fcdd6a8,https://huggingface.co/datasets/Toycat/SToCorpus-88M/resolve/6f699f128416e8d55d6ab74976e964caec98b157/cellxgene/68bcef83-cc6a-44a1-9b49-70e41da7acdb_C57BL6J-1.067.h5ad
Toycat/SToCorpus-88M,6f699f128416e8d55d6ab74976e964caec98b157,cellxgene/68bcef83-cc6a-44a1-9b49-70e41da7acdb_C57BL6J-1.068.h5ad,82227894,6f43cd594784faf92946accf91991ca4a92292888f9e442e2fa90a3fb8af08fa,https://huggingface.co/datasets/Toycat/SToCorpus-88M/resolve/6f699f128416e8d55d6ab74976e964caec98b157/cellxgene/68bcef83-cc6a-44a1-9b49-70e41da7acdb_C57BL6J-1.068.h5ad
Toycat/SToCorpus-88M,6f699f128416e8d55d6ab74976e964caec98b157,cellxgene/68bcef83-cc6a-44a1-9b49-70e41da7acdb_C57BL6J-1.069.h5ad,58865430,daafa2c0dd36927bcb3fe63b0b350918341bbcd92b2d046da1c777e1b814d842,https://huggingface.co/datasets/Toycat/SToCorpus-88M/resolve/6f699f128416e8d55d6ab74976e964caec98b157/cellxgene/68bcef83-cc6a-44a1-9b49-70e41da7acdb_C57BL6J-1.069.h5ad
Toycat/SToCorpus-88M,6f699f128416e8d55d6ab74976e964caec98b157,cellxgene/68bcef83-cc6a-44a1-9b49-70e41da7acdb_C57BL6J-1.070.h5ad,98656911,83dad88f6d8a3d5427825295509c73a725f3be113d39e3f1f02d17f8b1db1de8,https://huggingface.co/datasets/Toycat/SToCorpus-88M/resolve/6f699f128416e8d55d6ab74976e964caec98b157/cellxgene/68bcef83-cc6a-44a1-9b49-70e41da7acdb_C57BL6J-1.070.h5ad
Toycat/SToCorpus-88M,6f699f128416e8d55d6ab74976e964caec98b157,cellxgene/68bcef83-cc6a-44a1-9b49-70e41da7acdb_C57BL6J-1.071.h5ad,69489079,d1d5fa9f908d632663177efccd9ec03f143d439f2391dd7dbc8dea754b60a168,https://huggingface.co/datasets/Toycat/SToCorpus-88M/resolve/6f699f128416e8d55d6ab74976e964caec98b157/cellxgene/68bcef83-cc6a-44a1-9b49-70e41da7acdb_C57BL6J-1.071.h5ad
Toycat/SToCorpus-88M,6f699f128416e8d55d6ab74976e964caec98b157,cellxgene/68bcef83-cc6a-44a1-9b49-70e41da7acdb_C57BL6J-1.072.h5ad,61309541,593dc802a580deb6dfc22ca23a0f12be32fba392fcdba1f202d8e7e2075b3eba,https://huggingface.co/datasets/Toycat/SToCorpus-88M/resolve/6f699f128416e8d55d6ab74976e964caec98b157/cellxgene/68bcef83-cc6a-44a1-9b49-70e41da7acdb_C57BL6J-1.072.h5ad
Toycat/SToCorpus-88M,6f699f128416e8d55d6ab74976e964caec98b157,cellxgene/68bcef83-cc6a-44a1-9b49-70e41da7acdb_C57BL6J-1.073.h5ad,60821737,dc4ef2a79345d86a4d97c6683740055d637b2c5449030a187119bfc041179074,https://huggingface.co/datasets/Toycat/SToCorpus-88M/resolve/6f699f128416e8d55d6ab74976e964caec98b157/cellxgene/68bcef83-cc6a-44a1-9b49-70e41da7acdb_C57BL6J-1.073.h5ad
Toycat/SToCorpus-88M,6f699f128416e8d55d6ab74976e964caec98b157,cellxgene/68bcef83-cc6a-44a1-9b49-70e41da7acdb_C57BL6J-1.074.h5ad,69841507,faa5d3c02438fcd5eb8d3e2b81128c6b47a0d4ec384b81dd442215fc5ab11a30,https://huggingface.co/datasets/Toycat/SToCorpus-88M/resolve/6f699f128416e8d55d6ab74976e964caec98b157/cellxgene/68bcef83-cc6a-44a1-9b49-70e41da7acdb_C57BL6J-1.074.h5ad
Toycat/SToCorpus-88M,6f699f128416e8d55d6ab74976e964caec98b157,cellxgene/68bcef83-cc6a-44a1-9b49-70e41da7acdb_C57BL6J-1.076.h5ad,85357731,d2ecf1b094082462bd78e4bc48b9f16a610ddfe581502274dc338780e3f42f86,https://huggingface.co/datasets/Toycat/SToCorpus-88M/resolve/6f699f128416e8d55d6ab74976e964caec98b157/cellxgene/68bcef83-cc6a-44a1-9b49-70e41da7acdb_C57BL6J-1.076.h5ad
Toycat/SToCorpus-88M,6f699f128416e8d55d6ab74976e964caec98b157,cellxgene/68bcef83-cc6a-44a1-9b49-70e41da7acdb_C57BL6J-1.077.h5ad,83944695,9e52a43d69b2341a71b051b01b7bc913bd9bf8d00055038ef0886d9cfda16abf,https://huggingface.co/datasets/Toycat/SToCorpus-88M/resolve/6f699f128416e8d55d6ab74976e964caec98b157/cellxgene/68bcef83-cc6a-44a1-9b49-70e41da7acdb_C57BL6J-1.077.h5ad
Toycat/SToCorpus-88M,6f699f128416e8d55d6ab74976e964caec98b157,cellxgene/68bcef83-cc6a-44a1-9b49-70e41da7acdb_C57BL6J-1.078.h5ad,126951881,1c6d2c87eb4310a9eaec81f0c64aaadf6e6ecb872ad053afecfd2d4d35a224db,https://huggingface.co/datasets/Toycat/SToCorpus-88M/resolve/6f699f128416e8d55d6ab74976e964caec98b157/cellxgene/68bcef83-cc6a-44a1-9b49-70e41da7acdb_C57BL6J-1.078.h5ad
Toycat/SToCorpus-88M,6f699f128416e8d55d6ab74976e964caec98b157,cellxgene/68bcef83-cc6a-44a1-9b49-70e41da7acdb_C57BL6J-1.079.h5ad,83781615,80f2ccb1db08d02808f997915c2db69824406a01468f59beb09cda5e2240d2cb,https://huggingface.co/datasets/Toycat/SToCorpus-88M/resolve/6f699f128416e8d55d6ab74976e964caec98b157/cellxgene/68bcef83-cc6a-44a1-9b49-70e41da7acdb_C57BL6J-1.079.h5ad
Toycat/SToCorpus-88M,6f699f128416e8d55d6ab74976e964caec98b157,cellxgene/68bcef83-cc6a-44a1-9b49-70e41da7acdb_C57BL6J-1.080.h5ad,121761320,cac913a554f47ab2af97860f9add6732c224531f546d176ba9150047e30eccdc,https://huggingface.co/datasets/Toycat/SToCorpus-88M/resolve/6f699f128416e8d55d6ab74976e964caec98b157/cellxgene/68bcef83-cc6a-44a1-9b49-70e41da7acdb_C57BL6J-1.080.h5ad
Toycat/SToCorpus-88M,6f699f128416e8d55d6ab74976e964caec98b157,cellxgene/68bcef83-cc6a-44a1-9b49-70e41da7acdb_C57BL6J-1.081.h5ad,85091094,590d60bcecbf46147732065b86a2c754846babe0eba2bd78ef4d6b4411441f10,https://huggingface.co/datasets/Toycat/SToCorpus-88M/resolve/6f699f128416e8d55d6ab74976e964caec98b157/cellxgene/68bcef83-cc6a-44a1-9b49-70e41da7acdb_C57BL6J-1.081.h5ad
Toycat/SToCorpus-88M,6f699f128416e8d55d6ab74976e964caec98b157,cellxgene/68bcef83-cc6a-44a1-9b49-70e41da7acdb_C57BL6J-1.082.h5ad,66010841,dc224e6b3095b19ad01a1cb75d175600c982239ebdb5974e507a7e12382b9a0e,https://huggingface.co/datasets/Toycat/SToCorpus-88M/resolve/6f699f128416e8d55d6ab74976e964caec98b157/cellxgene/68bcef83-cc6a-44a1-9b49-70e41da7acdb_C57BL6J-1.082.h5ad
Toycat/SToCorpus-88M,6f699f128416e8d55d6ab74976e964caec98b157,cellxgene/68bcef83-cc6a-44a1-9b49-70e41da7acdb_C57BL6J-1.083.h5ad,76246430,0b9eeb1a513e3173bc7f93ad818ccd4bc69756b6cbd62cfa26b85139504ca8b5,https://huggingface.co/datasets/Toycat/SToCorpus-88M/resolve/6f699f128416e8d55d6ab74976e964caec98b157/cellxgene/68bcef83-cc6a-44a1-9b49-70e41da7acdb_C57BL6J-1.083.h5ad
Toycat/SToCorpus-88M,6f699f128416e8d55d6ab74976e964caec98b157,cellxgene/68bcef83-cc6a-44a1-9b49-70e41da7acdb_C57BL6J-1.084.h5ad,71406959,1a4229470d74b230a3b9d6c99b8bed950497fc3690d56e79003d4b0bf9186a51,https://huggingface.co/datasets/Toycat/SToCorpus-88M/resolve/6f699f128416e8d55d6ab74976e964caec98b157/cellxgene/68bcef83-cc6a-44a1-9b49-70e41da7acdb_C57BL6J-1.084.h5ad
Toycat/SToCorpus-88M,6f699f128416e8d55d6ab74976e964caec98b157,cellxgene/68bcef83-cc6a-44a1-9b49-70e41da7acdb_C57BL6J-1.085.h5ad,95103347,827db7c8b73d7a663bb2b79b003c8a0f84944341f5b8b19e5808c78cf539ba7a,https://huggingface.co/datasets/Toycat/SToCorpus-88M/resolve/6f699f128416e8d55d6ab74976e964caec98b157/cellxgene/68bcef83-cc6a-44a1-9b49-70e41da7acdb_C57BL6J-1.085.h5ad
Toycat/SToCorpus-88M,6f699f128416e8d55d6ab74976e964caec98b157,cellxgene/68bcef83-cc6a-44a1-9b49-70e41da7acdb_C57BL6J-1.086.h5ad,86727530,8deeeb5ab4f27206360ea853cec9757160f52e3ef48f6a6d4e70b04152d69288,https://huggingface.co/datasets/Toycat/SToCorpus-88M/resolve/6f699f128416e8d55d6ab74976e964caec98b157/cellxgene/68bcef83-cc6a-44a1-9b49-70e41da7acdb_C57BL6J-1.086.h5ad
Toycat/SToCorpus-88M,6f699f128416e8d55d6ab74976e964caec98b157,cellxgene/68bcef83-cc6a-44a1-9b49-70e41da7acdb_C57BL6J-1.087.h5ad,76600640,aa20617e50cb7acf6eb37a64323ed00efccb9a7728669fa1a2a27e9d4b546c0a,https://huggingface.co/datasets/Toycat/SToCorpus-88M/resolve/6f699f128416e8d55d6ab74976e964caec98b157/cellxgene/68bcef83-cc6a-44a1-9b49-70e41da7acdb_C57BL6J-1.087.h5ad
Toycat/SToCorpus-88M,6f699f128416e8d55d6ab74976e964caec98b157,cellxgene/68bcef83-cc6a-44a1-9b49-70e41da7acdb_C57BL6J-1.088.h5ad,117040217,27c90498d0e339603e26d74a2440d735e146499c49a7172433e25589c7ebaab9,https://huggingface.co/datasets/Toycat/SToCorpus-88M/resolve/6f699f128416e8d55d6ab74976e964caec98b157/cellxgene/68bcef83-cc6a-44a1-9b49-70e41da7acdb_C57BL6J-1.088.h5ad
Toycat/SToCorpus-88M,6f699f128416e8d55d6ab74976e964caec98b157,cellxgene/68bcef83-cc6a-44a1-9b49-70e41da7acdb_C57BL6J-1.089.h5ad,77647516,939f642881327638c72bfc5cbf3e34a49b7dc349b4acbab0a90249d4c99763ec,https://huggingface.co/datasets/Toycat/SToCorpus-88M/resolve/6f699f128416e8d55d6ab74976e964caec98b157/cellxgene/68bcef83-cc6a-44a1-9b49-70e41da7acdb_C57BL6J-1.089.h5ad
Toycat/SToCorpus-88M,6f699f128416e8d55d6ab74976e964caec98b157,cellxgene/68bcef83-cc6a-44a1-9b49-70e41da7acdb_C57BL6J-1.090.h5ad,111120122,0c390c458822f82f6acf93361e5d53e42b0a5980d1b26eee5f431decea781916,https://huggingface.co/datasets/Toycat/SToCorpus-88M/resolve/6f699f128416e8d55d6ab74976e964caec98b157/cellxgene/68bcef83-cc6a-44a1-9b49-70e41da7acdb_C57BL6J-1.090.h5ad
Toycat/SToCorpus-88M,6f699f128416e8d55d6ab74976e964caec98b157,cellxgene/68bcef83-cc6a-44a1-9b49-70e41da7acdb_C57BL6J-1.091.h5ad,59799410,f4230d0389ba641c7f95ae1efb2053c8a34a748464a13107a0912851f82851fd,https://huggingface.co/datasets/Toycat/SToCorpus-88M/resolve/6f699f128416e8d55d6ab74976e964caec98b157/cellxgene/68bcef83-cc6a-44a1-9b49-70e41da7acdb_C57BL6J-1.091.h5ad
Toycat/SToCorpus-88M,6f699f128416e8d55d6ab74976e964caec98b157,cellxgene/68bcef83-cc6a-44a1-9b49-70e41da7acdb_C57BL6J-1.092.h5ad,90055957,5dac69743eb6c1fdd65a0d2f4e169591507b672b52f9405b29f56a8883c7061d,https://huggingface.co/datasets/Toycat/SToCorpus-88M/resolve/6f699f128416e8d55d6ab74976e964caec98b157/cellxgene/68bcef83-cc6a-44a1-9b49-70e41da7acdb_C57BL6J-1.092.h5ad
Toycat/SToCorpus-88M,6f699f128416e8d55d6ab74976e964caec98b157,cellxgene/68bcef83-cc6a-44a1-9b49-70e41da7acdb_C57BL6J-1.093.h5ad,85612587,8f68af41fa71ea2d04a4d1c36fc6b329a2ee5f571484bba600e5a9d8dc0ed988,https://huggingface.co/datasets/Toycat/SToCorpus-88M/resolve/6f699f128416e8d55d6ab74976e964caec98b157/cellxgene/68bcef83-cc6a-44a1-9b49-70e41da7acdb_C57BL6J-1.093.h5ad
Toycat/SToCorpus-88M,6f699f128416e8d55d6ab74976e964caec98b157,cellxgene/68bcef83-cc6a-44a1-9b49-70e41da7acdb_C57BL6J-1.095.h5ad,61059193,b147c51f395f3ec5de8bdea2356b44517869adb48c9f4b588a07bdf8f6862edb,https://huggingface.co/datasets/Toycat/SToCorpus-88M/resolve/6f699f128416e8d55d6ab74976e964caec98b157/cellxgene/68bcef83-cc6a-44a1-9b49-70e41da7acdb_C57BL6J-1.095.h5ad
Toycat/SToCorpus-88M,6f699f128416e8d55d6ab74976e964caec98b157,cellxgene/68bcef83-cc6a-44a1-9b49-70e41da7acdb_C57BL6J-1.096.h5ad,93606253,bab938e45a125f278a036b8e7712621f94578c236fdc1d26afacca678726da3e,https://huggingface.co/datasets/Toycat/SToCorpus-88M/resolve/6f699f128416e8d55d6ab74976e964caec98b157/cellxgene/68bcef83-cc6a-44a1-9b49-70e41da7acdb_C57BL6J-1.096.h5ad
Toycat/SToCorpus-88M,6f699f128416e8d55d6ab74976e964caec98b157,cellxgene/68bcef83-cc6a-44a1-9b49-70e41da7acdb_C57BL6J-1.097.h5ad,80557275,b9ca83ef5406fa2e42142f70f958db5438336313ee9012f800f18d542f656aba,https://huggingface.co/datasets/Toycat/SToCorpus-88M/resolve/6f699f128416e8d55d6ab74976e964caec98b157/cellxgene/68bcef83-cc6a-44a1-9b49-70e41da7acdb_C57BL6J-1.097.h5ad
Toycat/SToCorpus-88M,6f699f128416e8d55d6ab74976e964caec98b157,cellxgene/68bcef83-cc6a-44a1-9b49-70e41da7acdb_C57BL6J-1.098.h5ad,73328377,b8a2e4a17cefe6823073d2b27d82c4ae4ec313b4da03c1a0161cc63608c963fa,https://huggingface.co/datasets/Toycat/SToCorpus-88M/resolve/6f699f128416e8d55d6ab74976e964caec98b157/cellxgene/68bcef83-cc6a-44a1-9b49-70e41da7acdb_C57BL6J-1.098.h5ad
Toycat/SToCorpus-88M,6f699f128416e8d55d6ab74976e964caec98b157,cellxgene/68bcef83-cc6a-44a1-9b49-70e41da7acdb_C57BL6J-1.099.h5ad,74149004,982ddcc9d77599df23a9de632ab53996ecc0211ecd6c74a459ca033f22fa31d5,https://huggingface.co/datasets/Toycat/SToCorpus-88M/resolve/6f699f128416e8d55d6ab74976e964caec98b157/cellxgene/68bcef83-cc6a-44a1-9b49-70e41da7acdb_C57BL6J-1.099.h5ad
Toycat/SToCorpus-88M,6f699f128416e8d55d6ab74976e964caec98b157,cellxgene/68bcef83-cc6a-44a1-9b49-70e41da7acdb_C57BL6J-1.100.h5ad,90002660,1c7bd17feeab1643215561aba19a399be68a69d86702be42249604ac69f1349c,https://huggingface.co/datasets/Toycat/SToCorpus-88M/resolve/6f699f128416e8d55d6ab74976e964caec98b157/cellxgene/68bcef83-cc6a-44a1-9b49-70e41da7acdb_C57BL6J-1.100.h5ad
Toycat/SToCorpus-88M,6f699f128416e8d55d6ab74976e964caec98b157,cellxgene/68bcef83-cc6a-44a1-9b49-70e41da7acdb_C57BL6J-1.101.h5ad,60803129,ae712fea0afe5d37221f692004a481c940f472225fd1fab5128d46896b2b4814,https://huggingface.co/datasets/Toycat/SToCorpus-88M/resolve/6f699f128416e8d55d6ab74976e964caec98b157/cellxgene/68bcef83-cc6a-44a1-9b49-70e41da7acdb_C57BL6J-1.101.h5ad
Toycat/SToCorpus-88M,6f699f128416e8d55d6ab74976e964caec98b157,cellxgene/68bcef83-cc6a-44a1-9b49-70e41da7acdb_C57BL6J-1.102.h5ad,87807823,c71e999a570ce23811429000f1be630254737afef78c69a666651c84e60f8b9c,https://huggingface.co/datasets/Toycat/SToCorpus-88M/resolve/6f699f128416e8d55d6ab74976e964caec98b157/cellxgene/68bcef83-cc6a-44a1-9b49-70e41da7acdb_C57BL6J-1.102.h5ad
Toycat/SToCorpus-88M,6f699f128416e8d55d6ab74976e964caec98b157,cellxgene/68bcef83-cc6a-44a1-9b49-70e41da7acdb_C57BL6J-1.103.h5ad,81910524,283112df436cd3221355ddbf523a43a552efa1f82248dd6f79c9400f90f2ef85,https://huggingface.co/datasets/Toycat/SToCorpus-88M/resolve/6f699f128416e8d55d6ab74976e964caec98b157/cellxgene/68bcef83-cc6a-44a1-9b49-70e41da7acdb_C57BL6J-1.103.h5ad
Toycat/SToCorpus-88M,6f699f128416e8d55d6ab74976e964caec98b157,cellxgene/68bcef83-cc6a-44a1-9b49-70e41da7acdb_C57BL6J-1.104.h5ad,103093000,586dfefa4cb509031272a590733fce36c2e7dc148cda583ed6437c9d6c3830c3,https://huggingface.co/datasets/Toycat/SToCorpus-88M/resolve/6f699f128416e8d55d6ab74976e964caec98b157/cellxgene/68bcef83-cc6a-44a1-9b49-70e41da7acdb_C57BL6J-1.104.h5ad
Toycat/SToCorpus-88M,6f699f128416e8d55d6ab74976e964caec98b157,cellxgene/68bcef83-cc6a-44a1-9b49-70e41da7acdb_C57BL6J-1.105.h5ad,63789408,52e4056c9d927b50d7cc457823303aa005b126f835a02e55fa9cbe7890bcd58f,https://huggingface.co/datasets/Toycat/SToCorpus-88M/resolve/6f699f128416e8d55d6ab74976e964caec98b157/cellxgene/68bcef83-cc6a-44a1-9b49-70e41da7acdb_C57BL6J-1.105.h5ad
Toycat/SToCorpus-88M,6f699f128416e8d55d6ab74976e964caec98b157,cellxgene/68bcef83-cc6a-44a1-9b49-70e41da7acdb_C57BL6J-1.106.h5ad,89551724,ba607e51529343355e0771272da42def74ebca5bcf68bd8f0536bb3e1408a021,https://huggingface.co/datasets/Toycat/SToCorpus-88M/resolve/6f699f128416e8d55d6ab74976e964caec98b157/cellxgene/68bcef83-cc6a-44a1-9b49-70e41da7acdb_C57BL6J-1.106.h5ad
Toycat/SToCorpus-88M,6f699f128416e8d55d6ab74976e964caec98b157,cellxgene/68bcef83-cc6a-44a1-9b49-70e41da7acdb_C57BL6J-1.107.h5ad,77518020,70e1d911a1b3330488d56a6111149e5da404771657ddbf4ee900444090759b82,https://huggingface.co/datasets/Toycat/SToCorpus-88M/resolve/6f699f128416e8d55d6ab74976e964caec98b157/cellxgene/68bcef83-cc6a-44a1-9b49-70e41da7acdb_C57BL6J-1.107.h5ad
Toycat/SToCorpus-88M,6f699f128416e8d55d6ab74976e964caec98b157,cellxgene/68bcef83-cc6a-44a1-9b49-70e41da7acdb_C57BL6J-1.108.h5ad,69065876,72c472a018868d70f352877b271a05f222b45fee5f355daf4d89db2797d28846,https://huggingface.co/datasets/Toycat/SToCorpus-88M/resolve/6f699f128416e8d55d6ab74976e964caec98b157/cellxgene/68bcef83-cc6a-44a1-9b49-70e41da7acdb_C57BL6J-1.108.h5ad
Toycat/SToCorpus-88M,6f699f128416e8d55d6ab74976e964caec98b157,cellxgene/68bcef83-cc6a-44a1-9b49-70e41da7acdb_C57BL6J-1.109.h5ad,58160252,0aaa36bd9d83342e84ca769bfb23722c0a06ed73cabccb0d4450f396925c5950,https://huggingface.co/datasets/Toycat/SToCorpus-88M/resolve/6f699f128416e8d55d6ab74976e964caec98b157/cellxgene/68bcef83-cc6a-44a1-9b49-70e41da7acdb_C57BL6J-1.109.h5ad
Toycat/SToCorpus-88M,6f699f128416e8d55d6ab74976e964caec98b157,cellxgene/68bcef83-cc6a-44a1-9b49-70e41da7acdb_C57BL6J-1.110.h5ad,82418728,a9c3d68884eb5e4114aeb502e09fadba9dc49e9760a72ec54ed888c8ca11bc10,https://huggingface.co/datasets/Toycat/SToCorpus-88M/resolve/6f699f128416e8d55d6ab74976e964caec98b157/cellxgene/68bcef83-cc6a-44a1-9b49-70e41da7acdb_C57BL6J-1.110.h5ad
Toycat/SToCorpus-88M,6f699f128416e8d55d6ab74976e964caec98b157,cellxgene/68bcef83-cc6a-44a1-9b49-70e41da7acdb_C57BL6J-1.111.h5ad,47961764,587cf265fa455002c90af5d230456ca8f866dd4f47528e960f0cc938212400b9,https://huggingface.co/datasets/Toycat/SToCorpus-88M/resolve/6f699f128416e8d55d6ab74976e964caec98b157/cellxgene/68bcef83-cc6a-44a1-9b49-70e41da7acdb_C57BL6J-1.111.h5ad
Toycat/SToCorpus-88M,6f699f128416e8d55d6ab74976e964caec98b157,cellxgene/68bcef83-cc6a-44a1-9b49-70e41da7acdb_C57BL6J-1.113.h5ad,51693216,86fd11c2eedcc72e183702d83207586fbf5d98b9ca389f95d2b433ff953f152b,https://huggingface.co/datasets/Toycat/SToCorpus-88M/resolve/6f699f128416e8d55d6ab74976e964caec98b157/cellxgene/68bcef83-cc6a-44a1-9b49-70e41da7acdb_C57BL6J-1.113.h5ad
Toycat/SToCorpus-88M,6f699f128416e8d55d6ab74976e964caec98b157,cellxgene/68bcef83-cc6a-44a1-9b49-70e41da7acdb_C57BL6J-1.114.h5ad,70714284,48f7bc2f1b0c6b932ccfc985ae1837b189831acaa4b21ae9e9ba2e512a0375d7,https://huggingface.co/datasets/Toycat/SToCorpus-88M/resolve/6f699f128416e8d55d6ab74976e964caec98b157/cellxgene/68bcef83-cc6a-44a1-9b49-70e41da7acdb_C57BL6J-1.114.h5ad
Toycat/SToCorpus-88M,6f699f128416e8d55d6ab74976e964caec98b157,cellxgene/68bcef83-cc6a-44a1-9b49-70e41da7acdb_C57BL6J-1.115.h5ad,37275376,3497411c2c76ccdac23acfdd3636d6e7c3b68e7c4e72edecbcbe525cd7ee2efe,https://huggingface.co/datasets/Toycat/SToCorpus-88M/resolve/6f699f128416e8d55d6ab74976e964caec98b157/cellxgene/68bcef83-cc6a-44a1-9b49-70e41da7acdb_C57BL6J-1.115.h5ad
Toycat/SToCorpus-88M,6f699f128416e8d55d6ab74976e964caec98b157,cellxgene/68bcef83-cc6a-44a1-9b49-70e41da7acdb_C57BL6J-1.116.h5ad,49210924,ba12f9d12ad372f3969b3a65b8eea047a1ffac6d940c3d742e744daa66482ed0,https://huggingface.co/datasets/Toycat/SToCorpus-88M/resolve/6f699f128416e8d55d6ab74976e964caec98b157/cellxgene/68bcef83-cc6a-44a1-9b49-70e41da7acdb_C57BL6J-1.116.h5ad
Toycat/SToCorpus-88M,6f699f128416e8d55d6ab74976e964caec98b157,cellxgene/68bcef83-cc6a-44a1-9b49-70e41da7acdb_C57BL6J-1.117.h5ad,39810216,33a878cb4a62eed513cced3870a019d1d80da4331beac94a9a24abe909a07ade,https://huggingface.co/datasets/Toycat/SToCorpus-88M/resolve/6f699f128416e8d55d6ab74976e964caec98b157/cellxgene/68bcef83-cc6a-44a1-9b49-70e41da7acdb_C57BL6J-1.117.h5ad
Toycat/SToCorpus-88M,6f699f128416e8d55d6ab74976e964caec98b157,cellxgene/68bcef83-cc6a-44a1-9b49-70e41da7acdb_C57BL6J-1.118.h5ad,46641420,bd7724eacb019379b3902a0e0a1785fb57f8a84a371b6500d4df4c98be83b9c9,https://huggingface.co/datasets/Toycat/SToCorpus-88M/resolve/6f699f128416e8d55d6ab74976e964caec98b157/cellxgene/68bcef83-cc6a-44a1-9b49-70e41da7acdb_C57BL6J-1.118.h5ad
Toycat/SToCorpus-88M,6f699f128416e8d55d6ab74976e964caec98b157,cellxgene/68bcef83-cc6a-44a1-9b49-70e41da7acdb_C57BL6J-1.119.h5ad,48128056,425f4bfdc77f16b380d4896a231a9211b694ec58b3031bfc131e20681234e9e4,https://huggingface.co/datasets/Toycat/SToCorpus-88M/resolve/6f699f128416e8d55d6ab74976e964caec98b157/cellxgene/68bcef83-cc6a-44a1-9b49-70e41da7acdb_C57BL6J-1.119.h5ad
Toycat/SToCorpus-88M,6f699f128416e8d55d6ab74976e964caec98b157,cellxgene/68bcef83-cc6a-44a1-9b49-70e41da7acdb_C57BL6J-1.120.h5ad,52144452,ffee9b6b4e4a7b893cc9f5283b5371f4adf56d1b5da0ca6e7c42cff17983e9a8,https://huggingface.co/datasets/Toycat/SToCorpus-88M/resolve/6f699f128416e8d55d6ab74976e964caec98b157/cellxgene/68bcef83-cc6a-44a1-9b49-70e41da7acdb_C57BL6J-1.120.h5ad
Toycat/SToCorpus-88M,6f699f128416e8d55d6ab74976e964caec98b157,cellxgene/68bcef83-cc6a-44a1-9b49-70e41da7acdb_C57BL6J-1.121.h5ad,40063940,46580d797d90db4342dc52bbb0864f480aa01ba9b25bd103a3d1d764faf818ee,https://huggingface.co/datasets/Toycat/SToCorpus-88M/resolve/6f699f128416e8d55d6ab74976e964caec98b157/cellxgene/68bcef83-cc6a-44a1-9b49-70e41da7acdb_C57BL6J-1.121.h5ad
Toycat/SToCorpus-88M,6f699f128416e8d55d6ab74976e964caec98b157,cellxgene/68bcef83-cc6a-44a1-9b49-70e41da7acdb_C57BL6J-1.122.h5ad,56272928,c30cefdf233579fe625d7855229f6d9988a66cbafbf3b14243470c550c9dcf00,https://huggingface.co/datasets/Toycat/SToCorpus-88M/resolve/6f699f128416e8d55d6ab74976e964caec98b157/cellxgene/68bcef83-cc6a-44a1-9b49-70e41da7acdb_C57BL6J-1.122.h5ad
Toycat/SToCorpus-88M,6f699f128416e8d55d6ab74976e964caec98b157,cellxgene/68bcef83-cc6a-44a1-9b49-70e41da7acdb_C57BL6J-1.123.h5ad,33386676,9828bbe9b52339e4a260e0031780f7fb980c92fcf170c26e8d87e5d5a7acd925,https://huggingface.co/datasets/Toycat/SToCorpus-88M/resolve/6f699f128416e8d55d6ab74976e964caec98b157/cellxgene/68bcef83-cc6a-44a1-9b49-70e41da7acdb_C57BL6J-1.123.h5ad
Toycat/SToCorpus-88M,6f699f128416e8d55d6ab74976e964caec98b157,cellxgene/68bcef83-cc6a-44a1-9b49-70e41da7acdb_C57BL6J-1.124.h5ad,36975224,b99141882c1449f505a066f5d1157fd99264b540e73eeb83e7f5bc42907aa392,https://huggingface.co/datasets/Toycat/SToCorpus-88M/resolve/6f699f128416e8d55d6ab74976e964caec98b157/cellxgene/68bcef83-cc6a-44a1-9b49-70e41da7acdb_C57BL6J-1.124.h5ad
Toycat/SToCorpus-88M,6f699f128416e8d55d6ab74976e964caec98b157,cellxgene/68bcef83-cc6a-44a1-9b49-70e41da7acdb_C57BL6J-1.125.h5ad,48715720,0c1de3e5a5ac4b0a1ecf901e922223319a3d8a59f68dbc8e1de66d177fa74c23,https://huggingface.co/datasets/Toycat/SToCorpus-88M/resolve/6f699f128416e8d55d6ab74976e964caec98b157/cellxgene/68bcef83-cc6a-44a1-9b49-70e41da7acdb_C57BL6J-1.125.h5ad
Toycat/SToCorpus-88M,6f699f128416e8d55d6ab74976e964caec98b157,cellxgene/68bcef83-cc6a-44a1-9b49-70e41da7acdb_C57BL6J-1.126.h5ad,35293952,2637844163560c81f32edb3874a4bd3b3d69c9d6441a4dfd12d6e50fa49bdd6a,https://huggingface.co/datasets/Toycat/SToCorpus-88M/resolve/6f699f128416e8d55d6ab74976e964caec98b157/cellxgene/68bcef83-cc6a-44a1-9b49-70e41da7acdb_C57BL6J-1.126.h5ad
Toycat/SToCorpus-88M,6f699f128416e8d55d6ab74976e964caec98b157,cellxgene/68bcef83-cc6a-44a1-9b49-70e41da7acdb_C57BL6J-1.127.h5ad,31135096,198ef681a1baaa5a4f516845f6f7132fe414a1424f95ad6759eb0be5b16d8908,https://huggingface.co/datasets/Toycat/SToCorpus-88M/resolve/6f699f128416e8d55d6ab74976e964caec98b157/cellxgene/68bcef83-cc6a-44a1-9b49-70e41da7acdb_C57BL6J-1.127.h5ad
Toycat/SToCorpus-88M,6f699f128416e8d55d6ab74976e964caec98b157,cellxgene/68bcef83-cc6a-44a1-9b49-70e41da7acdb_C57BL6J-1.128.h5ad,37297252,5a0b33fd0a60b9b371d6216c207bd7edaded114a40211530941ba67c5ec173f2,https://huggingface.co/datasets/Toycat/SToCorpus-88M/resolve/6f699f128416e8d55d6ab74976e964caec98b157/cellxgene/68bcef83-cc6a-44a1-9b49-70e41da7acdb_C57BL6J-1.128.h5ad
Toycat/SToCorpus-88M,6f699f128416e8d55d6ab74976e964caec98b157,cellxgene/68bcef83-cc6a-44a1-9b49-70e41da7acdb_C57BL6J-1.129.h5ad,39212900,c1077d87f5a57a1907b997c64b4ffee368b3e8950f2bcb4e5949c9f3886f8288,https://huggingface.co/datasets/Toycat/SToCorpus-88M/resolve/6f699f128416e8d55d6ab74976e964caec98b157/cellxgene/68bcef83-cc6a-44a1-9b49-70e41da7acdb_C57BL6J-1.129.h5ad
Toycat/SToCorpus-88M,6f699f128416e8d55d6ab74976e964caec98b157,cellxgene/68bcef83-cc6a-44a1-9b49-70e41da7acdb_C57BL6J-1.130.h5ad,44869336,cbd961443b36ceefebcebf8f66cc89d64a178686aa04df57b34a4a07213088fa,https://huggingface.co/datasets/Toycat/SToCorpus-88M/resolve/6f699f128416e8d55d6ab74976e964caec98b157/cellxgene/68bcef83-cc6a-44a1-9b49-70e41da7acdb_C57BL6J-1.130.h5ad
Toycat/SToCorpus-88M,6f699f128416e8d55d6ab74976e964caec98b157,cellxgene/68bcef83-cc6a-44a1-9b49-70e41da7acdb_C57BL6J-1.131.h5ad,28360756,3c60d0f99c3ee30b40657c1087aa38cb8d89fa35f3f0d376c525b9ed55ca2752,https://huggingface.co/datasets/Toycat/SToCorpus-88M/resolve/6f699f128416e8d55d6ab74976e964caec98b157/cellxgene/68bcef83-cc6a-44a1-9b49-70e41da7acdb_C57BL6J-1.131.h5ad
Toycat/SToCorpus-88M,6f699f128416e8d55d6ab74976e964caec98b157,cellxgene/68bcef83-cc6a-44a1-9b49-70e41da7acdb_C57BL6J-1.132.h5ad,39423216,d3b6df47206066de52fba17c05718d4f1bb1475f10a261ffddfbb997fcda3946,https://huggingface.co/datasets/Toycat/SToCorpus-88M/resolve/6f699f128416e8d55d6ab74976e964caec98b157/cellxgene/68bcef83-cc6a-44a1-9b49-70e41da7acdb_C57BL6J-1.132.h5ad
Toycat/SToCorpus-88M,6f699f128416e8d55d6ab74976e964caec98b157,cellxgene/68bcef83-cc6a-44a1-9b49-70e41da7acdb_C57BL6J-1.133.h5ad,47036740,d55bf21b98308a000ac6e3ca08b5e2a6f443abb395b3c3025493d0719eeb5b0f,https://huggingface.co/datasets/Toycat/SToCorpus-88M/resolve/6f699f128416e8d55d6ab74976e964caec98b157/cellxgene/68bcef83-cc6a-44a1-9b49-70e41da7acdb_C57BL6J-1.133.h5ad
Toycat/SToCorpus-88M,6f699f128416e8d55d6ab74976e964caec98b157,cellxgene/68bcef83-cc6a-44a1-9b49-70e41da7acdb_C57BL6J-1.134.h5ad,35324516,96c105ae8c123a341b88a132e2367dd2c5edae9da668e01a4c171a91b340739a,https://huggingface.co/datasets/Toycat/SToCorpus-88M/resolve/6f699f128416e8d55d6ab74976e964caec98b157/cellxgene/68bcef83-cc6a-44a1-9b49-70e41da7acdb_C57BL6J-1.134.h5ad
Toycat/SToCorpus-88M,6f699f128416e8d55d6ab74976e964caec98b157,cellxgene/68bcef83-cc6a-44a1-9b49-70e41da7acdb_C57BL6J-1.135.h5ad,31759940,21a1f70698bc25bb0cbe981bbc89a4fa4741c35b84da583accb61b92d0c82166,https://huggingface.co/datasets/Toycat/SToCorpus-88M/resolve/6f699f128416e8d55d6ab74976e964caec98b157/cellxgene/68bcef83-cc6a-44a1-9b49-70e41da7acdb_C57BL6J-1.135.h5ad
Toycat/SToCorpus-88M,6f699f128416e8d55d6ab74976e964caec98b157,cellxgene/68bcef83-cc6a-44a1-9b49-70e41da7acdb_C57BL6J-1.136.h5ad,33522960,76a2e17597e91f09cdd0489d7b4c8a22ad74394f4b8fcfa52bacf9956aff2caa,https://huggingface.co/datasets/Toycat/SToCorpus-88M/resolve/6f699f128416e8d55d6ab74976e964caec98b157/cellxgene/68bcef83-cc6a-44a1-9b49-70e41da7acdb_C57BL6J-1.136.h5ad
Toycat/SToCorpus-88M,6f699f128416e8d55d6ab74976e964caec98b157,cellxgene/68bcef83-cc6a-44a1-9b49-70e41da7acdb_C57BL6J-1.137.h5ad,32450172,f58c8edbd7632829f519994e4d83350a968810d0cd25762f761148702fd936d6,https://huggingface.co/datasets/Toycat/SToCorpus-88M/resolve/6f699f128416e8d55d6ab74976e964caec98b157/cellxgene/68bcef83-cc6a-44a1-9b49-70e41da7acdb_C57BL6J-1.137.h5ad
Toycat/SToCorpus-88M,6f699f128416e8d55d6ab74976e964caec98b157,cellxgene/68bcef83-cc6a-44a1-9b49-70e41da7acdb_C57BL6J-1.138.h5ad,35672184,0b1f6a3de9e15071d3e33936f55f40d30d483ba2941c55a3bf2e703b475e8ed4,https://huggingface.co/datasets/Toycat/SToCorpus-88M/resolve/6f699f128416e8d55d6ab74976e964caec98b157/cellxgene/68bcef83-cc6a-44a1-9b49-70e41da7acdb_C57BL6J-1.138.h5ad
Toycat/SToCorpus-88M,6f699f128416e8d55d6ab74976e964caec98b157,cellxgene/68bcef83-cc6a-44a1-9b49-70e41da7acdb_C57BL6J-1.139.h5ad,25677228,f60f657749f49c225b970f993ed3ed340122fb506475a5cd565c60b3ac9aaab6,https://huggingface.co/datasets/Toycat/SToCorpus-88M/resolve/6f699f128416e8d55d6ab74976e964caec98b157/cellxgene/68bcef83-cc6a-44a1-9b49-70e41da7acdb_C57BL6J-1.139.h5ad
Toycat/SToCorpus-88M,6f699f128416e8d55d6ab74976e964caec98b157,cellxgene/68bcef83-cc6a-44a1-9b49-70e41da7acdb_C57BL6J-1.140.h5ad,25934176,8715f4ab300ed1694ddc8b152ff4628ae24ff7a01ef7a5337a4f86461a458df4,https://huggingface.co/datasets/Toycat/SToCorpus-88M/resolve/6f699f128416e8d55d6ab74976e964caec98b157/cellxgene/68bcef83-cc6a-44a1-9b49-70e41da7acdb_C57BL6J-1.140.h5ad
Toycat/SToCorpus-88M,6f699f128416e8d55d6ab74976e964caec98b157,cellxgene/68bcef83-cc6a-44a1-9b49-70e41da7acdb_C57BL6J-1.141.h5ad,27726256,d12b711e4a3803f5f5023228b1d244dac8e28b4714926626ad70fac48244d8f6,https://huggingface.co/datasets/Toycat/SToCorpus-88M/resolve/6f699f128416e8d55d6ab74976e964caec98b157/cellxgene/68bcef83-cc6a-44a1-9b49-70e41da7acdb_C57BL6J-1.141.h5ad
Toycat/SToCorpus-88M,6f699f128416e8d55d6ab74976e964caec98b157,cellxgene/68bcef83-cc6a-44a1-9b49-70e41da7acdb_C57BL6J-1.142.h5ad,39591348,7254924c8bf220c2b2e7a33ff4a4b32a49222f4858dca5f1ee447f11406ebede,https://huggingface.co/datasets/Toycat/SToCorpus-88M/resolve/6f699f128416e8d55d6ab74976e964caec98b157/cellxgene/68bcef83-cc6a-44a1-9b49-70e41da7acdb_C57BL6J-1.142.h5ad
Toycat/SToCorpus-88M,6f699f128416e8d55d6ab74976e964caec98b157,cellxgene/68bcef83-cc6a-44a1-9b49-70e41da7acdb_C57BL6J-1.143.h5ad,24435232,3310a070badde860a2565a83d5e383afc331eaa547c6f29b89f9a27b7a64b5c4,https://huggingface.co/datasets/Toycat/SToCorpus-88M/resolve/6f699f128416e8d55d6ab74976e964caec98b157/cellxgene/68bcef83-cc6a-44a1-9b49-70e41da7acdb_C57BL6J-1.143.h5ad
Toycat/SToCorpus-88M,6f699f128416e8d55d6ab74976e964caec98b157,cellxgene/68bcef83-cc6a-44a1-9b49-70e41da7acdb_C57BL6J-1.144.h5ad,28309560,63ff3e8711fb6e484fd3afee4ca1f154132a26de14aa4a26dc017795e69afb00,https://huggingface.co/datasets/Toycat/SToCorpus-88M/resolve/6f699f128416e8d55d6ab74976e964caec98b157/cellxgene/68bcef83-cc6a-44a1-9b49-70e41da7acdb_C57BL6J-1.144.h5ad
Toycat/SToCorpus-88M,6f699f128416e8d55d6ab74976e964caec98b157,cellxgene/68bcef83-cc6a-44a1-9b49-70e41da7acdb_C57BL6J-1.145.h5ad,25636164,c451d5460b86614cc022e60d5fb6b08619ed54c329dcd01106345b3cd8c09d4c,https://huggingface.co/datasets/Toycat/SToCorpus-88M/resolve/6f699f128416e8d55d6ab74976e964caec98b157/cellxgene/68bcef83-cc6a-44a1-9b49-70e41da7acdb_C57BL6J-1.145.h5ad
Toycat/SToCorpus-88M,6f699f128416e8d55d6ab74976e964caec98b157,cellxgene/68bcef83-cc6a-44a1-9b49-70e41da7acdb_C57BL6J-1.146.h5ad,33416936,7882c0fe768966897a86f1a961ec8db5472736eb4b36db6821c22faf3d7a8967,https://huggingface.co/datasets/Toycat/SToCorpus-88M/resolve/6f699f128416e8d55d6ab74976e964caec98b157/cellxgene/68bcef83-cc6a-44a1-9b49-70e41da7acdb_C57BL6J-1.146.h5ad
Toycat/SToCorpus-88M,6f699f128416e8d55d6ab74976e964caec98b157,cellxgene/68bcef83-cc6a-44a1-9b49-70e41da7acdb_C57BL6J-1.147.h5ad,28931500,5168406c587693a42c698c5221afb5f0f7c996d7c34b1bfe58991875b34e4540,https://huggingface.co/datasets/Toycat/SToCorpus-88M/resolve/6f699f128416e8d55d6ab74976e964caec98b157/cellxgene/68bcef83-cc6a-44a1-9b49-70e41da7acdb_C57BL6J-1.147.h5ad
Toycat/SToCorpus-88M,6f699f128416e8d55d6ab74976e964caec98b157,cellxgene/68bcef83-cc6a-44a1-9b49-70e41da7acdb_C57BL6J-1.148.h5ad,34620332,3662fc18e8407d630b5cc888e632815b3aae3c57262f620b83236c07bd643806,https://huggingface.co/datasets/Toycat/SToCorpus-88M/resolve/6f699f128416e8d55d6ab74976e964caec98b157/cellxgene/68bcef83-cc6a-44a1-9b49-70e41da7acdb_C57BL6J-1.148.h5ad
Toycat/SToCorpus-88M,6f699f128416e8d55d6ab74976e964caec98b157,cellxgene/68bcef83-cc6a-44a1-9b49-70e41da7acdb_C57BL6J-1.149.h5ad,17982356,964f270c7041d42f315f5ba4f17de2e564b1ae57fb1938758189c8baaa746425,https://huggingface.co/datasets/Toycat/SToCorpus-88M/resolve/6f699f128416e8d55d6ab74976e964caec98b157/cellxgene/68bcef83-cc6a-44a1-9b49-70e41da7acdb_C57BL6J-1.149.h5ad
Toycat/SToCorpus-88M,6f699f128416e8d55d6ab74976e964caec98b157,cellxgene/68bcef83-cc6a-44a1-9b49-70e41da7acdb_C57BL6J-1.150.h5ad,25516227,71aeb3e12f3ca8785c981d57c66121bc3abb684ffe6c9d82f69a984541bfd418,https://huggingface.co/datasets/Toycat/SToCorpus-88M/resolve/6f699f128416e8d55d6ab74976e964caec98b157/cellxgene/68bcef83-cc6a-44a1-9b49-70e41da7acdb_C57BL6J-1.150.h5ad
Toycat/SToCorpus-88M,6f699f128416e8d55d6ab74976e964caec98b157,cellxgene/68ffb7ad-5996-4f63-b485-739d6a71d985.h5ad,28570587,5e0ac9bd3c67dc52bddf65cea24f80cc420318ad5b940563b2b60791b1a6e672,https://huggingface.co/datasets/Toycat/SToCorpus-88M/resolve/6f699f128416e8d55d6ab74976e964caec98b157/cellxgene/68ffb7ad-5996-4f63-b485-739d6a71d985.h5ad
Toycat/SToCorpus-88M,6f699f128416e8d55d6ab74976e964caec98b157,cellxgene/69deec26-5744-4800-87ec-e901f1f3e17a.h5ad,7102732,86343047d2be810833ff11b5f3790401a84ed149139b15bdbe13049336d0a063,https://huggingface.co/datasets/Toycat/SToCorpus-88M/resolve/6f699f128416e8d55d6ab74976e964caec98b157/cellxgene/69deec26-5744-4800-87ec-e901f1f3e17a.h5ad
Toycat/SToCorpus-88M,6f699f128416e8d55d6ab74976e964caec98b157,cellxgene/6a489b8e-61b6-4703-82e1-0a433405847a.h5ad,29361346,09bf93a631fe2ed357ba107cde8db9ccc2f358c198b0297e5b6f56493175b801,https://huggingface.co/datasets/Toycat/SToCorpus-88M/resolve/6f699f128416e8d55d6ab74976e964caec98b157/cellxgene/6a489b8e-61b6-4703-82e1-0a433405847a.h5ad
Toycat/SToCorpus-88M,6f699f128416e8d55d6ab74976e964caec98b157,cellxgene/6aa153f3-f30e-4467-9fa3-82aeeecbe273.h5ad,24585932,9d4d24d865b27b7ffc021bc97e36445151a3079124b4178744c496394dd0f66b,https://huggingface.co/datasets/Toycat/SToCorpus-88M/resolve/6f699f128416e8d55d6ab74976e964caec98b157/cellxgene/6aa153f3-f30e-4467-9fa3-82aeeecbe273.h5ad
Toycat/SToCorpus-88M,6f699f128416e8d55d6ab74976e964caec98b157,cellxgene/6afd8837-6767-4355-9426-329392eb7229.h5ad,19439539,d0834d4841fcbeb39716ba877a5a5a496406324684e5835f7a92a6443e199897,https://huggingface.co/datasets/Toycat/SToCorpus-88M/resolve/6f699f128416e8d55d6ab74976e964caec98b157/cellxgene/6afd8837-6767-4355-9426-329392eb7229.h5ad
Toycat/SToCorpus-88M,6f699f128416e8d55d6ab74976e964caec98b157,cellxgene/6c4415aa-9ae6-4e95-b5de-670f8453d5fb.h5ad,20953069,a4138aefe98727a2116d112f33456a4120bd9a5673490805ab84c6357ca12b32,https://huggingface.co/datasets/Toycat/SToCorpus-88M/resolve/6f699f128416e8d55d6ab74976e964caec98b157/cellxgene/6c4415aa-9ae6-4e95-b5de-670f8453d5fb.h5ad
Toycat/SToCorpus-88M,6f699f128416e8d55d6ab74976e964caec98b157,cellxgene/6cb47ffe-4637-4359-b130-0e1f554cdb2a.h5ad,27190156,f7ae8a27737f2c4767dae56ef5e4868baf98fdf96da98dd788ea607fe0777459,https://huggingface.co/datasets/Toycat/SToCorpus-88M/resolve/6f699f128416e8d55d6ab74976e964caec98b157/cellxgene/6cb47ffe-4637-4359-b130-0e1f554cdb2a.h5ad
Toycat/SToCorpus-88M,6f699f128416e8d55d6ab74976e964caec98b157,cellxgene/6d83bf91-c6cb-4fc6-abc3-ac0662afa7af.h5ad,16411155,9065b6940202542e8e3563acdc53b289f5966f1455d3a1b7abbac7d28bcc0021,https://huggingface.co/datasets/Toycat/SToCorpus-88M/resolve/6f699f128416e8d55d6ab74976e964caec98b157/cellxgene/6d83bf91-c6cb-4fc6-abc3-ac0662afa7af.h5ad
Toycat/SToCorpus-88M,6f699f128416e8d55d6ab74976e964caec98b157,cellxgene/6e7b0068-0ef6-4b83-86e1-a0ef6c8a80fb.h5ad,4616360,64fd028d5d5aaabcaa35f6a25a2555a59c3f16f794dd3bee1d948d92ca0e7a53,https://huggingface.co/datasets/Toycat/SToCorpus-88M/resolve/6f699f128416e8d55d6ab74976e964caec98b157/cellxgene/6e7b0068-0ef6-4b83-86e1-a0ef6c8a80fb.h5ad
Toycat/SToCorpus-88M,6f699f128416e8d55d6ab74976e964caec98b157,cellxgene/714ab4a1-6622-4d76-8d7d-43f3fbb740f5.h5ad,22259424,9804cc57c6aaf1e635ded28dcc4cd4f8958c3e44fa69200ad529a5dfe69b1109,https://huggingface.co/datasets/Toycat/SToCorpus-88M/resolve/6f699f128416e8d55d6ab74976e964caec98b157/cellxgene/714ab4a1-6622-4d76-8d7d-43f3fbb740f5.h5ad
Toycat/SToCorpus-88M,6f699f128416e8d55d6ab74976e964caec98b157,cellxgene/71cd471b-9495-4148-9eef-98bd6c4584f3.h5ad,61720795,c56a7035ad5e1a8939f0055f7298b1941a2db17e2a8ed24f203aa369ed082007,https://huggingface.co/datasets/Toycat/SToCorpus-88M/resolve/6f699f128416e8d55d6ab74976e964caec98b157/cellxgene/71cd471b-9495-4148-9eef-98bd6c4584f3.h5ad
Toycat/SToCorpus-88M,6f699f128416e8d55d6ab74976e964caec98b157,cellxgene/740fd1b8-07e1-46b9-86b7-f8c4f17ce87b.h5ad,30730284,baad363672638389a8320f5bd3b5a1ff219f7485712e111b4a88a60717b17198,https://huggingface.co/datasets/Toycat/SToCorpus-88M/resolve/6f699f128416e8d55d6ab74976e964caec98b157/cellxgene/740fd1b8-07e1-46b9-86b7-f8c4f17ce87b.h5ad
Toycat/SToCorpus-88M,6f699f128416e8d55d6ab74976e964caec98b157,cellxgene/743514fa-a21e-4611-87ee-c7ba5b177afa.h5ad,15056902,8c14599a52a70aeba9d6abe76bfd6ad2ded689a84ffe8fa78f15e31731b3c567,https://huggingface.co/datasets/Toycat/SToCorpus-88M/resolve/6f699f128416e8d55d6ab74976e964caec98b157/cellxgene/743514fa-a21e-4611-87ee-c7ba5b177afa.h5ad
Toycat/SToCorpus-88M,6f699f128416e8d55d6ab74976e964caec98b157,cellxgene/743c51d4-22eb-448c-950a-ff7fdf0b41f4.h5ad,12425717,02655c59817b77aac0b5ded7ff7e588dd7eb0e17123b87cea2c3714d9cc8c14b,https://huggingface.co/datasets/Toycat/SToCorpus-88M/resolve/6f699f128416e8d55d6ab74976e964caec98b157/cellxgene/743c51d4-22eb-448c-950a-ff7fdf0b41f4.h5ad
Toycat/SToCorpus-88M,6f699f128416e8d55d6ab74976e964caec98b157,cellxgene/770e05bb-2a45-4e45-886a-42a2bb25d483.h5ad,25586552,0c3be1eca737b71b8d2c733e1a92176d1d205fe703d78a226b79068e45267490,https://huggingface.co/datasets/Toycat/SToCorpus-88M/resolve/6f699f128416e8d55d6ab74976e964caec98b157/cellxgene/770e05bb-2a45-4e45-886a-42a2bb25d483.h5ad
Toycat/SToCorpus-88M,6f699f128416e8d55d6ab74976e964caec98b157,cellxgene/77ff692b-7a5d-4633-b04c-b565d24de006.h5ad,12830203,0695c1bf3acec57eee6d20c178e8ddcd37b5c43247146e720bb6e2c6341317d7,https://huggingface.co/datasets/Toycat/SToCorpus-88M/resolve/6f699f128416e8d55d6ab74976e964caec98b157/cellxgene/77ff692b-7a5d-4633-b04c-b565d24de006.h5ad
Toycat/SToCorpus-88M,6f699f128416e8d55d6ab74976e964caec98b157,cellxgene/7b439f0b-08c2-4b99-b24f-7acb6b31cfec.h5ad,9942046,faa40501361a45252335cbd8421b5a0acf153e8558dcb798dfdd024c5a9e4b91,https://huggingface.co/datasets/Toycat/SToCorpus-88M/resolve/6f699f128416e8d55d6ab74976e964caec98b157/cellxgene/7b439f0b-08c2-4b99-b24f-7acb6b31cfec.h5ad
Toycat/SToCorpus-88M,6f699f128416e8d55d6ab74976e964caec98b157,cellxgene/7e7bb41f-72a2-4541-ae37-594539d0730e.h5ad,21734528,22588d5aff37306b3474a27afbfeef3110c824dcc08dd4ccd855941fd69a90db,https://huggingface.co/datasets/Toycat/SToCorpus-88M/resolve/6f699f128416e8d55d6ab74976e964caec98b157/cellxgene/7e7bb41f-72a2-4541-ae37-594539d0730e.h5ad
Toycat/SToCorpus-88M,6f699f128416e8d55d6ab74976e964caec98b157,cellxgene/7ed585cd-ce72-402f-a1ca-6d446099693d.h5ad,17945772,fd45bc6064ccaedd9fbe5b4f47bf40e94b0663d35d5706a14090fe93b100524d,https://huggingface.co/datasets/Toycat/SToCorpus-88M/resolve/6f699f128416e8d55d6ab74976e964caec98b157/cellxgene/7ed585cd-ce72-402f-a1ca-6d446099693d.h5ad
Toycat/SToCorpus-88M,6f699f128416e8d55d6ab74976e964caec98b157,cellxgene/7f036247-7f3c-4a72-a4b2-fa755d223720.h5ad,9610450,030f1cd5b2a9343cbf5d6b63bb336e86e834632d94c480f7109af37d8de9719d,https://huggingface.co/datasets/Toycat/SToCorpus-88M/resolve/6f699f128416e8d55d6ab74976e964caec98b157/cellxgene/7f036247-7f3c-4a72-a4b2-fa755d223720.h5ad
Toycat/SToCorpus-88M,6f699f128416e8d55d6ab74976e964caec98b157,cellxgene/7f4b4e4b-ac08-49f5-91bf-394d88d49179.h5ad,22985434,aec880b7c140f9ef566c4f08f57fefdd36d3056b3286e8de600b7bf78f4df369,https://huggingface.co/datasets/Toycat/SToCorpus-88M/resolve/6f699f128416e8d55d6ab74976e964caec98b157/cellxgene/7f4b4e4b-ac08-49f5-91bf-394d88d49179.h5ad
Toycat/SToCorpus-88M,6f699f128416e8d55d6ab74976e964caec98b157,cellxgene/8200bcb8-7c51-41bb-8314-673602e4cfbc.h5ad,28329087,3ec90391ede490de761801266aafe824a7b98d9c19ba80273caecdb39a95c830,https://huggingface.co/datasets/Toycat/SToCorpus-88M/resolve/6f699f128416e8d55d6ab74976e964caec98b157/cellxgene/8200bcb8-7c51-41bb-8314-673602e4cfbc.h5ad
Toycat/SToCorpus-88M,6f699f128416e8d55d6ab74976e964caec98b157,cellxgene/82fbe11b-626d-4796-83ad-12a862f00498.h5ad,17866799,4ecb7681943b6b29dd53eb0693cc4ab04ec7c3d019bd9d5767e5111d1ffb7889,https://huggingface.co/datasets/Toycat/SToCorpus-88M/resolve/6f699f128416e8d55d6ab74976e964caec98b157/cellxgene/82fbe11b-626d-4796-83ad-12a862f00498.h5ad
Toycat/SToCorpus-88M,6f699f128416e8d55d6ab74976e964caec98b157,cellxgene/86bf64cd-1063-4828-83cb-c805f2f1c859.h5ad,37325641,570c5f915f9e32f6ea8edb0c1ae9126be0c2db7adcf11f5ee41ed07637824819,https://huggingface.co/datasets/Toycat/SToCorpus-88M/resolve/6f699f128416e8d55d6ab74976e964caec98b157/cellxgene/86bf64cd-1063-4828-83cb-c805f2f1c859.h5ad
Toycat/SToCorpus-88M,6f699f128416e8d55d6ab74976e964caec98b157,cellxgene/87dd908b-fa36-4c65-b273-5e970977a134.h5ad,33422875,e2e721254069a88228db6d2f92788572fb67610e2b9e18d1b434170361292376,https://huggingface.co/datasets/Toycat/SToCorpus-88M/resolve/6f699f128416e8d55d6ab74976e964caec98b157/cellxgene/87dd908b-fa36-4c65-b273-5e970977a134.h5ad
Toycat/SToCorpus-88M,6f699f128416e8d55d6ab74976e964caec98b157,cellxgene/88545585-9363-445c-a746-aeea278c9f53.h5ad,13098315,2360e986ded75d8a08493bde0aa39c2d49c7cce253d57ea7749c675de524f86b,https://huggingface.co/datasets/Toycat/SToCorpus-88M/resolve/6f699f128416e8d55d6ab74976e964caec98b157/cellxgene/88545585-9363-445c-a746-aeea278c9f53.h5ad
Toycat/SToCorpus-88M,6f699f128416e8d55d6ab74976e964caec98b157,cellxgene/895e0778-c20f-4ee1-859c-0a3f3cebe04b.h5ad,33917715,0c575c0c5cdd0fe428af11a620e86bfec542193c2fd38a834b93053a5c003037,https://huggingface.co/datasets/Toycat/SToCorpus-88M/resolve/6f699f128416e8d55d6ab74976e964caec98b157/cellxgene/895e0778-c20f-4ee1-859c-0a3f3cebe04b.h5ad
Toycat/SToCorpus-88M,6f699f128416e8d55d6ab74976e964caec98b157,cellxgene/896e0aac-ca33-4170-9c95-e001f283708f.h5ad,15123611,42ddb975c3da18f51af1d3f8d7b0b1045cf0bf33d94cf19206fd29c2544d8c94,https://huggingface.co/datasets/Toycat/SToCorpus-88M/resolve/6f699f128416e8d55d6ab74976e964caec98b157/cellxgene/896e0aac-ca33-4170-9c95-e001f283708f.h5ad
Toycat/SToCorpus-88M,6f699f128416e8d55d6ab74976e964caec98b157,cellxgene/89b6dd29-8a0c-4fc4-8f02-c4955412e24f.h5ad,62333899,5a52b54fcbc02894180706e868d10c854db914d588591acb9bf61665d308039f,https://huggingface.co/datasets/Toycat/SToCorpus-88M/resolve/6f699f128416e8d55d6ab74976e964caec98b157/cellxgene/89b6dd29-8a0c-4fc4-8f02-c4955412e24f.h5ad
Toycat/SToCorpus-88M,6f699f128416e8d55d6ab74976e964caec98b157,cellxgene/8bc8791e-0c5f-4ff7-996a-a181ebda7cb0.h5ad,16318457,ed28b6eed7290c0e0b4e2e55a22ca76a91f27c16ba10544d1a0eae299ba46f8d,https://huggingface.co/datasets/Toycat/SToCorpus-88M/resolve/6f699f128416e8d55d6ab74976e964caec98b157/cellxgene/8bc8791e-0c5f-4ff7-996a-a181ebda7cb0.h5ad
Toycat/SToCorpus-88M,6f699f128416e8d55d6ab74976e964caec98b157,cellxgene/8e7d076f-b22a-45fe-aa1d-0f0c937d7fb2.h5ad,49180035,be1927bc5bd0140a260571eca5e0a1c212e473dcf6394c0b135d53f9a323624c,https://huggingface.co/datasets/Toycat/SToCorpus-88M/resolve/6f699f128416e8d55d6ab74976e964caec98b157/cellxgene/8e7d076f-b22a-45fe-aa1d-0f0c937d7fb2.h5ad
Toycat/SToCorpus-88M,6f699f128416e8d55d6ab74976e964caec98b157,cellxgene/8ef6b831-137b-4c93-80bf-2040baa8a154.h5ad,13513436,b99427f38907aadcc237c8ca41a59d4b46f557a605fb7ef4970424db65b18f1f,https://huggingface.co/datasets/Toycat/SToCorpus-88M/resolve/6f699f128416e8d55d6ab74976e964caec98b157/cellxgene/8ef6b831-137b-4c93-80bf-2040baa8a154.h5ad
Toycat/SToCorpus-88M,6f699f128416e8d55d6ab74976e964caec98b157,cellxgene/90605533-0288-461b-a3ee-3c82012a2586.h5ad,29542937,8d2f6e54a4296203a9eeae9817e5c89a4f74c90fd66d8e9cf30f61dca9aed524,https://huggingface.co/datasets/Toycat/SToCorpus-88M/resolve/6f699f128416e8d55d6ab74976e964caec98b157/cellxgene/90605533-0288-461b-a3ee-3c82012a2586.h5ad
Toycat/SToCorpus-88M,6f699f128416e8d55d6ab74976e964caec98b157,cellxgene/911252f5-a61d-4cdf-bba5-d6157b31c5d7.h5ad,17301852,9f332f54d7e335b5723aa1367f268080f74a9ca0a8fd12512dab3eae3f172966,https://huggingface.co/datasets/Toycat/SToCorpus-88M/resolve/6f699f128416e8d55d6ab74976e964caec98b157/cellxgene/911252f5-a61d-4cdf-bba5-d6157b31c5d7.h5ad
Toycat/SToCorpus-88M,6f699f128416e8d55d6ab74976e964caec98b157,cellxgene/919b5610-8fdc-488f-867c-99ef8e19357d.h5ad,156269840,029623b65fdd6659648229973e454c13b7632b1e37db7975c72eb5b9e4caa03e,https://huggingface.co/datasets/Toycat/SToCorpus-88M/resolve/6f699f128416e8d55d6ab74976e964caec98b157/cellxgene/919b5610-8fdc-488f-867c-99ef8e19357d.h5ad
Toycat/SToCorpus-88M,6f699f128416e8d55d6ab74976e964caec98b157,cellxgene/92ea0e9f-5ca9-4cfa-9e3f-f76f4816acaa.h5ad,4370424,3812ca32718934674f0c7ccaa8ef9c1eff89b2fd711dd5952f1d12cd7a5d5ebe,https://huggingface.co/datasets/Toycat/SToCorpus-88M/resolve/6f699f128416e8d55d6ab74976e964caec98b157/cellxgene/92ea0e9f-5ca9-4cfa-9e3f-f76f4816acaa.h5ad
Toycat/SToCorpus-88M,6f699f128416e8d55d6ab74976e964caec98b157,cellxgene/94d66dbb-a4c4-4d9b-808d-bbdac8861f2e.h5ad,145445754,5bbf005f20147f645596bbfd29a2420868122ea96ca610324b764732686701ef,https://huggingface.co/datasets/Toycat/SToCorpus-88M/resolve/6f699f128416e8d55d6ab74976e964caec98b157/cellxgene/94d66dbb-a4c4-4d9b-808d-bbdac8861f2e.h5ad
Toycat/SToCorpus-88M,6f699f128416e8d55d6ab74976e964caec98b157,cellxgene/95458eea-a3af-4f58-8ed2-b6c2d3c99c91.h5ad,41070532,cb0c8faf8c964361631f4dea26e445a350038de6eeec99249c40e2d3ee38a3cb,https://huggingface.co/datasets/Toycat/SToCorpus-88M/resolve/6f699f128416e8d55d6ab74976e964caec98b157/cellxgene/95458eea-a3af-4f58-8ed2-b6c2d3c99c91.h5ad
Toycat/SToCorpus-88M,6f699f128416e8d55d6ab74976e964caec98b157,cellxgene/96212451-e95c-49d5-b9ac-a0dd7fd5b7f6.h5ad,67014438,4cf5a530854f589c19bfe52da145ee473740bc686003188de00bd26ac958a482,https://huggingface.co/datasets/Toycat/SToCorpus-88M/resolve/6f699f128416e8d55d6ab74976e964caec98b157/cellxgene/96212451-e95c-49d5-b9ac-a0dd7fd5b7f6.h5ad
Toycat/SToCorpus-88M,6f699f128416e8d55d6ab74976e964caec98b157,cellxgene/9719e2f5-f37c-4ad7-9187-4cf90fe21b29.h5ad,16405638,bca49f8a802c339c6c71c1b6a54615e205f670b3992c1c56cfc90396e994597b,https://huggingface.co/datasets/Toycat/SToCorpus-88M/resolve/6f699f128416e8d55d6ab74976e964caec98b157/cellxgene/9719e2f5-f37c-4ad7-9187-4cf90fe21b29.h5ad
Toycat/SToCorpus-88M,6f699f128416e8d55d6ab74976e964caec98b157,cellxgene/97c31167-6391-42f4-bfc4-bd9ee1fed546_C57BL6J-4.001.h5ad,285759324,a04ef15e233772bb86162ab4511dd8fee804e081ef6c392e6ddfd27923c8c781,https://huggingface.co/datasets/Toycat/SToCorpus-88M/resolve/6f699f128416e8d55d6ab74976e964caec98b157/cellxgene/97c31167-6391-42f4-bfc4-bd9ee1fed546_C57BL6J-4.001.h5ad
Toycat/SToCorpus-88M,6f699f128416e8d55d6ab74976e964caec98b157,cellxgene/97c31167-6391-42f4-bfc4-bd9ee1fed546_C57BL6J-4.002.h5ad,366243340,3a1eaad65028a61b7131c35e708e7e7b5ee8981b0089e3ba1f82f38636a48568,https://huggingface.co/datasets/Toycat/SToCorpus-88M/resolve/6f699f128416e8d55d6ab74976e964caec98b157/cellxgene/97c31167-6391-42f4-bfc4-bd9ee1fed546_C57BL6J-4.002.h5ad
Toycat/SToCorpus-88M,6f699f128416e8d55d6ab74976e964caec98b157,cellxgene/97c31167-6391-42f4-bfc4-bd9ee1fed546_C57BL6J-4.003.h5ad,538677256,f953644423087591b94e1ed86d100ef34cec42d6bad19a938fe927fcfe3852e7,https://huggingface.co/datasets/Toycat/SToCorpus-88M/resolve/6f699f128416e8d55d6ab74976e964caec98b157/cellxgene/97c31167-6391-42f4-bfc4-bd9ee1fed546_C57BL6J-4.003.h5ad
Toycat/SToCorpus-88M,6f699f128416e8d55d6ab74976e964caec98b157,cellxgene/9877e037-d2b3-46ce-bae3-53180a57183a.h5ad,25613945,31440c599671f0da72f62bd0d49c27b711f6e2b745d8af2f6ab4d168616f141f,https://huggingface.co/datasets/Toycat/SToCorpus-88M/resolve/6f699f128416e8d55d6ab74976e964caec98b157/cellxgene/9877e037-d2b3-46ce-bae3-53180a57183a.h5ad
Toycat/SToCorpus-88M,6f699f128416e8d55d6ab74976e964caec98b157,cellxgene/9bafed13-dfee-4991-bd83-97abeedcdeff.h5ad,17640194,d8965724a727e11d311520b6181692404ed2c1c42ebcb0450fd01b8b47cb99fb,https://huggingface.co/datasets/Toycat/SToCorpus-88M/resolve/6f699f128416e8d55d6ab74976e964caec98b157/cellxgene/9bafed13-dfee-4991-bd83-97abeedcdeff.h5ad
Toycat/SToCorpus-88M,6f699f128416e8d55d6ab74976e964caec98b157,cellxgene/9c6adc0a-e21b-4635-9508-a5b30f0fe249.h5ad,4369438,7d60c5e66801cc008656eedae44118a9a0118b3837f16f9031f83f84a97f6988,https://huggingface.co/datasets/Toycat/SToCorpus-88M/resolve/6f699f128416e8d55d6ab74976e964caec98b157/cellxgene/9c6adc0a-e21b-4635-9508-a5b30f0fe249.h5ad
Toycat/SToCorpus-88M,6f699f128416e8d55d6ab74976e964caec98b157,cellxgene/9c889e34-c6b7-4493-affa-be30ca85a299.h5ad,134750066,4b186236121f276cb093281f8e91408221a1bd7fc648f9332e1a16983d42e3f5,https://huggingface.co/datasets/Toycat/SToCorpus-88M/resolve/6f699f128416e8d55d6ab74976e964caec98b157/cellxgene/9c889e34-c6b7-4493-affa-be30ca85a299.h5ad
Toycat/SToCorpus-88M,6f699f128416e8d55d6ab74976e964caec98b157,cellxgene/9e0c5afa-f10e-424e-b993-53220025bffb.h5ad,14707887,8395e2dd9b6ac038ba79fa6efc503f7617ca98f5f4cb618454b747483c14e2c6,https://huggingface.co/datasets/Toycat/SToCorpus-88M/resolve/6f699f128416e8d55d6ab74976e964caec98b157/cellxgene/9e0c5afa-f10e-424e-b993-53220025bffb.h5ad
Toycat/SToCorpus-88M,6f699f128416e8d55d6ab74976e964caec98b157,cellxgene/9e6710a8-5d5e-42af-8c51-d4fe1d1a2ad5.h5ad,12608118,8877f8e9d5f5dbde929d9a328a9497edd4571c236a3e36f8e3535299d0095943,https://huggingface.co/datasets/Toycat/SToCorpus-88M/resolve/6f699f128416e8d55d6ab74976e964caec98b157/cellxgene/9e6710a8-5d5e-42af-8c51-d4fe1d1a2ad5.h5ad
Toycat/SToCorpus-88M,6f699f128416e8d55d6ab74976e964caec98b157,cellxgene/9fe67a6e-6e64-4a0d-a654-f76ca8d295cb.h5ad,24888380,cc4d3397d8695434fa5fb2e4cc436da86b8047a4068373671040b115a30cb32e,https://huggingface.co/datasets/Toycat/SToCorpus-88M/resolve/6f699f128416e8d55d6ab74976e964caec98b157/cellxgene/9fe67a6e-6e64-4a0d-a654-f76ca8d295cb.h5ad
Toycat/SToCorpus-88M,6f699f128416e8d55d6ab74976e964caec98b157,cellxgene/a0af5076-746c-47b4-9468-091de6719732_C57BL6J-3.001.h5ad,8128104902,caec7cf2b2423e1e6eeda179989d48d3478461853e7404324578937118705626,https://huggingface.co/datasets/Toycat/SToCorpus-88M/resolve/6f699f128416e8d55d6ab74976e964caec98b157/cellxgene/a0af5076-746c-47b4-9468-091de6719732_C57BL6J-3.001.h5ad
Toycat/SToCorpus-88M,6f699f128416e8d55d6ab74976e964caec98b157,cellxgene/a0af5076-746c-47b4-9468-091de6719732_C57BL6J-3.002.h5ad,9447842798,4756a9e12d13ebc771526e7255de30764e4ee38d196ee0a068e22f297db90db8,https://huggingface.co/datasets/Toycat/SToCorpus-88M/resolve/6f699f128416e8d55d6ab74976e964caec98b157/cellxgene/a0af5076-746c-47b4-9468-091de6719732_C57BL6J-3.002.h5ad
Toycat/SToCorpus-88M,6f699f128416e8d55d6ab74976e964caec98b157,cellxgene/a0af5076-746c-47b4-9468-091de6719732_C57BL6J-3.003.h5ad,10122360715,1f694e8b626cc7ff05fc951bb2db97d35788f6851d1a69c4e5ce54b5d2ab418d,https://huggingface.co/datasets/Toycat/SToCorpus-88M/resolve/6f699f128416e8d55d6ab74976e964caec98b157/cellxgene/a0af5076-746c-47b4-9468-091de6719732_C57BL6J-3.003.h5ad
Toycat/SToCorpus-88M,6f699f128416e8d55d6ab74976e964caec98b157,cellxgene/a0af5076-746c-47b4-9468-091de6719732_C57BL6J-3.004.h5ad,11366153677,c172faef5480c2e6998e4cd6ed07fae8271e0039ba7c9574154b5c26e74875d8,https://huggingface.co/datasets/Toycat/SToCorpus-88M/resolve/6f699f128416e8d55d6ab74976e964caec98b157/cellxgene/a0af5076-746c-47b4-9468-091de6719732_C57BL6J-3.004.h5ad
Toycat/SToCorpus-88M,6f699f128416e8d55d6ab74976e964caec98b157,cellxgene/a0af5076-746c-47b4-9468-091de6719732_C57BL6J-3.005.h5ad,11116851631,108835c051faf88eec110e30801a37a24c97afb2141f041433e154ee82a99313,https://huggingface.co/datasets/Toycat/SToCorpus-88M/resolve/6f699f128416e8d55d6ab74976e964caec98b157/cellxgene/a0af5076-746c-47b4-9468-091de6719732_C57BL6J-3.005.h5ad
Toycat/SToCorpus-88M,6f699f128416e8d55d6ab74976e964caec98b157,cellxgene/a0af5076-746c-47b4-9468-091de6719732_C57BL6J-3.006.h5ad,9097376566,b0aa21b7bd740c9ed6d8654e7e04bcc4aba5bb084893fe1bc09f5dd0345779c8,https://huggingface.co/datasets/Toycat/SToCorpus-88M/resolve/6f699f128416e8d55d6ab74976e964caec98b157/cellxgene/a0af5076-746c-47b4-9468-091de6719732_C57BL6J-3.006.h5ad
Toycat/SToCorpus-88M,6f699f128416e8d55d6ab74976e964caec98b157,cellxgene/a0af5076-746c-47b4-9468-091de6719732_C57BL6J-3.007.h5ad,9696631052,60f2a487cd1f7a231bb5c9240ad1272569f1b2ea206fca2dc84b0d735a216956,https://huggingface.co/datasets/Toycat/SToCorpus-88M/resolve/6f699f128416e8d55d6ab74976e964caec98b157/cellxgene/a0af5076-746c-47b4-9468-091de6719732_C57BL6J-3.007.h5ad
Toycat/SToCorpus-88M,6f699f128416e8d55d6ab74976e964caec98b157,cellxgene/a0af5076-746c-47b4-9468-091de6719732_C57BL6J-3.008.h5ad,8829205316,1e51928930763e17e36a38a3227085842e710f9f39eaf1d3df0f0e1eab62c432,https://huggingface.co/datasets/Toycat/SToCorpus-88M/resolve/6f699f128416e8d55d6ab74976e964caec98b157/cellxgene/a0af5076-746c-47b4-9468-091de6719732_C57BL6J-3.008.h5ad
Toycat/SToCorpus-88M,6f699f128416e8d55d6ab74976e964caec98b157,cellxgene/a0af5076-746c-47b4-9468-091de6719732_C57BL6J-3.009.h5ad,7753996963,caa5b2deb83d887c417223d0674d87c13ae073e85646aab54d125998b2b3aa3d,https://huggingface.co/datasets/Toycat/SToCorpus-88M/resolve/6f699f128416e8d55d6ab74976e964caec98b157/cellxgene/a0af5076-746c-47b4-9468-091de6719732_C57BL6J-3.009.h5ad
Toycat/SToCorpus-88M,6f699f128416e8d55d6ab74976e964caec98b157,cellxgene/a0af5076-746c-47b4-9468-091de6719732_C57BL6J-3.010.h5ad,7575717590,c399a6441dbcc0be9f5bb46b7759c29d068359817bd103c7d8a28bbb18371d13,https://huggingface.co/datasets/Toycat/SToCorpus-88M/resolve/6f699f128416e8d55d6ab74976e964caec98b157/cellxgene/a0af5076-746c-47b4-9468-091de6719732_C57BL6J-3.010.h5ad
Toycat/SToCorpus-88M,6f699f128416e8d55d6ab74976e964caec98b157,cellxgene/a0af5076-746c-47b4-9468-091de6719732_C57BL6J-3.011.h5ad,7244848021,e12d4c4ebc5f74fe00fd54c0390236ebc62b5f9424b589c5a1acbd73a3cc9f26,https://huggingface.co/datasets/Toycat/SToCorpus-88M/resolve/6f699f128416e8d55d6ab74976e964caec98b157/cellxgene/a0af5076-746c-47b4-9468-091de6719732_C57BL6J-3.011.h5ad
Toycat/SToCorpus-88M,6f699f128416e8d55d6ab74976e964caec98b157,cellxgene/a0af5076-746c-47b4-9468-091de6719732_C57BL6J-3.012.h5ad,6798810359,b702e0d7e0aa0f114a5f3c230d3bd06e47aa8619adae5f5d5cdeec544b179afa,https://huggingface.co/datasets/Toycat/SToCorpus-88M/resolve/6f699f128416e8d55d6ab74976e964caec98b157/cellxgene/a0af5076-746c-47b4-9468-091de6719732_C57BL6J-3.012.h5ad
Toycat/SToCorpus-88M,6f699f128416e8d55d6ab74976e964caec98b157,cellxgene/a0af5076-746c-47b4-9468-091de6719732_C57BL6J-3.013.h5ad,6706493925,a0d20b5253eb162134395a60e009295ba8b57b298486bd1533c7f1065a048149,https://huggingface.co/datasets/Toycat/SToCorpus-88M/resolve/6f699f128416e8d55d6ab74976e964caec98b157/cellxgene/a0af5076-746c-47b4-9468-091de6719732_C57BL6J-3.013.h5ad
Toycat/SToCorpus-88M,6f699f128416e8d55d6ab74976e964caec98b157,cellxgene/a0af5076-746c-47b4-9468-091de6719732_C57BL6J-3.015.h5ad,6796554423,072ff5c84c7ffe6e1fe2f245c96edbfed5c5a80abb974bb07ad71fa15c877941,https://huggingface.co/datasets/Toycat/SToCorpus-88M/resolve/6f699f128416e8d55d6ab74976e964caec98b157/cellxgene/a0af5076-746c-47b4-9468-091de6719732_C57BL6J-3.015.h5ad
Toycat/SToCorpus-88M,6f699f128416e8d55d6ab74976e964caec98b157,cellxgene/a0af5076-746c-47b4-9468-091de6719732_C57BL6J-3.016.h5ad,5141783987,ccd627f98f4373341b47545f95ef4d9839f231cf2ae41c17e1a276db06ba3bb5,https://huggingface.co/datasets/Toycat/SToCorpus-88M/resolve/6f699f128416e8d55d6ab74976e964caec98b157/cellxgene/a0af5076-746c-47b4-9468-091de6719732_C57BL6J-3.016.h5ad
Toycat/SToCorpus-88M,6f699f128416e8d55d6ab74976e964caec98b157,cellxgene/a0af5076-746c-47b4-9468-091de6719732_C57BL6J-3.017.h5ad,4804759403,19281934cc103fe88cd62928df9b91c7a4962a84e38066c437ac663003efa131,https://huggingface.co/datasets/Toycat/SToCorpus-88M/resolve/6f699f128416e8d55d6ab74976e964caec98b157/cellxgene/a0af5076-746c-47b4-9468-091de6719732_C57BL6J-3.017.h5ad
Toycat/SToCorpus-88M,6f699f128416e8d55d6ab74976e964caec98b157,cellxgene/a0af5076-746c-47b4-9468-091de6719732_C57BL6J-3.019.h5ad,4331811231,587512f6f5e948699a62ae2323d68c4abf15ca2ed9f5dc50811092b81fa42bad,https://huggingface.co/datasets/Toycat/SToCorpus-88M/resolve/6f699f128416e8d55d6ab74976e964caec98b157/cellxgene/a0af5076-746c-47b4-9468-091de6719732_C57BL6J-3.019.h5ad
Toycat/SToCorpus-88M,6f699f128416e8d55d6ab74976e964caec98b157,cellxgene/a0af5076-746c-47b4-9468-091de6719732_C57BL6J-3.020.h5ad,4004124635,954fae45232860defd92dc7e621291f80d9d45194c27a7d6f24560f17f862146,https://huggingface.co/datasets/Toycat/SToCorpus-88M/resolve/6f699f128416e8d55d6ab74976e964caec98b157/cellxgene/a0af5076-746c-47b4-9468-091de6719732_C57BL6J-3.020.h5ad
Toycat/SToCorpus-88M,6f699f128416e8d55d6ab74976e964caec98b157,cellxgene/a0af5076-746c-47b4-9468-091de6719732_C57BL6J-3.021.h5ad,3494240900,a1a7e7a0fdda44e92cd4e46db7d48013b424d25ec0c63c960ae444ab984d81a9,https://huggingface.co/datasets/Toycat/SToCorpus-88M/resolve/6f699f128416e8d55d6ab74976e964caec98b157/cellxgene/a0af5076-746c-47b4-9468-091de6719732_C57BL6J-3.021.h5ad
Toycat/SToCorpus-88M,6f699f128416e8d55d6ab74976e964caec98b157,cellxgene/a0af5076-746c-47b4-9468-091de6719732_C57BL6J-3.022.h5ad,2434339533,7ebc55868fde1ce745ee2008dc9851e51797becedb5f64e3426c8acf328f4553,https://huggingface.co/datasets/Toycat/SToCorpus-88M/resolve/6f699f128416e8d55d6ab74976e964caec98b157/cellxgene/a0af5076-746c-47b4-9468-091de6719732_C57BL6J-3.022.h5ad
Toycat/SToCorpus-88M,6f699f128416e8d55d6ab74976e964caec98b157,cellxgene/a0af5076-746c-47b4-9468-091de6719732_C57BL6J-3.023.h5ad,1883431039,171952eaaf883d02347663f6a0b886cbdaa0998d06be3a267eb479d0088ad941,https://huggingface.co/datasets/Toycat/SToCorpus-88M/resolve/6f699f128416e8d55d6ab74976e964caec98b157/cellxgene/a0af5076-746c-47b4-9468-091de6719732_C57BL6J-3.023.h5ad
Toycat/SToCorpus-88M,6f699f128416e8d55d6ab74976e964caec98b157,cellxgene/a0af5076-746c-47b4-9468-091de6719732_C57BL6J-3.024.h5ad,1592608045,1bd7907cb39909dcc5175c9fe6b7932d5da40ec129a22efd984bd9a6f006f6cb,https://huggingface.co/datasets/Toycat/SToCorpus-88M/resolve/6f699f128416e8d55d6ab74976e964caec98b157/cellxgene/a0af5076-746c-47b4-9468-091de6719732_C57BL6J-3.024.h5ad
Toycat/SToCorpus-88M,6f699f128416e8d55d6ab74976e964caec98b157,cellxgene/a0af5076-746c-47b4-9468-091de6719732_C57BL6J-3.025.h5ad,1091189763,2dae1a86d6d176e2f75385cb90512784733444ec096586a08597efc9ef6a1f15,https://huggingface.co/datasets/Toycat/SToCorpus-88M/resolve/6f699f128416e8d55d6ab74976e964caec98b157/cellxgene/a0af5076-746c-47b4-9468-091de6719732_C57BL6J-3.025.h5ad
Toycat/SToCorpus-88M,6f699f128416e8d55d6ab74976e964caec98b157,cellxgene/a1b76c71-5c33-41e4-bf9b-cda2ced365a3.h5ad,121525708,2f748290a9dfc8c1d7e8ab53b46594951a76fc4d8a92cc4eff1a0521779f7260,https://huggingface.co/datasets/Toycat/SToCorpus-88M/resolve/6f699f128416e8d55d6ab74976e964caec98b157/cellxgene/a1b76c71-5c33-41e4-bf9b-cda2ced365a3.h5ad
Toycat/SToCorpus-88M,6f699f128416e8d55d6ab74976e964caec98b157,cellxgene/a222266f-dd45-4e64-badd-bce7c21770e9.h5ad,27238270,5c03e7b0699b2505b6f043757f7c8cb97896a6be2fd09f6f94fc03ade0328144,https://huggingface.co/datasets/Toycat/SToCorpus-88M/resolve/6f699f128416e8d55d6ab74976e964caec98b157/cellxgene/a222266f-dd45-4e64-badd-bce7c21770e9.h5ad
Toycat/SToCorpus-88M,6f699f128416e8d55d6ab74976e964caec98b157,cellxgene/a2550b09-a7a5-4e1a-a057-a92113054a61.h5ad,108325348,d64184aac5a84a8c02e760cfed7eda8ef5eafb30594db9a165f5becf94980889,https://huggingface.co/datasets/Toycat/SToCorpus-88M/resolve/6f699f128416e8d55d6ab74976e964caec98b157/cellxgene/a2550b09-a7a5-4e1a-a057-a92113054a61.h5ad
Toycat/SToCorpus-88M,6f699f128416e8d55d6ab74976e964caec98b157,cellxgene/a3bca48e-9eea-4928-bdca-c749b86054b3.h5ad,24282679,560ad5177330781b278e05c1b61c96c235cabfa2b8c25c51e9a14693bbbbd83b,https://huggingface.co/datasets/Toycat/SToCorpus-88M/resolve/6f699f128416e8d55d6ab74976e964caec98b157/cellxgene/a3bca48e-9eea-4928-bdca-c749b86054b3.h5ad
Toycat/SToCorpus-88M,6f699f128416e8d55d6ab74976e964caec98b157,cellxgene/a47fea39-657a-438a-848f-36096d608b4d.h5ad,23661585,2ef5426a0600ca26f47832dea371f9c25f4fd40d0b1f61cace9fd9defd7a1f97,https://huggingface.co/datasets/Toycat/SToCorpus-88M/resolve/6f699f128416e8d55d6ab74976e964caec98b157/cellxgene/a47fea39-657a-438a-848f-36096d608b4d.h5ad
Toycat/SToCorpus-88M,6f699f128416e8d55d6ab74976e964caec98b157,cellxgene/a4af7057-660c-418f-ad5c-8b4abb60652c.h5ad,13133600,f9e97ab934eee6e205605cc539e11bc4df7589e03b62f9c547ff59f7284ff088,https://huggingface.co/datasets/Toycat/SToCorpus-88M/resolve/6f699f128416e8d55d6ab74976e964caec98b157/cellxgene/a4af7057-660c-418f-ad5c-8b4abb60652c.h5ad
Toycat/SToCorpus-88M,6f699f128416e8d55d6ab74976e964caec98b157,cellxgene/a4c24fdd-5f1c-4002-bc46-87cd1b8a7453.h5ad,27213815,d637b748d4271769cb94ef0494a6f5e203a72896a0499a19603caf587f79f3cd,https://huggingface.co/datasets/Toycat/SToCorpus-88M/resolve/6f699f128416e8d55d6ab74976e964caec98b157/cellxgene/a4c24fdd-5f1c-4002-bc46-87cd1b8a7453.h5ad
Toycat/SToCorpus-88M,6f699f128416e8d55d6ab74976e964caec98b157,cellxgene/a5b62da1-8bf7-4e3f-9ac1-033e7be768a4.h5ad,20802631,947080f1ad5be5cbc559e9c8aa0b791c907914eba1068cbc47dc240516abf1cd,https://huggingface.co/datasets/Toycat/SToCorpus-88M/resolve/6f699f128416e8d55d6ab74976e964caec98b157/cellxgene/a5b62da1-8bf7-4e3f-9ac1-033e7be768a4.h5ad
Toycat/SToCorpus-88M,6f699f128416e8d55d6ab74976e964caec98b157,cellxgene/a661802b-2912-493c-804c-ef7016dc0815.h5ad,15157504,3304c2c76d51521f7c82adc4ba69b20268b7821a73f1cf5cf52f23445b43a434,https://huggingface.co/datasets/Toycat/SToCorpus-88M/resolve/6f699f128416e8d55d6ab74976e964caec98b157/cellxgene/a661802b-2912-493c-804c-ef7016dc0815.h5ad
Toycat/SToCorpus-88M,6f699f128416e8d55d6ab74976e964caec98b157,cellxgene/a6cdaa83-ddc7-4864-9d0e-a047e4ec470d.h5ad,29203615,2d83203c365ab968939e4461cf9d4a980a244808123730fa0ca8eb4c05038c43,https://huggingface.co/datasets/Toycat/SToCorpus-88M/resolve/6f699f128416e8d55d6ab74976e964caec98b157/cellxgene/a6cdaa83-ddc7-4864-9d0e-a047e4ec470d.h5ad
Toycat/SToCorpus-88M,6f699f128416e8d55d6ab74976e964caec98b157,cellxgene/a80487eb-41f2-49a9-9db9-d390cc0f75ba.h5ad,27521798,27a14b5fff83d4a9d559255c7ac27564ce602234c6fd1d63f3cb405078c5ba2f,https://huggingface.co/datasets/Toycat/SToCorpus-88M/resolve/6f699f128416e8d55d6ab74976e964caec98b157/cellxgene/a80487eb-41f2-49a9-9db9-d390cc0f75ba.h5ad
Toycat/SToCorpus-88M,6f699f128416e8d55d6ab74976e964caec98b157,cellxgene/a8253289-45c9-4913-8f96-f5c15c501f91.h5ad,9389083,d8cb013fc245d49d7ee0de04b7b1350871d1c2e565586f0cdea04a3a76b904cb,https://huggingface.co/datasets/Toycat/SToCorpus-88M/resolve/6f699f128416e8d55d6ab74976e964caec98b157/cellxgene/a8253289-45c9-4913-8f96-f5c15c501f91.h5ad
Toycat/SToCorpus-88M,6f699f128416e8d55d6ab74976e964caec98b157,cellxgene/a8f98d00-8bae-48ff-a503-ff640bc05063_C57BL6J-4.001.h5ad,3452344775,8fece607cdc1d511a88ba09bd6d112d5c0ce288647fee69395749b05d88e620d,https://huggingface.co/datasets/Toycat/SToCorpus-88M/resolve/6f699f128416e8d55d6ab74976e964caec98b157/cellxgene/a8f98d00-8bae-48ff-a503-ff640bc05063_C57BL6J-4.001.h5ad
Toycat/SToCorpus-88M,6f699f128416e8d55d6ab74976e964caec98b157,cellxgene/a8f98d00-8bae-48ff-a503-ff640bc05063_C57BL6J-4.002.h5ad,4620202295,af864051cb143df693b54313d53d2f729a69d4f3b9110ea1a4028f048c0fdf85,https://huggingface.co/datasets/Toycat/SToCorpus-88M/resolve/6f699f128416e8d55d6ab74976e964caec98b157/cellxgene/a8f98d00-8bae-48ff-a503-ff640bc05063_C57BL6J-4.002.h5ad
Toycat/SToCorpus-88M,6f699f128416e8d55d6ab74976e964caec98b157,cellxgene/a8f98d00-8bae-48ff-a503-ff640bc05063_C57BL6J-4.003.h5ad,6920551763,ceabcd943339fcbf9eed698fc22dcb578be2027b61225d06e91cbefb79092bdb,https://huggingface.co/datasets/Toycat/SToCorpus-88M/resolve/6f699f128416e8d55d6ab74976e964caec98b157/cellxgene/a8f98d00-8bae-48ff-a503-ff640bc05063_C57BL6J-4.003.h5ad
Toycat/SToCorpus-88M,6f699f128416e8d55d6ab74976e964caec98b157,cellxgene/a951957c-b082-45a0-af23-599a67534a70.h5ad,33631650,681dd152ddce1a4adf4996f6635007b236f437ac7675fffaf07eee385081772b,https://huggingface.co/datasets/Toycat/SToCorpus-88M/resolve/6f699f128416e8d55d6ab74976e964caec98b157/cellxgene/a951957c-b082-45a0-af23-599a67534a70.h5ad
Toycat/SToCorpus-88M,6f699f128416e8d55d6ab74976e964caec98b157,cellxgene/a9e97a1c-22c8-4161-8764-5cf729287dbc.h5ad,22398335,80da8c68f8eb8c25aabd750039ae2053215dd1f893373adfe9e977ee3db96c1d,https://huggingface.co/datasets/Toycat/SToCorpus-88M/resolve/6f699f128416e8d55d6ab74976e964caec98b157/cellxgene/a9e97a1c-22c8-4161-8764-5cf729287dbc.h5ad
Toycat/SToCorpus-88M,6f699f128416e8d55d6ab74976e964caec98b157,cellxgene/ac899109-9a6a-48d2-b533-132e593dd90d.h5ad,20093215,3c6ed0f785b6da8bed5a6c045b86c03c96747eafe9c1974492a7c5b9deacf88e,https://huggingface.co/datasets/Toycat/SToCorpus-88M/resolve/6f699f128416e8d55d6ab74976e964caec98b157/cellxgene/ac899109-9a6a-48d2-b533-132e593dd90d.h5ad
Toycat/SToCorpus-88M,6f699f128416e8d55d6ab74976e964caec98b157,cellxgene/acc80ff4-5dee-46cc-bf22-84a9a83c9c38.h5ad,94456387,49424c7a33d889d07088fc381106b9396197d91f35a6b01faf029457d3f20130,https://huggingface.co/datasets/Toycat/SToCorpus-88M/resolve/6f699f128416e8d55d6ab74976e964caec98b157/cellxgene/acc80ff4-5dee-46cc-bf22-84a9a83c9c38.h5ad
Toycat/SToCorpus-88M,6f699f128416e8d55d6ab74976e964caec98b157,cellxgene/ae332e72-de9c-4c21-a5d4-8cf06f9fabfb.h5ad,23808114,e54a9e162232e2700a10b24320370b3514cbd4dc7c0859a5d3d48a557ce176e3,https://huggingface.co/datasets/Toycat/SToCorpus-88M/resolve/6f699f128416e8d55d6ab74976e964caec98b157/cellxgene/ae332e72-de9c-4c21-a5d4-8cf06f9fabfb.h5ad
Toycat/SToCorpus-88M,6f699f128416e8d55d6ab74976e964caec98b157,cellxgene/b21a33b4-d6b4-4b79-b27c-2906b96c9495.h5ad,25126147,e87a6cdbb078fd028563533a587393db870bba29178f3bf16743d0014b13fc58,https://huggingface.co/datasets/Toycat/SToCorpus-88M/resolve/6f699f128416e8d55d6ab74976e964caec98b157/cellxgene/b21a33b4-d6b4-4b79-b27c-2906b96c9495.h5ad
Toycat/SToCorpus-88M,6f699f128416e8d55d6ab74976e964caec98b157,cellxgene/b2f326e3-2a62-494e-a348-5888a96a8df8.h5ad,63360170,bd6281d2b0106d811c50fa3a0846d73c3d747e37ed9f3ef14488356a03915047,https://huggingface.co/datasets/Toycat/SToCorpus-88M/resolve/6f699f128416e8d55d6ab74976e964caec98b157/cellxgene/b2f326e3-2a62-494e-a348-5888a96a8df8.h5ad
Toycat/SToCorpus-88M,6f699f128416e8d55d6ab74976e964caec98b157,cellxgene/b5d1e0d8-f9f0-4081-b396-9ab335f798aa.h5ad,110529600,37f4d34ba9355d70c9444992acf33df2f082e794fc725444ce16c00335c7ac61,https://huggingface.co/datasets/Toycat/SToCorpus-88M/resolve/6f699f128416e8d55d6ab74976e964caec98b157/cellxgene/b5d1e0d8-f9f0-4081-b396-9ab335f798aa.h5ad
Toycat/SToCorpus-88M,6f699f128416e8d55d6ab74976e964caec98b157,cellxgene/b6694381-9de0-423e-a477-987e2576d1dc.h5ad,20074376,a379ed17990999b6a07adcdcf8c112d5653de85b7ca6362c8284a2ac15283670,https://huggingface.co/datasets/Toycat/SToCorpus-88M/resolve/6f699f128416e8d55d6ab74976e964caec98b157/cellxgene/b6694381-9de0-423e-a477-987e2576d1dc.h5ad
Toycat/SToCorpus-88M,6f699f128416e8d55d6ab74976e964caec98b157,cellxgene/bb4710ad-6af7-4403-843d-543d0bd3d98b.h5ad,90932663,54429080699f0bd0b5dce2eacc411b6754439e9374c75aa162dadb46fa30bf75,https://huggingface.co/datasets/Toycat/SToCorpus-88M/resolve/6f699f128416e8d55d6ab74976e964caec98b157/cellxgene/bb4710ad-6af7-4403-843d-543d0bd3d98b.h5ad
Toycat/SToCorpus-88M,6f699f128416e8d55d6ab74976e964caec98b157,cellxgene/bf4c1e49-aa65-41f9-a2d9-8da4fcdd8ccf.h5ad,14462627,b1d21c2e2e74308e1634d2caef2bd0e0c0d4a496e791b1e1490606e16e295308,https://huggingface.co/datasets/Toycat/SToCorpus-88M/resolve/6f699f128416e8d55d6ab74976e964caec98b157/cellxgene/bf4c1e49-aa65-41f9-a2d9-8da4fcdd8ccf.h5ad
Toycat/SToCorpus-88M,6f699f128416e8d55d6ab74976e964caec98b157,cellxgene/bf951023-2a94-46e5-b025-edd93a38f8e4.h5ad,18145874,c67bd0dba8b052b4f40820b893d63aebd6a164b5ddd9a27555a521881c9f1561,https://huggingface.co/datasets/Toycat/SToCorpus-88M/resolve/6f699f128416e8d55d6ab74976e964caec98b157/cellxgene/bf951023-2a94-46e5-b025-edd93a38f8e4.h5ad
Toycat/SToCorpus-88M,6f699f128416e8d55d6ab74976e964caec98b157,cellxgene/bfb8384c-ca37-40ed-b1ec-9a1a708cf244.h5ad,24604838,4dfc0c5b85f512010154a1c6b9e5a8f34f1732d8ed6ed39295bd2ac59d48c98a,https://huggingface.co/datasets/Toycat/SToCorpus-88M/resolve/6f699f128416e8d55d6ab74976e964caec98b157/cellxgene/bfb8384c-ca37-40ed-b1ec-9a1a708cf244.h5ad
Toycat/SToCorpus-88M,6f699f128416e8d55d6ab74976e964caec98b157,cellxgene/c1265614-aca3-48f3-a8dd-5c03df77be46.h5ad,19616349,021ce194c658610c48975419e5ea8bad507bad01ec6fa12b2341a111c6338619,https://huggingface.co/datasets/Toycat/SToCorpus-88M/resolve/6f699f128416e8d55d6ab74976e964caec98b157/cellxgene/c1265614-aca3-48f3-a8dd-5c03df77be46.h5ad
Toycat/SToCorpus-88M,6f699f128416e8d55d6ab74976e964caec98b157,cellxgene/c20d9d3a-e457-4208-b5e5-c31da0735ea3.h5ad,11813782,93b1bcd257efd77e1ab7373b1a06d7f2ed945b18da75425d6a3ac752f033e9cd,https://huggingface.co/datasets/Toycat/SToCorpus-88M/resolve/6f699f128416e8d55d6ab74976e964caec98b157/cellxgene/c20d9d3a-e457-4208-b5e5-c31da0735ea3.h5ad
Toycat/SToCorpus-88M,6f699f128416e8d55d6ab74976e964caec98b157,cellxgene/c2235388-636e-4528-95e5-fc3029059fe6.h5ad,42585940,5e7a0af4a2fd6307fe51a4411e729d130d69cae2b014e049f0d189b44a84df4f,https://huggingface.co/datasets/Toycat/SToCorpus-88M/resolve/6f699f128416e8d55d6ab74976e964caec98b157/cellxgene/c2235388-636e-4528-95e5-fc3029059fe6.h5ad
Toycat/SToCorpus-88M,6f699f128416e8d55d6ab74976e964caec98b157,cellxgene/c3dcf639-6ce4-4a35-a68c-065242983230.h5ad,14894485,ce8cb8a151cded5aa52151f47326c6d3d9e643b0266179f54a617bc3711ab7eb,https://huggingface.co/datasets/Toycat/SToCorpus-88M/resolve/6f699f128416e8d55d6ab74976e964caec98b157/cellxgene/c3dcf639-6ce4-4a35-a68c-065242983230.h5ad
Toycat/SToCorpus-88M,6f699f128416e8d55d6ab74976e964caec98b157,cellxgene/c60ec953-1da6-4caf-844d-44ffd9c3a9c7.h5ad,7808881,06df69faf29c7efb322bd1a9898cc49b6eae0ef09b2b04672dabd76d422b4486,https://huggingface.co/datasets/Toycat/SToCorpus-88M/resolve/6f699f128416e8d55d6ab74976e964caec98b157/cellxgene/c60ec953-1da6-4caf-844d-44ffd9c3a9c7.h5ad
Toycat/SToCorpus-88M,6f699f128416e8d55d6ab74976e964caec98b157,cellxgene/c6a3716b-2edf-4cd3-9af9-a30ba61d7991.h5ad,15074048,e6c2cbef36fe5c1bfdfb4b1ce6a6df94a04276da4949eb3b5e08d02193bfb0df,https://huggingface.co/datasets/Toycat/SToCorpus-88M/resolve/6f699f128416e8d55d6ab74976e964caec98b157/cellxgene/c6a3716b-2edf-4cd3-9af9-a30ba61d7991.h5ad
Toycat/SToCorpus-88M,6f699f128416e8d55d6ab74976e964caec98b157,cellxgene/c6b27753-dcf3-4718-8acc-3479dd55edc4.h5ad,7000745,9774653dfbf8a9fcb1b3bca90c2dc35902bf88c74ab06110a0a68471014231a8,https://huggingface.co/datasets/Toycat/SToCorpus-88M/resolve/6f699f128416e8d55d6ab74976e964caec98b157/cellxgene/c6b27753-dcf3-4718-8acc-3479dd55edc4.h5ad
Toycat/SToCorpus-88M,6f699f128416e8d55d6ab74976e964caec98b157,cellxgene/c6db20c3-441d-42cd-b0df-014e201e66cd.h5ad,93503111,a4a5011ab079e1d494fcdf8aab996343b546bbeef3ec4584070a867cfa25cd92,https://huggingface.co/datasets/Toycat/SToCorpus-88M/resolve/6f699f128416e8d55d6ab74976e964caec98b157/cellxgene/c6db20c3-441d-42cd-b0df-014e201e66cd.h5ad
Toycat/SToCorpus-88M,6f699f128416e8d55d6ab74976e964caec98b157,cellxgene/c72b59e3-2e0a-4182-b0ea-917ac87f1e2b.h5ad,39517450,e0a03fcfa266a9cc2b7c14ac2a72dd53ab8eb4ad9e8892d3095612e4bd323c64,https://huggingface.co/datasets/Toycat/SToCorpus-88M/resolve/6f699f128416e8d55d6ab74976e964caec98b157/cellxgene/c72b59e3-2e0a-4182-b0ea-917ac87f1e2b.h5ad
Toycat/SToCorpus-88M,6f699f128416e8d55d6ab74976e964caec98b157,cellxgene/c7e7af57-6a58-4d7d-a2c0-9111ba332759.h5ad,24598549,d2408aa0a9fc64a8abc8b4f5222ff0f62ded09d6610608639c6fa7c663b367ef,https://huggingface.co/datasets/Toycat/SToCorpus-88M/resolve/6f699f128416e8d55d6ab74976e964caec98b157/cellxgene/c7e7af57-6a58-4d7d-a2c0-9111ba332759.h5ad
Toycat/SToCorpus-88M,6f699f128416e8d55d6ab74976e964caec98b157,cellxgene/c7fb13a2-2c5f-4b63-bcbc-1f6555c313fd.h5ad,24029900,ed884216b8857000015f16b12dc17b8775431099bcc6da9b26c5158e0904e101,https://huggingface.co/datasets/Toycat/SToCorpus-88M/resolve/6f699f128416e8d55d6ab74976e964caec98b157/cellxgene/c7fb13a2-2c5f-4b63-bcbc-1f6555c313fd.h5ad
Toycat/SToCorpus-88M,6f699f128416e8d55d6ab74976e964caec98b157,cellxgene/c80fc1fc-eb5f-4645-b72a-607165577b3e.h5ad,20105407,123370998548dfb7dfc963ccd574d8759879e8483cf6a4bfe07fc8aee9cc3660,https://huggingface.co/datasets/Toycat/SToCorpus-88M/resolve/6f699f128416e8d55d6ab74976e964caec98b157/cellxgene/c80fc1fc-eb5f-4645-b72a-607165577b3e.h5ad
Toycat/SToCorpus-88M,6f699f128416e8d55d6ab74976e964caec98b157,cellxgene/c86bf62c-85f6-430b-af2f-84ef1e10b145.h5ad,34257151,26e627068ad1b9f3a272ff0a66fbccc884770cdd6c7c370d216a07acd2e8886e,https://huggingface.co/datasets/Toycat/SToCorpus-88M/resolve/6f699f128416e8d55d6ab74976e964caec98b157/cellxgene/c86bf62c-85f6-430b-af2f-84ef1e10b145.h5ad
Toycat/SToCorpus-88M,6f699f128416e8d55d6ab74976e964caec98b157,cellxgene/ca1e9151-d0c4-47e5-b048-a9d7a1ccfe60.h5ad,20676974,978ea203f0d9dcc33209a7006c1f42eab84ef088bee198d72246e56354c53900,https://huggingface.co/datasets/Toycat/SToCorpus-88M/resolve/6f699f128416e8d55d6ab74976e964caec98b157/cellxgene/ca1e9151-d0c4-47e5-b048-a9d7a1ccfe60.h5ad
Toycat/SToCorpus-88M,6f699f128416e8d55d6ab74976e964caec98b157,cellxgene/ca23c8c9-065e-401a-b2b7-767d777fe05a.h5ad,11835802,01f407fb0941b16a5ae15a282a584512adc073cb6f7f3053e2fbcc4ccc128cf9,https://huggingface.co/datasets/Toycat/SToCorpus-88M/resolve/6f699f128416e8d55d6ab74976e964caec98b157/cellxgene/ca23c8c9-065e-401a-b2b7-767d777fe05a.h5ad
Toycat/SToCorpus-88M,6f699f128416e8d55d6ab74976e964caec98b157,cellxgene/cad0f62a-77c8-4776-a514-34addded8b16.h5ad,28849830,7de02b69f66c3daa8bb54548409fd768495e44e4a97f104aa6a5a10f8307e9f2,https://huggingface.co/datasets/Toycat/SToCorpus-88M/resolve/6f699f128416e8d55d6ab74976e964caec98b157/cellxgene/cad0f62a-77c8-4776-a514-34addded8b16.h5ad
Toycat/SToCorpus-88M,6f699f128416e8d55d6ab74976e964caec98b157,cellxgene/ccbb4f6f-1e75-4679-9e73-dc510ed85128.h5ad,50846843,887183b636daf5ae9278d09f6abf6b5d4d9447d8dc0d95f18fa3ecbf2521e5c2,https://huggingface.co/datasets/Toycat/SToCorpus-88M/resolve/6f699f128416e8d55d6ab74976e964caec98b157/cellxgene/ccbb4f6f-1e75-4679-9e73-dc510ed85128.h5ad
Toycat/SToCorpus-88M,6f699f128416e8d55d6ab74976e964caec98b157,cellxgene/ccda3565-a9c5-4efb-9a7c-c96c853f248c.h5ad,21627641,59bf9dd74c0916ccddd0110c387d583ade0eca2f996ea9e2987b432e91a4c88d,https://huggingface.co/datasets/Toycat/SToCorpus-88M/resolve/6f699f128416e8d55d6ab74976e964caec98b157/cellxgene/ccda3565-a9c5-4efb-9a7c-c96c853f248c.h5ad
Toycat/SToCorpus-88M,6f699f128416e8d55d6ab74976e964caec98b157,cellxgene/cd0a2567-210e-44da-953f-5d1100b44b2e.h5ad,11931154,241ffc0b7b272893c1be472ee5c3d1ff2fe4fe863a161dac1791a06c0603672f,https://huggingface.co/datasets/Toycat/SToCorpus-88M/resolve/6f699f128416e8d55d6ab74976e964caec98b157/cellxgene/cd0a2567-210e-44da-953f-5d1100b44b2e.h5ad
Toycat/SToCorpus-88M,6f699f128416e8d55d6ab74976e964caec98b157,cellxgene/cdc35207-4332-4eb0-b1b4-f02619ffce13.h5ad,23841825,d34248fed23785a89b23ac3d2b6e273d1691366f7405290b1d10c23c8c0234c3,https://huggingface.co/datasets/Toycat/SToCorpus-88M/resolve/6f699f128416e8d55d6ab74976e964caec98b157/cellxgene/cdc35207-4332-4eb0-b1b4-f02619ffce13.h5ad
Toycat/SToCorpus-88M,6f699f128416e8d55d6ab74976e964caec98b157,cellxgene/ce6a5773-c83a-4ade-be28-bb6aa083080a.h5ad,21615794,f2b318da59196314b5cdfeb929e1f57a39d6552f56947beb70198120cd11cecd,https://huggingface.co/datasets/Toycat/SToCorpus-88M/resolve/6f699f128416e8d55d6ab74976e964caec98b157/cellxgene/ce6a5773-c83a-4ade-be28-bb6aa083080a.h5ad
Toycat/SToCorpus-88M,6f699f128416e8d55d6ab74976e964caec98b157,cellxgene/cf88f30f-a18c-4797-836d-6ab01072d96d.h5ad,16041002,d168b424785ccdff6fe4cd426b71e2a928cb5040c9f61f80f773f09b8aab36af,https://huggingface.co/datasets/Toycat/SToCorpus-88M/resolve/6f699f128416e8d55d6ab74976e964caec98b157/cellxgene/cf88f30f-a18c-4797-836d-6ab01072d96d.h5ad
Toycat/SToCorpus-88M,6f699f128416e8d55d6ab74976e964caec98b157,cellxgene/d0c15e86-0577-4602-b7ab-d6aae2f5318f.h5ad,16526743,d71126a39d43c322e259fd049e1149faf9659933d6bdd6482f2bedda518647bf,https://huggingface.co/datasets/Toycat/SToCorpus-88M/resolve/6f699f128416e8d55d6ab74976e964caec98b157/cellxgene/d0c15e86-0577-4602-b7ab-d6aae2f5318f.h5ad
Toycat/SToCorpus-88M,6f699f128416e8d55d6ab74976e964caec98b157,cellxgene/d1ac1190-5c86-43da-99cc-b177b2d26429.h5ad,11506108,ab9043fb0249c5cf458408fea6fed393012f1a8eec0f4827b399cfe897b3f3b5,https://huggingface.co/datasets/Toycat/SToCorpus-88M/resolve/6f699f128416e8d55d6ab74976e964caec98b157/cellxgene/d1ac1190-5c86-43da-99cc-b177b2d26429.h5ad
Toycat/SToCorpus-88M,6f699f128416e8d55d6ab74976e964caec98b157,cellxgene/d1faecb7-4739-47f2-a771-3cd6943facda.h5ad,11696766,303305791b579104b4bd63c696ed20d3f49bfd799861ac60c2d1a679839c3b04,https://huggingface.co/datasets/Toycat/SToCorpus-88M/resolve/6f699f128416e8d55d6ab74976e964caec98b157/cellxgene/d1faecb7-4739-47f2-a771-3cd6943facda.h5ad
Toycat/SToCorpus-88M,6f699f128416e8d55d6ab74976e964caec98b157,cellxgene/d3120b78-bd62-470c-817c-afa5b72ddb26.h5ad,11472180,3e274b9e478624a679b5f96a0a5ae76a203448b69e83e8688f4b84f95edeadb3,https://huggingface.co/datasets/Toycat/SToCorpus-88M/resolve/6f699f128416e8d55d6ab74976e964caec98b157/cellxgene/d3120b78-bd62-470c-817c-afa5b72ddb26.h5ad
Toycat/SToCorpus-88M,6f699f128416e8d55d6ab74976e964caec98b157,cellxgene/d37b32fc-5e2d-4102-b73f-83bf2729d9ad.h5ad,38149793,5cab43fa2341f5d4f32b3f497fd471fffa22fc51e31adba138cecd283e48ec47,https://huggingface.co/datasets/Toycat/SToCorpus-88M/resolve/6f699f128416e8d55d6ab74976e964caec98b157/cellxgene/d37b32fc-5e2d-4102-b73f-83bf2729d9ad.h5ad
Toycat/SToCorpus-88M,6f699f128416e8d55d6ab74976e964caec98b157,cellxgene/d40e9b44-ba69-46a5-ab27-14efe4d8f27b.h5ad,22144464,a10a8522cef3621caf5b0f97aeb8945af2f40c560e7fdc9000e71e925d3ebd16,https://huggingface.co/datasets/Toycat/SToCorpus-88M/resolve/6f699f128416e8d55d6ab74976e964caec98b157/cellxgene/d40e9b44-ba69-46a5-ab27-14efe4d8f27b.h5ad
Toycat/SToCorpus-88M,6f699f128416e8d55d6ab74976e964caec98b157,cellxgene/d924549e-ed10-459b-bf81-83c212467a6c.h5ad,47466704,a5d2c6c7fc252c75a4b0f9890334f55d7fbc55b06b5c06409e68fb76f07395ab,https://huggingface.co/datasets/Toycat/SToCorpus-88M/resolve/6f699f128416e8d55d6ab74976e964caec98b157/cellxgene/d924549e-ed10-459b-bf81-83c212467a6c.h5ad
Toycat/SToCorpus-88M,6f699f128416e8d55d6ab74976e964caec98b157,cellxgene/dbf7a5cc-0331-4ab2-9fc1-8a0689498945.h5ad,14300288,c919c0f4ae8e8cb19bb4fde6086724a6352ae96b69add39ecddd8b5fc5bb71ed,https://huggingface.co/datasets/Toycat/SToCorpus-88M/resolve/6f699f128416e8d55d6ab74976e964caec98b157/cellxgene/dbf7a5cc-0331-4ab2-9fc1-8a0689498945.h5ad
Toycat/SToCorpus-88M,6f699f128416e8d55d6ab74976e964caec98b157,cellxgene/dd93f5db-b982-479b-831c-8be5a2314ee8.h5ad,17565474,9ffd32eb70bdaedf3f563323b9dbc0f6afafa0ad7e91cd84733bf8dff97f2fbb,https://huggingface.co/datasets/Toycat/SToCorpus-88M/resolve/6f699f128416e8d55d6ab74976e964caec98b157/cellxgene/dd93f5db-b982-479b-831c-8be5a2314ee8.h5ad
Toycat/SToCorpus-88M,6f699f128416e8d55d6ab74976e964caec98b157,cellxgene/debb4314-5a30-4519-a47a-d6745098fc30.h5ad,24023131,387c178434693dd730a177d121c548b25890f1e901229b473e3f436da67b2b3c,https://huggingface.co/datasets/Toycat/SToCorpus-88M/resolve/6f699f128416e8d55d6ab74976e964caec98b157/cellxgene/debb4314-5a30-4519-a47a-d6745098fc30.h5ad
Toycat/SToCorpus-88M,6f699f128416e8d55d6ab74976e964caec98b157,cellxgene/df1dab71-1863-4abb-abfb-cb9191350181.h5ad,29328618,1e9cdbf111c6953f3e8b610bb1f2204868148dfdfaa3644a78d2a698cde48788,https://huggingface.co/datasets/Toycat/SToCorpus-88M/resolve/6f699f128416e8d55d6ab74976e964caec98b157/cellxgene/df1dab71-1863-4abb-abfb-cb9191350181.h5ad
Toycat/SToCorpus-88M,6f699f128416e8d55d6ab74976e964caec98b157,cellxgene/dfbbe476-7eff-4bd5-ab90-b9d8985fc08b.h5ad,12822747,e74d4bc1cbe7599d1ee7fe8ae5510589496c31c0954924b692cb2c6ad6789f02,https://huggingface.co/datasets/Toycat/SToCorpus-88M/resolve/6f699f128416e8d55d6ab74976e964caec98b157/cellxgene/dfbbe476-7eff-4bd5-ab90-b9d8985fc08b.h5ad
Toycat/SToCorpus-88M,6f699f128416e8d55d6ab74976e964caec98b157,cellxgene/e021b9f3-da53-45c2-9a25-81a1ef108e93.h5ad,18871258,0cc759ef0b752dab23982d898ce2a8a9ee3f8efed5ae4a2bb10269bb2e522373,https://huggingface.co/datasets/Toycat/SToCorpus-88M/resolve/6f699f128416e8d55d6ab74976e964caec98b157/cellxgene/e021b9f3-da53-45c2-9a25-81a1ef108e93.h5ad
Toycat/SToCorpus-88M,6f699f128416e8d55d6ab74976e964caec98b157,cellxgene/e02239b2-111c-4103-a2fd-b8416bb168df_C57BL6J-3.001.h5ad,625267571,38ecadd2e2d255b8be068faf84fba88000abcd298ea6a0ddb0b973a3f7874825,https://huggingface.co/datasets/Toycat/SToCorpus-88M/resolve/6f699f128416e8d55d6ab74976e964caec98b157/cellxgene/e02239b2-111c-4103-a2fd-b8416bb168df_C57BL6J-3.001.h5ad
Toycat/SToCorpus-88M,6f699f128416e8d55d6ab74976e964caec98b157,cellxgene/e02239b2-111c-4103-a2fd-b8416bb168df_C57BL6J-3.002.h5ad,732977563,3342b0d5d3188adb9cb0d16dee4039f4aa3a365100df6b30118d640221b3bb19,https://huggingface.co/datasets/Toycat/SToCorpus-88M/resolve/6f699f128416e8d55d6ab74976e964caec98b157/cellxgene/e02239b2-111c-4103-a2fd-b8416bb168df_C57BL6J-3.002.h5ad
Toycat/SToCorpus-88M,6f699f128416e8d55d6ab74976e964caec98b157,cellxgene/e02239b2-111c-4103-a2fd-b8416bb168df_C57BL6J-3.003.h5ad,802695864,fd685390ff9a7a7e9ebc644024bde78983129a631b60c4500a0b32a8ebde7529,https://huggingface.co/datasets/Toycat/SToCorpus-88M/resolve/6f699f128416e8d55d6ab74976e964caec98b157/cellxgene/e02239b2-111c-4103-a2fd-b8416bb168df_C57BL6J-3.003.h5ad
Toycat/SToCorpus-88M,6f699f128416e8d55d6ab74976e964caec98b157,cellxgene/e02239b2-111c-4103-a2fd-b8416bb168df_C57BL6J-3.004.h5ad,902530770,22a3e353f891c3ad7ba5c3a6bdb07c18f36f52ac759b23d37c2e9d70a45ed24c,https://huggingface.co/datasets/Toycat/SToCorpus-88M/resolve/6f699f128416e8d55d6ab74976e964caec98b157/cellxgene/e02239b2-111c-4103-a2fd-b8416bb168df_C57BL6J-3.004.h5ad
Toycat/SToCorpus-88M,6f699f128416e8d55d6ab74976e964caec98b157,cellxgene/e02239b2-111c-4103-a2fd-b8416bb168df_C57BL6J-3.005.h5ad,886970804,f6bec3771f33bcd16c54e13dca3af087087a2a1c14f6f540b20f34ee589f3d65,https://huggingface.co/datasets/Toycat/SToCorpus-88M/resolve/6f699f128416e8d55d6ab74976e964caec98b157/cellxgene/e02239b2-111c-4103-a2fd-b8416bb168df_C57BL6J-3.005.h5ad
Toycat/SToCorpus-88M,6f699f128416e8d55d6ab74976e964caec98b157,cellxgene/e02239b2-111c-4103-a2fd-b8416bb168df_C57BL6J-3.006.h5ad,716909795,790bc72912e3c2826bf9f435cc2d4a9e5fabea4a8debb1ac92122530525e53d7,https://huggingface.co/datasets/Toycat/SToCorpus-88M/resolve/6f699f128416e8d55d6ab74976e964caec98b157/cellxgene/e02239b2-111c-4103-a2fd-b8416bb168df_C57BL6J-3.006.h5ad
Toycat/SToCorpus-88M,6f699f128416e8d55d6ab74976e964caec98b157,cellxgene/e02239b2-111c-4103-a2fd-b8416bb168df_C57BL6J-3.007.h5ad,770154425,fbdf7abd5dd60faf7fd3e9a3ea0ae43c4bfe7c0d4ec17e46786a22c7162b2949,https://huggingface.co/datasets/Toycat/SToCorpus-88M/resolve/6f699f128416e8d55d6ab74976e964caec98b157/cellxgene/e02239b2-111c-4103-a2fd-b8416bb168df_C57BL6J-3.007.h5ad
Toycat/SToCorpus-88M,6f699f128416e8d55d6ab74976e964caec98b157,cellxgene/e02239b2-111c-4103-a2fd-b8416bb168df_C57BL6J-3.008.h5ad,707010033,0bf3e1242dd44d6250051b72ace02ef4e2c87e3a57375d46a8cf0a5cc6b0a311,https://huggingface.co/datasets/Toycat/SToCorpus-88M/resolve/6f699f128416e8d55d6ab74976e964caec98b157/cellxgene/e02239b2-111c-4103-a2fd-b8416bb168df_C57BL6J-3.008.h5ad
Toycat/SToCorpus-88M,6f699f128416e8d55d6ab74976e964caec98b157,cellxgene/e02239b2-111c-4103-a2fd-b8416bb168df_C57BL6J-3.009.h5ad,621988304,dea81e45fd563ebc7dea860d981f0b7543f3c3b7dffc11e754e1b2e0cca90ef0,https://huggingface.co/datasets/Toycat/SToCorpus-88M/resolve/6f699f128416e8d55d6ab74976e964caec98b157/cellxgene/e02239b2-111c-4103-a2fd-b8416bb168df_C57BL6J-3.009.h5ad
Toycat/SToCorpus-88M,6f699f128416e8d55d6ab74976e964caec98b157,cellxgene/e02239b2-111c-4103-a2fd-b8416bb168df_C57BL6J-3.010.h5ad,606951555,d28143c56d30254185a2a0ba6eedbdb990037fbaa8e880de842043d01336fa3f,https://huggingface.co/datasets/Toycat/SToCorpus-88M/resolve/6f699f128416e8d55d6ab74976e964caec98b157/cellxgene/e02239b2-111c-4103-a2fd-b8416bb168df_C57BL6J-3.010.h5ad
Toycat/SToCorpus-88M,6f699f128416e8d55d6ab74976e964caec98b157,cellxgene/e02239b2-111c-4103-a2fd-b8416bb168df_C57BL6J-3.011.h5ad,574667202,32306b2c695fcd49a7eccb456233652db7aec03455b05c07119696aa8457928d,https://huggingface.co/datasets/Toycat/SToCorpus-88M/resolve/6f699f128416e8d55d6ab74976e964caec98b157/cellxgene/e02239b2-111c-4103-a2fd-b8416bb168df_C57BL6J-3.011.h5ad
Toycat/SToCorpus-88M,6f699f128416e8d55d6ab74976e964caec98b157,cellxgene/e02239b2-111c-4103-a2fd-b8416bb168df_C57BL6J-3.012.h5ad,529486372,2a70d632ae9de7bd2c9fed376442786b4d1c5dae07f4a9d69b10e5e7a4369f0f,https://huggingface.co/datasets/Toycat/SToCorpus-88M/resolve/6f699f128416e8d55d6ab74976e964caec98b157/cellxgene/e02239b2-111c-4103-a2fd-b8416bb168df_C57BL6J-3.012.h5ad
Toycat/SToCorpus-88M,6f699f128416e8d55d6ab74976e964caec98b157,cellxgene/e02239b2-111c-4103-a2fd-b8416bb168df_C57BL6J-3.013.h5ad,521461778,bd4f680d61da9f30f0ad75c8fea1e6fd1b3581afbfcd8c7d3b13e2a276fa232f,https://huggingface.co/datasets/Toycat/SToCorpus-88M/resolve/6f699f128416e8d55d6ab74976e964caec98b157/cellxgene/e02239b2-111c-4103-a2fd-b8416bb168df_C57BL6J-3.013.h5ad
Toycat/SToCorpus-88M,6f699f128416e8d55d6ab74976e964caec98b157,cellxgene/e02239b2-111c-4103-a2fd-b8416bb168df_C57BL6J-3.015.h5ad,529580692,73778f5af1a406507a8bd73fca79e258d5976d9277d0a67d15655c7c27f6077a,https://huggingface.co/datasets/Toycat/SToCorpus-88M/resolve/6f699f128416e8d55d6ab74976e964caec98b157/cellxgene/e02239b2-111c-4103-a2fd-b8416bb168df_C57BL6J-3.015.h5ad
Toycat/SToCorpus-88M,6f699f128416e8d55d6ab74976e964caec98b157,cellxgene/e02239b2-111c-4103-a2fd-b8416bb168df_C57BL6J-3.016.h5ad,400755328,31e5c1a01bfd27ce1c65656083694e768f528a91789dd49ae3a0855dea286730,https://huggingface.co/datasets/Toycat/SToCorpus-88M/resolve/6f699f128416e8d55d6ab74976e964caec98b157/cellxgene/e02239b2-111c-4103-a2fd-b8416bb168df_C57BL6J-3.016.h5ad
Toycat/SToCorpus-88M,6f699f128416e8d55d6ab74976e964caec98b157,cellxgene/e02239b2-111c-4103-a2fd-b8416bb168df_C57BL6J-3.017.h5ad,373913400,2586f9001cde76e15f8691b92b91a7067a1703035a14bc163348acd170060763,https://huggingface.co/datasets/Toycat/SToCorpus-88M/resolve/6f699f128416e8d55d6ab74976e964caec98b157/cellxgene/e02239b2-111c-4103-a2fd-b8416bb168df_C57BL6J-3.017.h5ad
Toycat/SToCorpus-88M,6f699f128416e8d55d6ab74976e964caec98b157,cellxgene/e02239b2-111c-4103-a2fd-b8416bb168df_C57BL6J-3.019.h5ad,337064684,19e0fd24a273f6ed7fb4849094d793072d487f0bcd005f6921488641e057c2a2,https://huggingface.co/datasets/Toycat/SToCorpus-88M/resolve/6f699f128416e8d55d6ab74976e964caec98b157/cellxgene/e02239b2-111c-4103-a2fd-b8416bb168df_C57BL6J-3.019.h5ad
Toycat/SToCorpus-88M,6f699f128416e8d55d6ab74976e964caec98b157,cellxgene/e02239b2-111c-4103-a2fd-b8416bb168df_C57BL6J-3.020.h5ad,308257032,c1134b89047751517b34d0f34d3c24219a2c76a95316e996871d396221863b25,https://huggingface.co/datasets/Toycat/SToCorpus-88M/resolve/6f699f128416e8d55d6ab74976e964caec98b157/cellxgene/e02239b2-111c-4103-a2fd-b8416bb168df_C57BL6J-3.020.h5ad
Toycat/SToCorpus-88M,6f699f128416e8d55d6ab74976e964caec98b157,cellxgene/e02239b2-111c-4103-a2fd-b8416bb168df_C57BL6J-3.021.h5ad,271830417,c79a4190a7ca7ffed6d6054f563cdebf0c78464cc21482532665a7daebdb186c,https://huggingface.co/datasets/Toycat/SToCorpus-88M/resolve/6f699f128416e8d55d6ab74976e964caec98b157/cellxgene/e02239b2-111c-4103-a2fd-b8416bb168df_C57BL6J-3.021.h5ad
Toycat/SToCorpus-88M,6f699f128416e8d55d6ab74976e964caec98b157,cellxgene/e02239b2-111c-4103-a2fd-b8416bb168df_C57BL6J-3.022.h5ad,193927770,f4adc08fc6182a8a06454dff61f0ef336a247f5c10764a051ce033e739222ea7,https://huggingface.co/datasets/Toycat/SToCorpus-88M/resolve/6f699f128416e8d55d6ab74976e964caec98b157/cellxgene/e02239b2-111c-4103-a2fd-b8416bb168df_C57BL6J-3.022.h5ad
Toycat/SToCorpus-88M,6f699f128416e8d55d6ab74976e964caec98b157,cellxgene/e02239b2-111c-4103-a2fd-b8416bb168df_C57BL6J-3.023.h5ad,145745660,c87551f2ea0eee22e264bb7852863642a3f1eb226cef24461453962c195d8510,https://huggingface.co/datasets/Toycat/SToCorpus-88M/resolve/6f699f128416e8d55d6ab74976e964caec98b157/cellxgene/e02239b2-111c-4103-a2fd-b8416bb168df_C57BL6J-3.023.h5ad
Toycat/SToCorpus-88M,6f699f128416e8d55d6ab74976e964caec98b157,cellxgene/e02239b2-111c-4103-a2fd-b8416bb168df_C57BL6J-3.024.h5ad,123184410,c9c6c3b13b06175822221cebb34e70c502137a0a793ee3d1c09b71519910dd5f,https://huggingface.co/datasets/Toycat/SToCorpus-88M/resolve/6f699f128416e8d55d6ab74976e964caec98b157/cellxgene/e02239b2-111c-4103-a2fd-b8416bb168df_C57BL6J-3.024.h5ad
Toycat/SToCorpus-88M,6f699f128416e8d55d6ab74976e964caec98b157,cellxgene/e02239b2-111c-4103-a2fd-b8416bb168df_C57BL6J-3.025.h5ad,84577328,4089a93ac713d7ffa46eebc6bbdf8684270ed7807497197bc04a5b6692ab680f,https://huggingface.co/datasets/Toycat/SToCorpus-88M/resolve/6f699f128416e8d55d6ab74976e964caec98b157/cellxgene/e02239b2-111c-4103-a2fd-b8416bb168df_C57BL6J-3.025.h5ad
Toycat/SToCorpus-88M,6f699f128416e8d55d6ab74976e964caec98b157,cellxgene/e0c5d143-6b26-48d4-bd1a-38841f663029.h5ad,66670277,ad770fe790ec619995f9c55dbd8e9d9bbf144df10e78e61d337c8f74016d3da0,https://huggingface.co/datasets/Toycat/SToCorpus-88M/resolve/6f699f128416e8d55d6ab74976e964caec98b157/cellxgene/e0c5d143-6b26-48d4-bd1a-38841f663029.h5ad
Toycat/SToCorpus-88M,6f699f128416e8d55d6ab74976e964caec98b157,cellxgene/e15de2f0-c1db-4c36-ae4d-98ef9413d724.h5ad,29002557,daf4b409979830088d3b6d4a9dd8a8e9c1994598a2c69ddc6ed7f0a0b2fc7cb9,https://huggingface.co/datasets/Toycat/SToCorpus-88M/resolve/6f699f128416e8d55d6ab74976e964caec98b157/cellxgene/e15de2f0-c1db-4c36-ae4d-98ef9413d724.h5ad
Toycat/SToCorpus-88M,6f699f128416e8d55d6ab74976e964caec98b157,cellxgene/e17f5be4-3f51-4db2-8762-2d99da19e0f7.h5ad,25773410,7241e711c67e960f122cc9d331395ff426a30c13662d73175de2a1d923ee4924,https://huggingface.co/datasets/Toycat/SToCorpus-88M/resolve/6f699f128416e8d55d6ab74976e964caec98b157/cellxgene/e17f5be4-3f51-4db2-8762-2d99da19e0f7.h5ad
Toycat/SToCorpus-88M,6f699f128416e8d55d6ab74976e964caec98b157,cellxgene/e29a93c3-aa35-4f20-b43b-ec4fc848da04.h5ad,165585371,ce109142d582cb2daba12cc0ab10ac04fcc235efe29204bab15e9ffbc7c03128,https://huggingface.co/datasets/Toycat/SToCorpus-88M/resolve/6f699f128416e8d55d6ab74976e964caec98b157/cellxgene/e29a93c3-aa35-4f20-b43b-ec4fc848da04.h5ad
Toycat/SToCorpus-88M,6f699f128416e8d55d6ab74976e964caec98b157,cellxgene/e34e1a49-8441-4383-b174-0effa701f68a.h5ad,14797233,89c48037b39ffa32c2d67a106c8fa6e56c1169ccea888107f0d7139decc5e3b0,https://huggingface.co/datasets/Toycat/SToCorpus-88M/resolve/6f699f128416e8d55d6ab74976e964caec98b157/cellxgene/e34e1a49-8441-4383-b174-0effa701f68a.h5ad
Toycat/SToCorpus-88M,6f699f128416e8d55d6ab74976e964caec98b157,cellxgene/e3844102-0d00-4a26-9ef1-89e5805c61fe.h5ad,117927732,9762650c0c02099c8fa76fb553282877f4179a172620bb7a19063e9b298da953,https://huggingface.co/datasets/Toycat/SToCorpus-88M/resolve/6f699f128416e8d55d6ab74976e964caec98b157/cellxgene/e3844102-0d00-4a26-9ef1-89e5805c61fe.h5ad
Toycat/SToCorpus-88M,6f699f128416e8d55d6ab74976e964caec98b157,cellxgene/e50a6722-8d52-4d80-a02b-a55e3e03616b.h5ad,21001353,21425c5a9663cfde1d108b97c4c75462d048ab24fbee4304c88161d27cc80519,https://huggingface.co/datasets/Toycat/SToCorpus-88M/resolve/6f699f128416e8d55d6ab74976e964caec98b157/cellxgene/e50a6722-8d52-4d80-a02b-a55e3e03616b.h5ad
Toycat/SToCorpus-88M,6f699f128416e8d55d6ab74976e964caec98b157,cellxgene/e59562c1-c975-43fe-810f-a7db8db20522.h5ad,19281474,6258a52e1fb9a59abc90a4813c96855932d90a7f2c020219540707b88c5db410,https://huggingface.co/datasets/Toycat/SToCorpus-88M/resolve/6f699f128416e8d55d6ab74976e964caec98b157/cellxgene/e59562c1-c975-43fe-810f-a7db8db20522.h5ad
Toycat/SToCorpus-88M,6f699f128416e8d55d6ab74976e964caec98b157,cellxgene/e6a9f2d6-7a68-4ed7-8869-3337e15118a6.h5ad,19458810,82336839fc733ee5b03593578138ba0405f8611b18087cf9c2fee0045c099c5d,https://huggingface.co/datasets/Toycat/SToCorpus-88M/resolve/6f699f128416e8d55d6ab74976e964caec98b157/cellxgene/e6a9f2d6-7a68-4ed7-8869-3337e15118a6.h5ad
Toycat/SToCorpus-88M,6f699f128416e8d55d6ab74976e964caec98b157,cellxgene/e94057da-5d81-4371-8788-ef425334b065.h5ad,15219427,40556cf1ac2aa57147e307dc9bcf7817ba42574b6b8c1c713e01a55012457873,https://huggingface.co/datasets/Toycat/SToCorpus-88M/resolve/6f699f128416e8d55d6ab74976e964caec98b157/cellxgene/e94057da-5d81-4371-8788-ef425334b065.h5ad
Toycat/SToCorpus-88M,6f699f128416e8d55d6ab74976e964caec98b157,cellxgene/ed53ebd5-e54d-49c5-a6c0-826d2e0b5d1b.h5ad,17927053,e5b62b4605a502d349667fc4c6afe9a7378ebca1cdcabc303ca23d474e5429bd,https://huggingface.co/datasets/Toycat/SToCorpus-88M/resolve/6f699f128416e8d55d6ab74976e964caec98b157/cellxgene/ed53ebd5-e54d-49c5-a6c0-826d2e0b5d1b.h5ad
Toycat/SToCorpus-88M,6f699f128416e8d55d6ab74976e964caec98b157,cellxgene/eee33fc6-e1cf-4415-8d20-102acb09d2fa.h5ad,22463960,3ba8cc6b3531d17f75849abfb5bd97337288ac88a3edf6146df2bf1f756e5c45,https://huggingface.co/datasets/Toycat/SToCorpus-88M/resolve/6f699f128416e8d55d6ab74976e964caec98b157/cellxgene/eee33fc6-e1cf-4415-8d20-102acb09d2fa.h5ad
Toycat/SToCorpus-88M,6f699f128416e8d55d6ab74976e964caec98b157,cellxgene/ef9e32b7-8692-4079-bc59-1bd5768333da.h5ad,46940172,a7617b3e007f7daf7af18a7b70de2aa05b0499ab2bdc7f212895335e88a01753,https://huggingface.co/datasets/Toycat/SToCorpus-88M/resolve/6f699f128416e8d55d6ab74976e964caec98b157/cellxgene/ef9e32b7-8692-4079-bc59-1bd5768333da.h5ad
Toycat/SToCorpus-88M,6f699f128416e8d55d6ab74976e964caec98b157,cellxgene/f0274aa7-72e1-4aba-a4bd-84b7d6df1c28.h5ad,46855839,a4c9db3c9471b6021b33acb6a90cbce06cd3c19ec96dd594d0b27b9a65dc5345,https://huggingface.co/datasets/Toycat/SToCorpus-88M/resolve/6f699f128416e8d55d6ab74976e964caec98b157/cellxgene/f0274aa7-72e1-4aba-a4bd-84b7d6df1c28.h5ad
Toycat/SToCorpus-88M,6f699f128416e8d55d6ab74976e964caec98b157,cellxgene/f04164d2-4db7-49bd-9f82-11a74b18f0a9.h5ad,21641035,ed56693c767772f9af9209df9928e7868a61ec599891ed486426b89f89c80261,https://huggingface.co/datasets/Toycat/SToCorpus-88M/resolve/6f699f128416e8d55d6ab74976e964caec98b157/cellxgene/f04164d2-4db7-49bd-9f82-11a74b18f0a9.h5ad
Toycat/SToCorpus-88M,6f699f128416e8d55d6ab74976e964caec98b157,cellxgene/f0b43d51-da65-4cd1-b71a-19f6094dd169.h5ad,30026088,977003db242315224a183fbafe849fd528e28ccff62605780beaac96552a4fa2,https://huggingface.co/datasets/Toycat/SToCorpus-88M/resolve/6f699f128416e8d55d6ab74976e964caec98b157/cellxgene/f0b43d51-da65-4cd1-b71a-19f6094dd169.h5ad
Toycat/SToCorpus-88M,6f699f128416e8d55d6ab74976e964caec98b157,cellxgene/f1761d37-271a-4326-93da-a5cedb70beaf.h5ad,30992106,12fac6b9b974cc1eac2a4ed52b0eb8805cf2014b7db2272a3dd3102a12b35e51,https://huggingface.co/datasets/Toycat/SToCorpus-88M/resolve/6f699f128416e8d55d6ab74976e964caec98b157/cellxgene/f1761d37-271a-4326-93da-a5cedb70beaf.h5ad
Toycat/SToCorpus-88M,6f699f128416e8d55d6ab74976e964caec98b157,cellxgene/f3289488-ebbe-4283-99a6-d3f69432154a.h5ad,62761446,b057a1bb247fe09364a3208f71edd41efb46be86707c84d72155a63745270174,https://huggingface.co/datasets/Toycat/SToCorpus-88M/resolve/6f699f128416e8d55d6ab74976e964caec98b157/cellxgene/f3289488-ebbe-4283-99a6-d3f69432154a.h5ad
Toycat/SToCorpus-88M,6f699f128416e8d55d6ab74976e964caec98b157,cellxgene/f3cd027f-dfbd-4a2b-aaa6-f8463af3e9d4.h5ad,57052218,c766aba04cbbc2a52ed325996f05c9db08b8720e991dd041629e5e1e808c9c82,https://huggingface.co/datasets/Toycat/SToCorpus-88M/resolve/6f699f128416e8d55d6ab74976e964caec98b157/cellxgene/f3cd027f-dfbd-4a2b-aaa6-f8463af3e9d4.h5ad
Toycat/SToCorpus-88M,6f699f128416e8d55d6ab74976e964caec98b157,cellxgene/f5eaf0c4-658f-424f-a916-7b1d15da4a24.h5ad,29524292,438cb452c83dff25587c28a67b1c49a9e8a101a4b8d3690f82ed21fd97447860,https://huggingface.co/datasets/Toycat/SToCorpus-88M/resolve/6f699f128416e8d55d6ab74976e964caec98b157/cellxgene/f5eaf0c4-658f-424f-a916-7b1d15da4a24.h5ad
Toycat/SToCorpus-88M,6f699f128416e8d55d6ab74976e964caec98b157,cellxgene/f86d3962-1132-495a-aff5-44cd6e4f0ff6.h5ad,24250783,97910417d7876fc20639ce3c898e05d3c663cc0b366d6444cbb073291ac1d9ff,https://huggingface.co/datasets/Toycat/SToCorpus-88M/resolve/6f699f128416e8d55d6ab74976e964caec98b157/cellxgene/f86d3962-1132-495a-aff5-44cd6e4f0ff6.h5ad
Toycat/SToCorpus-88M,6f699f128416e8d55d6ab74976e964caec98b157,cellxgene/f9885b0e-063d-4e6f-95bd-adf05f625d74.h5ad,18244471,7d9850da2ef36fcfa78b534fca9ed0e52810897019b794597b6c85fa3f5da207,https://huggingface.co/datasets/Toycat/SToCorpus-88M/resolve/6f699f128416e8d55d6ab74976e964caec98b157/cellxgene/f9885b0e-063d-4e6f-95bd-adf05f625d74.h5ad
Toycat/SToCorpus-88M,6f699f128416e8d55d6ab74976e964caec98b157,cellxgene/f9a20d5a-139f-477e-8790-e357a4bbe59b.h5ad,50324313,2c2dbc8c639be41f765c61b8aae075900abe17421dc16bb38f8d5a89a2acd37e,https://huggingface.co/datasets/Toycat/SToCorpus-88M/resolve/6f699f128416e8d55d6ab74976e964caec98b157/cellxgene/f9a20d5a-139f-477e-8790-e357a4bbe59b.h5ad
Toycat/SToCorpus-88M,6f699f128416e8d55d6ab74976e964caec98b157,cellxgene/fc7563f6-039b-46f6-9dae-4d398f5a79f6.h5ad,22768425,3e1ffd28c6dd74503fc459b935ffc89cf6abd96a76ea530e5bccd329fef016fe,https://huggingface.co/datasets/Toycat/SToCorpus-88M/resolve/6f699f128416e8d55d6ab74976e964caec98b157/cellxgene/fc7563f6-039b-46f6-9dae-4d398f5a79f6.h5ad
Toycat/SToCorpus-88M,6f699f128416e8d55d6ab74976e964caec98b157,cellxgene/fd54dfd3-121a-409a-90c7-283ccba3e6ed.h5ad,22821015,9c5672df83955d8d1556355db8db80f46a72d7cd8521ce9a42f0c434ce820ccf,https://huggingface.co/datasets/Toycat/SToCorpus-88M/resolve/6f699f128416e8d55d6ab74976e964caec98b157/cellxgene/fd54dfd3-121a-409a-90c7-283ccba3e6ed.h5ad
Toycat/SToCorpus-88M,6f699f128416e8d55d6ab74976e964caec98b157,cellxgene/ff7c4cbf-bef6-4644-bab9-53ff30ec8cd7.h5ad,19730256,0652dc72141952642ce644cc80afeebb761ed9c36e5701442294eb30bd7d98f9,https://huggingface.co/datasets/Toycat/SToCorpus-88M/resolve/6f699f128416e8d55d6ab74976e964caec98b157/cellxgene/ff7c4cbf-bef6-4644-bab9-53ff30ec8cd7.h5ad
Toycat/SToCorpus-88M,6f699f128416e8d55d6ab74976e964caec98b157,cellxgene/ffc45755-9d6b-41b7-8308-d60a8f5db64a.h5ad,50967506,ec3b71d0234a12a7d40199e5a66e1713971817b4a245585062d1a69140896314,https://huggingface.co/datasets/Toycat/SToCorpus-88M/resolve/6f699f128416e8d55d6ab74976e964caec98b157/cellxgene/ffc45755-9d6b-41b7-8308-d60a8f5db64a.h5ad
Toycat/SToCorpus-88M,6f699f128416e8d55d6ab74976e964caec98b157,nano/S3.h5ad,862243962,0726d55754c14d47266ab011833058c394745956a4c9cd9e7ed4245b1a800bca,https://huggingface.co/datasets/Toycat/SToCorpus-88M/resolve/6f699f128416e8d55d6ab74976e964caec98b157/nano/S3.h5ad
Toycat/SToCorpus-88M,6f699f128416e8d55d6ab74976e964caec98b157,nano/half_brain.h5ad,148484316,ae5d9348ae7e3c0e6c93c4b99218317c11756bb912ba643e280227b89e40ea2d,https://huggingface.co/datasets/Toycat/SToCorpus-88M/resolve/6f699f128416e8d55d6ab74976e964caec98b157/nano/half_brain.h5ad
Toycat/SToCorpus-88M,6f699f128416e8d55d6ab74976e964caec98b157,nano/pancreas.h5ad,296424592,76b925f7aec9cef132ae9adaa3dc6f7aba96d74b4a121722676916ec6424e42c,https://huggingface.co/datasets/Toycat/SToCorpus-88M/resolve/6f699f128416e8d55d6ab74976e964caec98b157/nano/pancreas.h5ad
Toycat/SToCorpus-88M,6f699f128416e8d55d6ab74976e964caec98b157,nano/quarter_brain.h5ad,121222596,6a6ca29bede96ceff4977ab334df6a298bc36fe57b52d7a54348c16187485388,https://huggingface.co/datasets/Toycat/SToCorpus-88M/resolve/6f699f128416e8d55d6ab74976e964caec98b157/nano/quarter_brain.h5ad
Toycat/SToCorpus-88M,6f699f128416e8d55d6ab74976e964caec98b157,sodb/Allen2022Molecular_aging_MsBrainAgingSpatialDonor_10_0.h5ad,10146780,c905d629f36953638f81de14f6b85cf4cead803e5b78e877abcbe1b3b1def818,https://huggingface.co/datasets/Toycat/SToCorpus-88M/resolve/6f699f128416e8d55d6ab74976e964caec98b157/sodb/Allen2022Molecular_aging_MsBrainAgingSpatialDonor_10_0.h5ad
Toycat/SToCorpus-88M,6f699f128416e8d55d6ab74976e964caec98b157,sodb/Allen2022Molecular_aging_MsBrainAgingSpatialDonor_10_1.h5ad,9265180,f0d16223c139a4bcd9a9849ca2b672a0c61fc0078119cf14a2b43aca8b0be4b8,https://huggingface.co/datasets/Toycat/SToCorpus-88M/resolve/6f699f128416e8d55d6ab74976e964caec98b157/sodb/Allen2022Molecular_aging_MsBrainAgingSpatialDonor_10_1.h5ad
Toycat/SToCorpus-88M,6f699f128416e8d55d6ab74976e964caec98b157,sodb/Allen2022Molecular_aging_MsBrainAgingSpatialDonor_10_2.h5ad,9060748,6f58220e1d1b4c97b0b8934535d3c4541de119b9bd29b04b546b52258167b2bd,https://huggingface.co/datasets/Toycat/SToCorpus-88M/resolve/6f699f128416e8d55d6ab74976e964caec98b157/sodb/Allen2022Molecular_aging_MsBrainAgingSpatialDonor_10_2.h5ad
Toycat/SToCorpus-88M,6f699f128416e8d55d6ab74976e964caec98b157,sodb/Allen2022Molecular_aging_MsBrainAgingSpatialDonor_11_0.h5ad,7547092,bc6ae201ed83c8bf5fbc8421e49c5678e6b17694d534b73b035a34ade8d74e1a,https://huggingface.co/datasets/Toycat/SToCorpus-88M/resolve/6f699f128416e8d55d6ab74976e964caec98b157/sodb/Allen2022Molecular_aging_MsBrainAgingSpatialDonor_11_0.h5ad
Toycat/SToCorpus-88M,6f699f128416e8d55d6ab74976e964caec98b157,sodb/Allen2022Molecular_aging_MsBrainAgingSpatialDonor_11_1.h5ad,13452956,c49bbeab16e4ff557de3c084d442749eff112bd9c55e733e513ed51983c85f1c,https://huggingface.co/datasets/Toycat/SToCorpus-88M/resolve/6f699f128416e8d55d6ab74976e964caec98b157/sodb/Allen2022Molecular_aging_MsBrainAgingSpatialDonor_11_1.h5ad
Toycat/SToCorpus-88M,6f699f128416e8d55d6ab74976e964caec98b157,sodb/Allen2022Molecular_aging_MsBrainAgingSpatialDonor_11_2.h5ad,7075980,799fafbcc0c5c38fd52194068e4252e10424c473f441cb45ec5b3a1c750720b8,https://huggingface.co/datasets/Toycat/SToCorpus-88M/resolve/6f699f128416e8d55d6ab74976e964caec98b157/sodb/Allen2022Molecular_aging_MsBrainAgingSpatialDonor_11_2.h5ad
Toycat/SToCorpus-88M,6f699f128416e8d55d6ab74976e964caec98b157,sodb/Allen2022Molecular_aging_MsBrainAgingSpatialDonor_12_0.h5ad,18346652,b59dd0c839eec3ee9d665a2a3c0ef44015941dc2ae533f18cc65dd7449e8fd68,https://huggingface.co/datasets/Toycat/SToCorpus-88M/resolve/6f699f128416e8d55d6ab74976e964caec98b157/sodb/Allen2022Molecular_aging_MsBrainAgingSpatialDonor_12_0.h5ad
Toycat/SToCorpus-88M,6f699f128416e8d55d6ab74976e964caec98b157,sodb/Allen2022Molecular_aging_MsBrainAgingSpatialDonor_12_1.h5ad,16076300,f7ccb775026d9b7bb453408cfd27e23c1d34ddb32f4abbbe4dade3e9c942141f,https://huggingface.co/datasets/Toycat/SToCorpus-88M/resolve/6f699f128416e8d55d6ab74976e964caec98b157/sodb/Allen2022Molecular_aging_MsBrainAgingSpatialDonor_12_1.h5ad
Toycat/SToCorpus-88M,6f699f128416e8d55d6ab74976e964caec98b157,sodb/Allen2022Molecular_aging_MsBrainAgingSpatialDonor_1_0.h5ad,24783244,6b8d618f3fbd9181a168404421d8607e9e6efe145b546af9ff00332ecbf14be6,https://huggingface.co/datasets/Toycat/SToCorpus-88M/resolve/6f699f128416e8d55d6ab74976e964caec98b157/sodb/Allen2022Molecular_aging_MsBrainAgingSpatialDonor_1_0.h5ad
Toycat/SToCorpus-88M,6f699f128416e8d55d6ab74976e964caec98b157,sodb/Allen2022Molecular_aging_MsBrainAgingSpatialDonor_2_0.h5ad,16930244,5e4f4293e7cce332a5c3893c1249b0e01e41800cc669cbfcf0b4172831c565e4,https://huggingface.co/datasets/Toycat/SToCorpus-88M/resolve/6f699f128416e8d55d6ab74976e964caec98b157/sodb/Allen2022Molecular_aging_MsBrainAgingSpatialDonor_2_0.h5ad
Toycat/SToCorpus-88M,6f699f128416e8d55d6ab74976e964caec98b157,sodb/Allen2022Molecular_aging_MsBrainAgingSpatialDonor_2_1.h5ad,26086188,f90a77afc31fea99261aeabbda74027b18ce1a5192e444d2d8587c4a374b130f,https://huggingface.co/datasets/Toycat/SToCorpus-88M/resolve/6f699f128416e8d55d6ab74976e964caec98b157/sodb/Allen2022Molecular_aging_MsBrainAgingSpatialDonor_2_1.h5ad
Toycat/SToCorpus-88M,6f699f128416e8d55d6ab74976e964caec98b157,sodb/Allen2022Molecular_aging_MsBrainAgingSpatialDonor_3_0.h5ad,24403692,67be30f4fe101967bbc3e127ee56677e01f72624d51bd7650cff0ceb6f4e74d0,https://huggingface.co/datasets/Toycat/SToCorpus-88M/resolve/6f699f128416e8d55d6ab74976e964caec98b157/sodb/Allen2022Molecular_aging_MsBrainAgingSpatialDonor_3_0.h5ad
Toycat/SToCorpus-88M,6f699f128416e8d55d6ab74976e964caec98b157,sodb/Allen2022Molecular_aging_MsBrainAgingSpatialDonor_3_1.h5ad,20327116,5ec65738503d21dc122e3d8e23705d2c39bae272fb6cbe90570f014b4b02754b,https://huggingface.co/datasets/Toycat/SToCorpus-88M/resolve/6f699f128416e8d55d6ab74976e964caec98b157/sodb/Allen2022Molecular_aging_MsBrainAgingSpatialDonor_3_1.h5ad
Toycat/SToCorpus-88M,6f699f128416e8d55d6ab74976e964caec98b157,sodb/Allen2022Molecular_aging_MsBrainAgingSpatialDonor_4_0.h5ad,11434012,017d195dc2291ed7acfb7c28d4710537b4c01c813ebf19e828345e7e34153bd0,https://huggingface.co/datasets/Toycat/SToCorpus-88M/resolve/6f699f128416e8d55d6ab74976e964caec98b157/sodb/Allen2022Molecular_aging_MsBrainAgingSpatialDonor_4_0.h5ad
Toycat/SToCorpus-88M,6f699f128416e8d55d6ab74976e964caec98b157,sodb/Allen2022Molecular_aging_MsBrainAgingSpatialDonor_4_1.h5ad,13698316,f68a958948b1591427f8ed42e0097d7ff0c36237d0b814fd19ccbfc916403e6a,https://huggingface.co/datasets/Toycat/SToCorpus-88M/resolve/6f699f128416e8d55d6ab74976e964caec98b157/sodb/Allen2022Molecular_aging_MsBrainAgingSpatialDonor_4_1.h5ad
Toycat/SToCorpus-88M,6f699f128416e8d55d6ab74976e964caec98b157,sodb/Allen2022Molecular_aging_MsBrainAgingSpatialDonor_4_2.h5ad,13069052,e99ff32aa7d0f84dd49fe465895102941a2395da750a553e6ddb9d1c9525fd74,https://huggingface.co/datasets/Toycat/SToCorpus-88M/resolve/6f699f128416e8d55d6ab74976e964caec98b157/sodb/Allen2022Molecular_aging_MsBrainAgingSpatialDonor_4_2.h5ad
Toycat/SToCorpus-88M,6f699f128416e8d55d6ab74976e964caec98b157,sodb/Allen2022Molecular_aging_MsBrainAgingSpatialDonor_5_0.h5ad,11888348,c7cc32942a7c78a7795065398e1266f26b53510aa9c758fb443148a9f73d021a,https://huggingface.co/datasets/Toycat/SToCorpus-88M/resolve/6f699f128416e8d55d6ab74976e964caec98b157/sodb/Allen2022Molecular_aging_MsBrainAgingSpatialDonor_5_0.h5ad
Toycat/SToCorpus-88M,6f699f128416e8d55d6ab74976e964caec98b157,sodb/Allen2022Molecular_aging_MsBrainAgingSpatialDonor_5_1.h5ad,10716732,2e5b22468f622e1469ba5843e9aacdefa8de569181f9f4b9281b066e24aefa4f,https://huggingface.co/datasets/Toycat/SToCorpus-88M/resolve/6f699f128416e8d55d6ab74976e964caec98b157/sodb/Allen2022Molecular_aging_MsBrainAgingSpatialDonor_5_1.h5ad
Toycat/SToCorpus-88M,6f699f128416e8d55d6ab74976e964caec98b157,sodb/Allen2022Molecular_aging_MsBrainAgingSpatialDonor_5_2.h5ad,9718204,330c9880932f9c33c3e9edffbd5f647ae07b79ba8b81a8eb72aab40054326186,https://huggingface.co/datasets/Toycat/SToCorpus-88M/resolve/6f699f128416e8d55d6ab74976e964caec98b157/sodb/Allen2022Molecular_aging_MsBrainAgingSpatialDonor_5_2.h5ad
Toycat/SToCorpus-88M,6f699f128416e8d55d6ab74976e964caec98b157,sodb/Allen2022Molecular_aging_MsBrainAgingSpatialDonor_6_0.h5ad,10624836,1602b3f22ea20cc90caf9452807fc3144729bc1d14d3418d468dc30fc1b70fc3,https://huggingface.co/datasets/Toycat/SToCorpus-88M/resolve/6f699f128416e8d55d6ab74976e964caec98b157/sodb/Allen2022Molecular_aging_MsBrainAgingSpatialDonor_6_0.h5ad
Toycat/SToCorpus-88M,6f699f128416e8d55d6ab74976e964caec98b157,sodb/Allen2022Molecular_aging_MsBrainAgingSpatialDonor_6_1.h5ad,9441788,686c77f277b7d05e43c18e9093671a6eec0bc067b5ba242dff620c6fc7c1d5b7,https://huggingface.co/datasets/Toycat/SToCorpus-88M/resolve/6f699f128416e8d55d6ab74976e964caec98b157/sodb/Allen2022Molecular_aging_MsBrainAgingSpatialDonor_6_1.h5ad
Toycat/SToCorpus-88M,6f699f128416e8d55d6ab74976e964caec98b157,sodb/Allen2022Molecular_aging_MsBrainAgingSpatialDonor_6_2.h5ad,9642212,ec1e9189786ffd5ab647840412e73e134b134768724402e828797425b4f6468f,https://huggingface.co/datasets/Toycat/SToCorpus-88M/resolve/6f699f128416e8d55d6ab74976e964caec98b157/sodb/Allen2022Molecular_aging_MsBrainAgingSpatialDonor_6_2.h5ad
Toycat/SToCorpus-88M,6f699f128416e8d55d6ab74976e964caec98b157,sodb/Allen2022Molecular_aging_MsBrainAgingSpatialDonor_7_0.h5ad,11203452,e2838589f1d4b76495aea2aec3a4c7eec87511da5d0a35acf6512ad3aa6c224e,https://huggingface.co/datasets/Toycat/SToCorpus-88M/resolve/6f699f128416e8d55d6ab74976e964caec98b157/sodb/Allen2022Molecular_aging_MsBrainAgingSpatialDonor_7_0.h5ad
Toycat/SToCorpus-88M,6f699f128416e8d55d6ab74976e964caec98b157,sodb/Allen2022Molecular_aging_MsBrainAgingSpatialDonor_7_1.h5ad,10689724,2dbbcd75308b8820dafc9523c01f474a8458d375509ab62ba1a9b4bc3ae0696c,https://huggingface.co/datasets/Toycat/SToCorpus-88M/resolve/6f699f128416e8d55d6ab74976e964caec98b157/sodb/Allen2022Molecular_aging_MsBrainAgingSpatialDonor_7_1.h5ad
Toycat/SToCorpus-88M,6f699f128416e8d55d6ab74976e964caec98b157,sodb/Allen2022Molecular_aging_MsBrainAgingSpatialDonor_7_2.h5ad,11834348,c23e8a287d3f7d137555051f8fd0e141b1bc0f7037d5805efbefe028eeb48b46,https://huggingface.co/datasets/Toycat/SToCorpus-88M/resolve/6f699f128416e8d55d6ab74976e964caec98b157/sodb/Allen2022Molecular_aging_MsBrainAgingSpatialDonor_7_2.h5ad
Toycat/SToCorpus-88M,6f699f128416e8d55d6ab74976e964caec98b157,sodb/Allen2022Molecular_aging_MsBrainAgingSpatialDonor_8_0.h5ad,16498410,4374ebb4892a86e8dca480e4a340b2dca6c24939675683680918e1648c54c4df,https://huggingface.co/datasets/Toycat/SToCorpus-88M/resolve/6f699f128416e8d55d6ab74976e964caec98b157/sodb/Allen2022Molecular_aging_MsBrainAgingSpatialDonor_8_0.h5ad
Toycat/SToCorpus-88M,6f699f128416e8d55d6ab74976e964caec98b157,sodb/Allen2022Molecular_aging_MsBrainAgingSpatialDonor_8_1.h5ad,13615660,66223fc76c0d3e941517739b78d0e7255f144db195cfc0550e1f42f1d47bd711,https://huggingface.co/datasets/Toycat/SToCorpus-88M/resolve/6f699f128416e8d55d6ab74976e964caec98b157/sodb/Allen2022Molecular_aging_MsBrainAgingSpatialDonor_8_1.h5ad
Toycat/SToCorpus-88M,6f699f128416e8d55d6ab74976e964caec98b157,sodb/Allen2022Molecular_aging_MsBrainAgingSpatialDonor_8_2.h5ad,13929260,282a03d61a739701f00d41bf6dbbe7a2e538ad856a8293c69a12cd0d7f97b02d,https://huggingface.co/datasets/Toycat/SToCorpus-88M/resolve/6f699f128416e8d55d6ab74976e964caec98b157/sodb/Allen2022Molecular_aging_MsBrainAgingSpatialDonor_8_2.h5ad
Toycat/SToCorpus-88M,6f699f128416e8d55d6ab74976e964caec98b157,sodb/Allen2022Molecular_aging_MsBrainAgingSpatialDonor_9_0.h5ad,13087244,34279f17a9f2f94ed3a1b62432bbc88d57bb92c45de39a9b861770f0e8870cad,https://huggingface.co/datasets/Toycat/SToCorpus-88M/resolve/6f699f128416e8d55d6ab74976e964caec98b157/sodb/Allen2022Molecular_aging_MsBrainAgingSpatialDonor_9_0.h5ad
Toycat/SToCorpus-88M,6f699f128416e8d55d6ab74976e964caec98b157,sodb/Allen2022Molecular_aging_MsBrainAgingSpatialDonor_9_1.h5ad,14644124,68ad1d2aa83aa10154ac9f8b4e203d48a828a1e2cbebd22c40d4deba30e39d99,https://huggingface.co/datasets/Toycat/SToCorpus-88M/resolve/6f699f128416e8d55d6ab74976e964caec98b157/sodb/Allen2022Molecular_aging_MsBrainAgingSpatialDonor_9_1.h5ad
Toycat/SToCorpus-88M,6f699f128416e8d55d6ab74976e964caec98b157,sodb/Allen2022Molecular_aging_MsBrainAgingSpatialDonor_9_2.h5ad,12365738,0f6b27d442338d3a4934a127c9523b959319f5484797ae2fbb63ff3a890c1505,https://huggingface.co/datasets/Toycat/SToCorpus-88M/resolve/6f699f128416e8d55d6ab74976e964caec98b157/sodb/Allen2022Molecular_aging_MsBrainAgingSpatialDonor_9_2.h5ad
Toycat/SToCorpus-88M,6f699f128416e8d55d6ab74976e964caec98b157,sodb/Allen2022Molecular_lps_MsBrainAgingSpatialDonor_12_0.h5ad,19200104,69884f749e79d520a6e4443203bab6af7b4c70bc8ac90c0b539092c83ed7cdc8,https://huggingface.co/datasets/Toycat/SToCorpus-88M/resolve/6f699f128416e8d55d6ab74976e964caec98b157/sodb/Allen2022Molecular_lps_MsBrainAgingSpatialDonor_12_0.h5ad
Toycat/SToCorpus-88M,6f699f128416e8d55d6ab74976e964caec98b157,sodb/Allen2022Molecular_lps_MsBrainAgingSpatialDonor_12_1.h5ad,22462154,2b3a19c49702f200147934b01634361a6a279c91ebbe7d3d6324044e6f5692c7,https://huggingface.co/datasets/Toycat/SToCorpus-88M/resolve/6f699f128416e8d55d6ab74976e964caec98b157/sodb/Allen2022Molecular_lps_MsBrainAgingSpatialDonor_12_1.h5ad
Toycat/SToCorpus-88M,6f699f128416e8d55d6ab74976e964caec98b157,sodb/Allen2022Molecular_lps_MsBrainAgingSpatialDonor_13_0.h5ad,22972982,be07b252db3dcc13ae8db393b56f73ca78fce8448ecf56d90997aac19ecef831,https://huggingface.co/datasets/Toycat/SToCorpus-88M/resolve/6f699f128416e8d55d6ab74976e964caec98b157/sodb/Allen2022Molecular_lps_MsBrainAgingSpatialDonor_13_0.h5ad
Toycat/SToCorpus-88M,6f699f128416e8d55d6ab74976e964caec98b157,sodb/Allen2022Molecular_lps_MsBrainAgingSpatialDonor_13_1.h5ad,14757996,e599df7abed48ae984407077f41f2e58dabd38e37d253c3197909d0fd2b2a759,https://huggingface.co/datasets/Toycat/SToCorpus-88M/resolve/6f699f128416e8d55d6ab74976e964caec98b157/sodb/Allen2022Molecular_lps_MsBrainAgingSpatialDonor_13_1.h5ad
Toycat/SToCorpus-88M,6f699f128416e8d55d6ab74976e964caec98b157,sodb/Allen2022Molecular_lps_MsBrainAgingSpatialDonor_13_2.h5ad,16570428,bb882a877011f0a27271f7ccdc332e840dc672e638176da0c35689f6bfc1ca8c,https://huggingface.co/datasets/Toycat/SToCorpus-88M/resolve/6f699f128416e8d55d6ab74976e964caec98b157/sodb/Allen2022Molecular_lps_MsBrainAgingSpatialDonor_13_2.h5ad
Toycat/SToCorpus-88M,6f699f128416e8d55d6ab74976e964caec98b157,sodb/Allen2022Molecular_lps_MsBrainAgingSpatialDonor_14_0.h5ad,26181956,60a36b18de2e3191e90c97e533542cfd3f1c7c7c03a080d22f8e0237463a0af0,https://huggingface.co/datasets/Toycat/SToCorpus-88M/resolve/6f699f128416e8d55d6ab74976e964caec98b157/sodb/Allen2022Molecular_lps_MsBrainAgingSpatialDonor_14_0.h5ad
Toycat/SToCorpus-88M,6f699f128416e8d55d6ab74976e964caec98b157,sodb/Allen2022Molecular_lps_MsBrainAgingSpatialDonor_14_1.h5ad,29626122,dce9c1228c5df026573dfe2bcedff1135f6d755f06e7129e970bde7585fd67fe,https://huggingface.co/datasets/Toycat/SToCorpus-88M/resolve/6f699f128416e8d55d6ab74976e964caec98b157/sodb/Allen2022Molecular_lps_MsBrainAgingSpatialDonor_14_1.h5ad
Toycat/SToCorpus-88M,6f699f128416e8d55d6ab74976e964caec98b157,sodb/Allen2022Molecular_lps_MsBrainAgingSpatialDonor_15_0.h5ad,13311182,75c55bb1c9b7894334802865691381cd7be61d2fc60c026d4ea59bda5f58a47c,https://huggingface.co/datasets/Toycat/SToCorpus-88M/resolve/6f699f128416e8d55d6ab74976e964caec98b157/sodb/Allen2022Molecular_lps_MsBrainAgingSpatialDonor_15_0.h5ad
Toycat/SToCorpus-88M,6f699f128416e8d55d6ab74976e964caec98b157,sodb/Allen2022Molecular_lps_MsBrainAgingSpatialDonor_15_1.h5ad,21692836,8e443c4eb0322ec4f1468485842f06bd69fd0d7e0c1f4a6e6e2b32a6dfe1762d,https://huggingface.co/datasets/Toycat/SToCorpus-88M/resolve/6f699f128416e8d55d6ab74976e964caec98b157/sodb/Allen2022Molecular_lps_MsBrainAgingSpatialDonor_15_1.h5ad
Toycat/SToCorpus-88M,6f699f128416e8d55d6ab74976e964caec98b157,sodb/Allen2022Molecular_lps_MsBrainAgingSpatialDonor_16_0.h5ad,24659540,d019c1904b2bb7ef293171d68323d541ec82738cfba67fa9e835dc6099437dee,https://huggingface.co/datasets/Toycat/SToCorpus-88M/resolve/6f699f128416e8d55d6ab74976e964caec98b157/sodb/Allen2022Molecular_lps_MsBrainAgingSpatialDonor_16_0.h5ad
Toycat/SToCorpus-88M,6f699f128416e8d55d6ab74976e964caec98b157,sodb/Allen2022Molecular_lps_MsBrainAgingSpatialDonor_16_1.h5ad,22132714,b5db3e87636d81dcba76b2ed610b2f14345f9a465a9e5791a691beed84a2d92c,https://huggingface.co/datasets/Toycat/SToCorpus-88M/resolve/6f699f128416e8d55d6ab74976e964caec98b157/sodb/Allen2022Molecular_lps_MsBrainAgingSpatialDonor_16_1.h5ad
Toycat/SToCorpus-88M,6f699f128416e8d55d6ab74976e964caec98b157,sodb/Allen2022Molecular_lps_MsBrainAgingSpatialDonor_17_0.h5ad,28106810,d33cc2a17b0a8258719ffadac5a12e443e65433a1930be2c807e5cd98e42de2d,https://huggingface.co/datasets/Toycat/SToCorpus-88M/resolve/6f699f128416e8d55d6ab74976e964caec98b157/sodb/Allen2022Molecular_lps_MsBrainAgingSpatialDonor_17_0.h5ad
Toycat/SToCorpus-88M,6f699f128416e8d55d6ab74976e964caec98b157,sodb/Allen2022Molecular_lps_MsBrainAgingSpatialDonor_17_1.h5ad,22507128,ca82ecd3a8c4b5cca7a0e36ff34e8a935c20d30c514433c762ab26e197a527d5,https://huggingface.co/datasets/Toycat/SToCorpus-88M/resolve/6f699f128416e8d55d6ab74976e964caec98b157/sodb/Allen2022Molecular_lps_MsBrainAgingSpatialDonor_17_1.h5ad
Toycat/SToCorpus-88M,6f699f128416e8d55d6ab74976e964caec98b157,sodb/Allen2022Molecular_lps_MsBrainAgingSpatialDonor_18_0.h5ad,22298068,4d2d9fd8471781de2fbbd57c232fc1f920dcfb49a1ae2c17c137bd1415d1eb0b,https://huggingface.co/datasets/Toycat/SToCorpus-88M/resolve/6f699f128416e8d55d6ab74976e964caec98b157/sodb/Allen2022Molecular_lps_MsBrainAgingSpatialDonor_18_0.h5ad
Toycat/SToCorpus-88M,6f699f128416e8d55d6ab74976e964caec98b157,sodb/Allen2022Molecular_lps_MsBrainAgingSpatialDonor_18_1.h5ad,16299326,005b22eb96724abb63253bd0a440c9cb2bde0591ca6e4245a25089af330cfe36,https://huggingface.co/datasets/Toycat/SToCorpus-88M/resolve/6f699f128416e8d55d6ab74976e964caec98b157/sodb/Allen2022Molecular_lps_MsBrainAgingSpatialDonor_18_1.h5ad
Toycat/SToCorpus-88M,6f699f128416e8d55d6ab74976e964caec98b157,sodb/Allen2022Molecular_lps_MsBrainAgingSpatialDonor_19_0.h5ad,13585342,be12aed2f6182e42768ddba36d92a4525cfdac370c1058b63c184c0aef43f98b,https://huggingface.co/datasets/Toycat/SToCorpus-88M/resolve/6f699f128416e8d55d6ab74976e964caec98b157/sodb/Allen2022Molecular_lps_MsBrainAgingSpatialDonor_19_0.h5ad
Toycat/SToCorpus-88M,6f699f128416e8d55d6ab74976e964caec98b157,sodb/Allen2022Molecular_lps_MsBrainAgingSpatialDonor_19_1.h5ad,23191640,481762fad323a6b3e94ea870ccdbc342135ca2ce426b3f0a31f0b4a56917b86e,https://huggingface.co/datasets/Toycat/SToCorpus-88M/resolve/6f699f128416e8d55d6ab74976e964caec98b157/sodb/Allen2022Molecular_lps_MsBrainAgingSpatialDonor_19_1.h5ad
Toycat/SToCorpus-88M,6f699f128416e8d55d6ab74976e964caec98b157,sodb/Allen2022Molecular_lps_MsBrainAgingSpatialDonor_19_2.h5ad,11750882,bd9c5eba6fc5d99b9eba6ffb8d4a7f0975cecc7f552412ba1b04634e74325051,https://huggingface.co/datasets/Toycat/SToCorpus-88M/resolve/6f699f128416e8d55d6ab74976e964caec98b157/sodb/Allen2022Molecular_lps_MsBrainAgingSpatialDonor_19_2.h5ad
Toycat/SToCorpus-88M,6f699f128416e8d55d6ab74976e964caec98b157,sodb/Biermann2022Dissecting_GSM6025935_MBM05_rep1.h5ad,112263150,83b1ebc6f0b00ea41330f138f213a20ca6124abae167f3dd810c10b8778aed6f,https://huggingface.co/datasets/Toycat/SToCorpus-88M/resolve/6f699f128416e8d55d6ab74976e964caec98b157/sodb/Biermann2022Dissecting_GSM6025935_MBM05_rep1.h5ad
Toycat/SToCorpus-88M,6f699f128416e8d55d6ab74976e964caec98b157,sodb/Biermann2022Dissecting_GSM6025936_MBM05_rep2.h5ad,124300456,e60f55d160f52c848d4272caac3f6d60ea44cbb1bb3f1869f3c32e4d9da1a6e8,https://huggingface.co/datasets/Toycat/SToCorpus-88M/resolve/6f699f128416e8d55d6ab74976e964caec98b157/sodb/Biermann2022Dissecting_GSM6025936_MBM05_rep2.h5ad
Toycat/SToCorpus-88M,6f699f128416e8d55d6ab74976e964caec98b157,sodb/Biermann2022Dissecting_GSM6025937_MBM05_rep3.h5ad,27788240,fa89fcbf3bc792b7bb3f52694d8836300d4cec404bab349cbbdbbff66a05ef41,https://huggingface.co/datasets/Toycat/SToCorpus-88M/resolve/6f699f128416e8d55d6ab74976e964caec98b157/sodb/Biermann2022Dissecting_GSM6025937_MBM05_rep3.h5ad
Toycat/SToCorpus-88M,6f699f128416e8d55d6ab74976e964caec98b157,sodb/Biermann2022Dissecting_GSM6025938_MBM06.h5ad,129669925,1a0a0da12879dd155ef41767afad171e4620f2171afe676828d38733323b2135,https://huggingface.co/datasets/Toycat/SToCorpus-88M/resolve/6f699f128416e8d55d6ab74976e964caec98b157/sodb/Biermann2022Dissecting_GSM6025938_MBM06.h5ad
Toycat/SToCorpus-88M,6f699f128416e8d55d6ab74976e964caec98b157,sodb/Biermann2022Dissecting_GSM6025939_MBM07.h5ad,170536276,175280c4c6e0bbf18fa88e4e6a882015c3584dd561c18dfddcc7d491b612dddf,https://huggingface.co/datasets/Toycat/SToCorpus-88M/resolve/6f699f128416e8d55d6ab74976e964caec98b157/sodb/Biermann2022Dissecting_GSM6025939_MBM07.h5ad
Toycat/SToCorpus-88M,6f699f128416e8d55d6ab74976e964caec98b157,sodb/Biermann2022Dissecting_GSM6025940_MBM08.h5ad,126620504,9c4d00bc9ea36a926f8f07e4c87f8d35ccde65af6faffb3e69519f5077be7619,https://huggingface.co/datasets/Toycat/SToCorpus-88M/resolve/6f699f128416e8d55d6ab74976e964caec98b157/sodb/Biermann2022Dissecting_GSM6025940_MBM08.h5ad
Toycat/SToCorpus-88M,6f699f128416e8d55d6ab74976e964caec98b157,sodb/Biermann2022Dissecting_GSM6025941_MBM11_rep1.h5ad,81873233,7ebfb18392e671c64f2abd8a212ef0315b4e7bfeda12a332b4903ada9ff8576a,https://huggingface.co/datasets/Toycat/SToCorpus-88M/resolve/6f699f128416e8d55d6ab74976e964caec98b157/sodb/Biermann2022Dissecting_GSM6025941_MBM11_rep1.h5ad
Toycat/SToCorpus-88M,6f699f128416e8d55d6ab74976e964caec98b157,sodb/Biermann2022Dissecting_GSM6025942_MBM11_rep2.h5ad,158198724,01e3ce26f164a694d3dafcd7b2fad1a0875396aea8a69e61e2280b04ae1e2aeb,https://huggingface.co/datasets/Toycat/SToCorpus-88M/resolve/6f699f128416e8d55d6ab74976e964caec98b157/sodb/Biermann2022Dissecting_GSM6025942_MBM11_rep2.h5ad
Toycat/SToCorpus-88M,6f699f128416e8d55d6ab74976e964caec98b157,sodb/Biermann2022Dissecting_GSM6025943_MBM11_rep3.h5ad,27251278,b06330359a95504dacb933ec9e443b53b42690ff2bc2d5212d114f5b71dbb86e,https://huggingface.co/datasets/Toycat/SToCorpus-88M/resolve/6f699f128416e8d55d6ab74976e964caec98b157/sodb/Biermann2022Dissecting_GSM6025943_MBM11_rep3.h5ad
Toycat/SToCorpus-88M,6f699f128416e8d55d6ab74976e964caec98b157,sodb/Biermann2022Dissecting_GSM6025944_MBM13.h5ad,110921135,6754c6721034a8aa16fa306d73a51e346af0b8e7a691a67af5b6010653ca3c89,https://huggingface.co/datasets/Toycat/SToCorpus-88M/resolve/6f699f128416e8d55d6ab74976e964caec98b157/sodb/Biermann2022Dissecting_GSM6025944_MBM13.h5ad
Toycat/SToCorpus-88M,6f699f128416e8d55d6ab74976e964caec98b157,sodb/Biermann2022Dissecting_GSM6025945_MBM18.h5ad,155523848,42c478933b7cb769276ae6bd8a921bf62ce541f3aa7b816c25aa069373f7e1b3,https://huggingface.co/datasets/Toycat/SToCorpus-88M/resolve/6f699f128416e8d55d6ab74976e964caec98b157/sodb/Biermann2022Dissecting_GSM6025945_MBM18.h5ad
Toycat/SToCorpus-88M,6f699f128416e8d55d6ab74976e964caec98b157,sodb/Biermann2022Dissecting_GSM6025946_ECM01_rep1.h5ad,124275228,477e2e1baf21fdb0c04b0933da52ac092f33aaf5d7fd11158bb50b74ab83ea15,https://huggingface.co/datasets/Toycat/SToCorpus-88M/resolve/6f699f128416e8d55d6ab74976e964caec98b157/sodb/Biermann2022Dissecting_GSM6025946_ECM01_rep1.h5ad
Toycat/SToCorpus-88M,6f699f128416e8d55d6ab74976e964caec98b157,sodb/Biermann2022Dissecting_GSM6025947_ECM01_rep2.h5ad,112742896,f96c9241da7ec8b84f50ffc51e026793f05fc6e8fc0c0d1d6c61014b4a8d4951,https://huggingface.co/datasets/Toycat/SToCorpus-88M/resolve/6f699f128416e8d55d6ab74976e964caec98b157/sodb/Biermann2022Dissecting_GSM6025947_ECM01_rep2.h5ad
Toycat/SToCorpus-88M,6f699f128416e8d55d6ab74976e964caec98b157,sodb/Biermann2022Dissecting_GSM6025948_ECM06.h5ad,78770796,dafd516f9186265484aa2936b8cdad86774bcfe0519fb3579f9e8e125d0ceed8,https://huggingface.co/datasets/Toycat/SToCorpus-88M/resolve/6f699f128416e8d55d6ab74976e964caec98b157/sodb/Biermann2022Dissecting_GSM6025948_ECM06.h5ad
Toycat/SToCorpus-88M,6f699f128416e8d55d6ab74976e964caec98b157,sodb/Biermann2022Dissecting_GSM6025949_ECM08.h5ad,107920531,4481aa642f8389aeaf87f2b61809079f824fdbce9c43fd69fefe0eb7a9cacc39,https://huggingface.co/datasets/Toycat/SToCorpus-88M/resolve/6f699f128416e8d55d6ab74976e964caec98b157/sodb/Biermann2022Dissecting_GSM6025949_ECM08.h5ad
Toycat/SToCorpus-88M,6f699f128416e8d55d6ab74976e964caec98b157,sodb/Biermann2022Dissecting_GSM6025950_ECM10.h5ad,153481709,2e9d002694007dcc239d318ceeb8cbc184af1c5edbcf1a7c008ca9bfcd58c567,https://huggingface.co/datasets/Toycat/SToCorpus-88M/resolve/6f699f128416e8d55d6ab74976e964caec98b157/sodb/Biermann2022Dissecting_GSM6025950_ECM10.h5ad
Toycat/SToCorpus-88M,6f699f128416e8d55d6ab74976e964caec98b157,sodb/Fang2022Conservation_H18.06.006.MTG.250.expand.rep1.h5ad,8077176,f0d24b4bdc18b33834ce1adbc956c3de60288d608c5ebeeb1b09568ebbf7d728,https://huggingface.co/datasets/Toycat/SToCorpus-88M/resolve/6f699f128416e8d55d6ab74976e964caec98b157/sodb/Fang2022Conservation_H18.06.006.MTG.250.expand.rep1.h5ad
Toycat/SToCorpus-88M,6f699f128416e8d55d6ab74976e964caec98b157,sodb/Fang2022Conservation_H18.06.006.MTG.4000.expand.rep1.h5ad,16549680,f3ff1fd5ae29dcedf1d3e098ebb8e9b383ba0f47dfe090fd2134a15db9b296c6,https://huggingface.co/datasets/Toycat/SToCorpus-88M/resolve/6f699f128416e8d55d6ab74976e964caec98b157/sodb/Fang2022Conservation_H18.06.006.MTG.4000.expand.rep1.h5ad
Toycat/SToCorpus-88M,6f699f128416e8d55d6ab74976e964caec98b157,sodb/Fang2022Conservation_H18.06.006.MTG.4000.expand.rep2.h5ad,17335769,dff15855e844418aa4effec8ed8d0fd80f44315251f6a1827caacfa5ccfeddca,https://huggingface.co/datasets/Toycat/SToCorpus-88M/resolve/6f699f128416e8d55d6ab74976e964caec98b157/sodb/Fang2022Conservation_H18.06.006.MTG.4000.expand.rep2.h5ad
Toycat/SToCorpus-88M,6f699f128416e8d55d6ab74976e964caec98b157,sodb/Fang2022Conservation_H18.06.006.MTG.4000.expand.rep3.h5ad,15542482,ee39d7ab952bfa57943831112c82fb83abadd736f344766a239e19fdc4d83175,https://huggingface.co/datasets/Toycat/SToCorpus-88M/resolve/6f699f128416e8d55d6ab74976e964caec98b157/sodb/Fang2022Conservation_H18.06.006.MTG.4000.expand.rep3.h5ad
Toycat/SToCorpus-88M,6f699f128416e8d55d6ab74976e964caec98b157,sodb/Fang2022Conservation_H19.30.001.STG.250.expand.rep1.h5ad,4832392,01634ddea4fec575dfe95ecf99c54d0a614b6cc6e1c3a13f8b151f5795454857,https://huggingface.co/datasets/Toycat/SToCorpus-88M/resolve/6f699f128416e8d55d6ab74976e964caec98b157/sodb/Fang2022Conservation_H19.30.001.STG.250.expand.rep1.h5ad
Toycat/SToCorpus-88M,6f699f128416e8d55d6ab74976e964caec98b157,sodb/Fang2022Conservation_H19.30.001.STG.4000.expand.rep1.h5ad,15623487,41fd04e12aa2178e2de2ed1b297110d03cd7fcf5caacbc5dcbddc9c028351ad3,https://huggingface.co/datasets/Toycat/SToCorpus-88M/resolve/6f699f128416e8d55d6ab74976e964caec98b157/sodb/Fang2022Conservation_H19.30.001.STG.4000.expand.rep1.h5ad
Toycat/SToCorpus-88M,6f699f128416e8d55d6ab74976e964caec98b157,sodb/Fang2022Conservation_H19.30.001.STG.4000.expand.rep2.h5ad,15593546,0a47257895b2ae37cb4b94faafd6e839d550ffa38f07283fc3a4d5a1ea454b9b,https://huggingface.co/datasets/Toycat/SToCorpus-88M/resolve/6f699f128416e8d55d6ab74976e964caec98b157/sodb/Fang2022Conservation_H19.30.001.STG.4000.expand.rep2.h5ad
Toycat/SToCorpus-88M,6f699f128416e8d55d6ab74976e964caec98b157,sodb/Fang2022Conservation_H20.30.001.STG.250.unexpand.rep1.h5ad,11946702,26274e852343c9de8a0ccf1f22c6a812834ac2626d39efd59100f958b63d9ce1,https://huggingface.co/datasets/Toycat/SToCorpus-88M/resolve/6f699f128416e8d55d6ab74976e964caec98b157/sodb/Fang2022Conservation_H20.30.001.STG.250.unexpand.rep1.h5ad
Toycat/SToCorpus-88M,6f699f128416e8d55d6ab74976e964caec98b157,sodb/Fang2022Conservation_H20.30.001.STG.250.unexpand.rep2.h5ad,17654775,d99367c62d4ad25aa313153098d2d8e52abd7e79ee516ccc1394bff17e704167,https://huggingface.co/datasets/Toycat/SToCorpus-88M/resolve/6f699f128416e8d55d6ab74976e964caec98b157/sodb/Fang2022Conservation_H20.30.001.STG.250.unexpand.rep2.h5ad
Toycat/SToCorpus-88M,6f699f128416e8d55d6ab74976e964caec98b157,sodb/Fang2022Conservation_H20.30.001.STG.4000.expand.rep1.h5ad,11192835,51a2f81340083e8a6fca7ee5c35ae3512a11df2804d32038e87eb9ff8dfde5c3,https://huggingface.co/datasets/Toycat/SToCorpus-88M/resolve/6f699f128416e8d55d6ab74976e964caec98b157/sodb/Fang2022Conservation_H20.30.001.STG.4000.expand.rep1.h5ad
Toycat/SToCorpus-88M,6f699f128416e8d55d6ab74976e964caec98b157,sodb/Fang2022Conservation_H20.30.001.STG.4000.expand.rep2.h5ad,12773923,640108e58e3d2ccf7fdac17a626b952b7836a45ec5b8c3ce20c8fabdbf742fbc,https://huggingface.co/datasets/Toycat/SToCorpus-88M/resolve/6f699f128416e8d55d6ab74976e964caec98b157/sodb/Fang2022Conservation_H20.30.001.STG.4000.expand.rep2.h5ad
Toycat/SToCorpus-88M,6f699f128416e8d55d6ab74976e964caec98b157,sodb/Fang2022Conservation_H20.30.001.STG.4000.expand.rep3.h5ad,10268078,f72b5681ecdd7b2f7f2acbe13a4d1a7629e1627ad9d8086d21a995eb04d4b186,https://huggingface.co/datasets/Toycat/SToCorpus-88M/resolve/6f699f128416e8d55d6ab74976e964caec98b157/sodb/Fang2022Conservation_H20.30.001.STG.4000.expand.rep3.h5ad
Toycat/SToCorpus-88M,6f699f128416e8d55d6ab74976e964caec98b157,sodb/Fang2022Conservation_H22.26.401.MTG.250.unexpand.rep1.h5ad,4993903,710b6f7c5b7ed12caebff615e25da6440363933b4175935995e21bf4a1ee121b,https://huggingface.co/datasets/Toycat/SToCorpus-88M/resolve/6f699f128416e8d55d6ab74976e964caec98b157/sodb/Fang2022Conservation_H22.26.401.MTG.250.unexpand.rep1.h5ad
Toycat/SToCorpus-88M,6f699f128416e8d55d6ab74976e964caec98b157,sodb/Fang2022Conservation_H22.26.401.MTG.4000.expand.rep1.h5ad,14670045,4a9b1871fa3cc6adf699e5214e6be4d9bd4b0b2908d787b6b345d0d0ec49ba8b,https://huggingface.co/datasets/Toycat/SToCorpus-88M/resolve/6f699f128416e8d55d6ab74976e964caec98b157/sodb/Fang2022Conservation_H22.26.401.MTG.4000.expand.rep1.h5ad
Toycat/SToCorpus-88M,6f699f128416e8d55d6ab74976e964caec98b157,sodb/Fang2022Conservation_H22.26.401.MTG.4000.expand.rep2.h5ad,10656008,7af28c6a5884c0559f8452c6b4a9ed1d767864e78b766a92cec590aef76107c6,https://huggingface.co/datasets/Toycat/SToCorpus-88M/resolve/6f699f128416e8d55d6ab74976e964caec98b157/sodb/Fang2022Conservation_H22.26.401.MTG.4000.expand.rep2.h5ad
Toycat/SToCorpus-88M,6f699f128416e8d55d6ab74976e964caec98b157,sodb/Fang2022Conservation_mouse1.AUD_TEA_VIS.242.unexpand.h5ad,12322102,e7f57255ec592076551e8c19f2578924cbb14710bff0a6f8fecc0f32d881883d,https://huggingface.co/datasets/Toycat/SToCorpus-88M/resolve/6f699f128416e8d55d6ab74976e964caec98b157/sodb/Fang2022Conservation_mouse1.AUD_TEA_VIS.242.unexpand.h5ad
Toycat/SToCorpus-88M,6f699f128416e8d55d6ab74976e964caec98b157,sodb/Fang2022Conservation_mouse2.AUD_TEA_VIS.242.unexpand.h5ad,12236482,0615464c51c2161e2d45dbada73077f1e3930f6d4bfb3f0d35baa1f60cc07062,https://huggingface.co/datasets/Toycat/SToCorpus-88M/resolve/6f699f128416e8d55d6ab74976e964caec98b157/sodb/Fang2022Conservation_mouse2.AUD_TEA_VIS.242.unexpand.h5ad
Toycat/SToCorpus-88M,6f699f128416e8d55d6ab74976e964caec98b157,sodb/Fu2021Unsupervised_StereoSeq_MOB.h5ad,65648400,b211afeaf290f45cf18f00eb35ec2332010927247577f3e164c10da008d60998,https://huggingface.co/datasets/Toycat/SToCorpus-88M/resolve/6f699f128416e8d55d6ab74976e964caec98b157/sodb/Fu2021Unsupervised_StereoSeq_MOB.h5ad
Toycat/SToCorpus-88M,6f699f128416e8d55d6ab74976e964caec98b157,sodb/Marshall2022High_human_Puck_200104_15.h5ad,63106960,7745d719c395137480594cd80d9c799aacbec39a25d546ab544d9e54460d03f9,https://huggingface.co/datasets/Toycat/SToCorpus-88M/resolve/6f699f128416e8d55d6ab74976e964caec98b157/sodb/Marshall2022High_human_Puck_200104_15.h5ad
Toycat/SToCorpus-88M,6f699f128416e8d55d6ab74976e964caec98b157,sodb/Marshall2022High_human_Puck_200104_16.h5ad,37582994,9f1276df7bbe944a7a4ec592ab1d8d4d0dafa28af4d6bb67e6cb0ffd0932dc52,https://huggingface.co/datasets/Toycat/SToCorpus-88M/resolve/6f699f128416e8d55d6ab74976e964caec98b157/sodb/Marshall2022High_human_Puck_200104_16.h5ad
Toycat/SToCorpus-88M,6f699f128416e8d55d6ab74976e964caec98b157,sodb/Marshall2022High_human_Puck_200104_17.h5ad,55557788,6dd53b7a822173a7fc14f1b310c1368a09357143736ae0dd315985bc772c8edb,https://huggingface.co/datasets/Toycat/SToCorpus-88M/resolve/6f699f128416e8d55d6ab74976e964caec98b157/sodb/Marshall2022High_human_Puck_200104_17.h5ad
Toycat/SToCorpus-88M,6f699f128416e8d55d6ab74976e964caec98b157,sodb/Marshall2022High_human_Puck_200104_18.h5ad,55755714,c8a75c1012894b691ac1dc6f25f8bc3d2297f18acb2970a7c72da68cd796a391,https://huggingface.co/datasets/Toycat/SToCorpus-88M/resolve/6f699f128416e8d55d6ab74976e964caec98b157/sodb/Marshall2022High_human_Puck_200104_18.h5ad
Toycat/SToCorpus-88M,6f699f128416e8d55d6ab74976e964caec98b157,sodb/Marshall2022High_human_Puck_200104_19.h5ad,50915572,017be9cc55373196d57f671b38af2112358735427a77749c515b182a404021ee,https://huggingface.co/datasets/Toycat/SToCorpus-88M/resolve/6f699f128416e8d55d6ab74976e964caec98b157/sodb/Marshall2022High_human_Puck_200104_19.h5ad
Toycat/SToCorpus-88M,6f699f128416e8d55d6ab74976e964caec98b157,sodb/Marshall2022High_human_Puck_200104_20.h5ad,61640756,d7a4e7274404d5339bd0120c4faa002aad8efdf6f7cac4c741c2a61520b8a480,https://huggingface.co/datasets/Toycat/SToCorpus-88M/resolve/6f699f128416e8d55d6ab74976e964caec98b157/sodb/Marshall2022High_human_Puck_200104_20.h5ad
Toycat/SToCorpus-88M,6f699f128416e8d55d6ab74976e964caec98b157,sodb/Marshall2022High_human_Puck_200104_21.h5ad,38152054,5269437ccef6e8759f186ca6cb8d1bbdb2026e377fe38a37aa74c02f45ef6586,https://huggingface.co/datasets/Toycat/SToCorpus-88M/resolve/6f699f128416e8d55d6ab74976e964caec98b157/sodb/Marshall2022High_human_Puck_200104_21.h5ad
Toycat/SToCorpus-88M,6f699f128416e8d55d6ab74976e964caec98b157,sodb/Marshall2022High_human_Puck_200104_23.h5ad,37967342,8ea7e001254465b9c50ce9285e1fb02121a27c6ea2713a93cf369187b62ec933,https://huggingface.co/datasets/Toycat/SToCorpus-88M/resolve/6f699f128416e8d55d6ab74976e964caec98b157/sodb/Marshall2022High_human_Puck_200104_23.h5ad
Toycat/SToCorpus-88M,6f699f128416e8d55d6ab74976e964caec98b157,sodb/Marshall2022High_human_Puck_200113_07.h5ad,19504812,6f85d63d2f6684d690d0b9d9c8cebc1eb3c1ad7a7fa28c152d1819f768401c4f,https://huggingface.co/datasets/Toycat/SToCorpus-88M/resolve/6f699f128416e8d55d6ab74976e964caec98b157/sodb/Marshall2022High_human_Puck_200113_07.h5ad
Toycat/SToCorpus-88M,6f699f128416e8d55d6ab74976e964caec98b157,sodb/Marshall2022High_human_Puck_200113_08.h5ad,37184306,2cd9d13271965256d483924b809da3f28a91cb43169791759f81b8f3394d8d13,https://huggingface.co/datasets/Toycat/SToCorpus-88M/resolve/6f699f128416e8d55d6ab74976e964caec98b157/sodb/Marshall2022High_human_Puck_200113_08.h5ad
Toycat/SToCorpus-88M,6f699f128416e8d55d6ab74976e964caec98b157,sodb/Marshall2022High_human_Puck_200113_11.h5ad,35338674,5ae5a44b6427613cc90e1c1e1d51a894e4ae42021618bee5d387b9281eab7764,https://huggingface.co/datasets/Toycat/SToCorpus-88M/resolve/6f699f128416e8d55d6ab74976e964caec98b157/sodb/Marshall2022High_human_Puck_200113_11.h5ad
Toycat/SToCorpus-88M,6f699f128416e8d55d6ab74976e964caec98b157,sodb/Marshall2022High_human_Puck_200113_12.h5ad,26297550,0ff6f7da12d7cd9fc7a2b462e7d60bd072c44e2bd0590d09309456adf68b9f1b,https://huggingface.co/datasets/Toycat/SToCorpus-88M/resolve/6f699f128416e8d55d6ab74976e964caec98b157/sodb/Marshall2022High_human_Puck_200113_12.h5ad
Toycat/SToCorpus-88M,6f699f128416e8d55d6ab74976e964caec98b157,sodb/Marshall2022High_human_Puck_200115_01.h5ad,81655022,1c8914984716a4f142a5810140d4ba87f3ff94f2a22081fcc48176998e5d02a9,https://huggingface.co/datasets/Toycat/SToCorpus-88M/resolve/6f699f128416e8d55d6ab74976e964caec98b157/sodb/Marshall2022High_human_Puck_200115_01.h5ad
Toycat/SToCorpus-88M,6f699f128416e8d55d6ab74976e964caec98b157,sodb/Marshall2022High_human_Puck_200115_02.h5ad,58183126,2f11cb1c8fb3811b1c5e0cb0fdd0e9e5ca337903f7a743501b4553990b105d11,https://huggingface.co/datasets/Toycat/SToCorpus-88M/resolve/6f699f128416e8d55d6ab74976e964caec98b157/sodb/Marshall2022High_human_Puck_200115_02.h5ad
Toycat/SToCorpus-88M,6f699f128416e8d55d6ab74976e964caec98b157,sodb/Marshall2022High_human_Puck_200115_03.h5ad,73898498,3b8a924789ae679e1bfa172c10b206fa27eb9a5e80c35ddcf2f982dbad832b93,https://huggingface.co/datasets/Toycat/SToCorpus-88M/resolve/6f699f128416e8d55d6ab74976e964caec98b157/sodb/Marshall2022High_human_Puck_200115_03.h5ad
Toycat/SToCorpus-88M,6f699f128416e8d55d6ab74976e964caec98b157,sodb/Marshall2022High_human_Puck_200115_04.h5ad,104277312,7ff2b1134f62f73e63e80ea7fbfabb6919958184f7329e33e4ef65507ba5b6ae,https://huggingface.co/datasets/Toycat/SToCorpus-88M/resolve/6f699f128416e8d55d6ab74976e964caec98b157/sodb/Marshall2022High_human_Puck_200115_04.h5ad
Toycat/SToCorpus-88M,6f699f128416e8d55d6ab74976e964caec98b157,sodb/Marshall2022High_human_Puck_200115_05.h5ad,79819118,1d926482b15e11ebd2de01cc6f097e9c95130b2b482c7ea46a33523f100f6a2d,https://huggingface.co/datasets/Toycat/SToCorpus-88M/resolve/6f699f128416e8d55d6ab74976e964caec98b157/sodb/Marshall2022High_human_Puck_200115_05.h5ad
Toycat/SToCorpus-88M,6f699f128416e8d55d6ab74976e964caec98b157,sodb/Marshall2022High_human_Puck_200115_06.h5ad,68878270,7c3dcbccf1712c3c085a4c3bb5bacd86414a1b7744bdd6e8dffa077ca51bf2de,https://huggingface.co/datasets/Toycat/SToCorpus-88M/resolve/6f699f128416e8d55d6ab74976e964caec98b157/sodb/Marshall2022High_human_Puck_200115_06.h5ad
Toycat/SToCorpus-88M,6f699f128416e8d55d6ab74976e964caec98b157,sodb/Marshall2022High_human_Puck_200115_07.h5ad,87941634,0ca6e4a98fc01bcd3ab1657ba2dc8987d70d289668d5cfa059aecaa7bea18fac,https://huggingface.co/datasets/Toycat/SToCorpus-88M/resolve/6f699f128416e8d55d6ab74976e964caec98b157/sodb/Marshall2022High_human_Puck_200115_07.h5ad
Toycat/SToCorpus-88M,6f699f128416e8d55d6ab74976e964caec98b157,sodb/Marshall2022High_human_Puck_200115_09.h5ad,92902054,58fbb8f307ff68d09d35bd63432bdb49b553dd15adf26f0076260612ceafcab4,https://huggingface.co/datasets/Toycat/SToCorpus-88M/resolve/6f699f128416e8d55d6ab74976e964caec98b157/sodb/Marshall2022High_human_Puck_200115_09.h5ad
Toycat/SToCorpus-88M,6f699f128416e8d55d6ab74976e964caec98b157,sodb/Marshall2022High_human_Puck_200115_10.h5ad,64922352,5b8888b185249f2787499e997a4f404e10524ebf5a935a95c54c06dc1990772c,https://huggingface.co/datasets/Toycat/SToCorpus-88M/resolve/6f699f128416e8d55d6ab74976e964caec98b157/sodb/Marshall2022High_human_Puck_200115_10.h5ad
Toycat/SToCorpus-88M,6f699f128416e8d55d6ab74976e964caec98b157,sodb/Marshall2022High_human_Puck_200115_11.h5ad,75538558,4a144c957df716ce209f71a217be465efb9c58da5c25dd5651a51fc3b91c2690,https://huggingface.co/datasets/Toycat/SToCorpus-88M/resolve/6f699f128416e8d55d6ab74976e964caec98b157/sodb/Marshall2022High_human_Puck_200115_11.h5ad
Toycat/SToCorpus-88M,6f699f128416e8d55d6ab74976e964caec98b157,sodb/Marshall2022High_human_Puck_200115_12.h5ad,78935262,86377e4d2bb528138eb71be9e23929fc49a784d39c2c1c8c67eca8aaf6f0848c,https://huggingface.co/datasets/Toycat/SToCorpus-88M/resolve/6f699f128416e8d55d6ab74976e964caec98b157/sodb/Marshall2022High_human_Puck_200115_12.h5ad
Toycat/SToCorpus-88M,6f699f128416e8d55d6ab74976e964caec98b157,sodb/Marshall2022High_human_Puck_200115_14.h5ad,76389976,808c5e9570b51fd5936cf6d7331cb8dfe9dfb5a585f8559f87c345564d3b39f6,https://huggingface.co/datasets/Toycat/SToCorpus-88M/resolve/6f699f128416e8d55d6ab74976e964caec98b157/sodb/Marshall2022High_human_Puck_200115_14.h5ad
Toycat/SToCorpus-88M,6f699f128416e8d55d6ab74976e964caec98b157,sodb/Marshall2022High_human_Puck_200115_15.h5ad,68657658,0ead5e0547f24aeddf626501900c0efd27f7918b0d0480f9af08ab29f964d66f,https://huggingface.co/datasets/Toycat/SToCorpus-88M/resolve/6f699f128416e8d55d6ab74976e964caec98b157/sodb/Marshall2022High_human_Puck_200115_15.h5ad
Toycat/SToCorpus-88M,6f699f128416e8d55d6ab74976e964caec98b157,sodb/Marshall2022High_human_Puck_200115_16.h5ad,54135518,faf13e211d1d9f60ddfb9f2afa0ae82011b7f1dd8e69864c04f31b2f55852e96,https://huggingface.co/datasets/Toycat/SToCorpus-88M/resolve/6f699f128416e8d55d6ab74976e964caec98b157/sodb/Marshall2022High_human_Puck_200115_16.h5ad
Toycat/SToCorpus-88M,6f699f128416e8d55d6ab74976e964caec98b157,sodb/Marshall2022High_human_Puck_200115_17.h5ad,60432782,e1785f44a62c644da70d160707d65dea5ca5eba24b1d3caa7ab3ffde4e74c1b7,https://huggingface.co/datasets/Toycat/SToCorpus-88M/resolve/6f699f128416e8d55d6ab74976e964caec98b157/sodb/Marshall2022High_human_Puck_200115_17.h5ad
Toycat/SToCorpus-88M,6f699f128416e8d55d6ab74976e964caec98b157,sodb/Marshall2022High_human_Puck_200115_18.h5ad,63182844,d765b1680a05a8311cab68db215a7acf0f99fc1e8b64e335e0f2607d2d056fc8,https://huggingface.co/datasets/Toycat/SToCorpus-88M/resolve/6f699f128416e8d55d6ab74976e964caec98b157/sodb/Marshall2022High_human_Puck_200115_18.h5ad
Toycat/SToCorpus-88M,6f699f128416e8d55d6ab74976e964caec98b157,sodb/Marshall2022High_human_Puck_200121_01.h5ad,46140214,d69099c4859b17e90cdbf068a95d8a141257a0681827ea4cf811cc03cb75c7c3,https://huggingface.co/datasets/Toycat/SToCorpus-88M/resolve/6f699f128416e8d55d6ab74976e964caec98b157/sodb/Marshall2022High_human_Puck_200121_01.h5ad
Toycat/SToCorpus-88M,6f699f128416e8d55d6ab74976e964caec98b157,sodb/Marshall2022High_human_Puck_200121_03.h5ad,47367210,4f63c39dd51bfc375958957e2b223a2eefe3017499e997cd3f152081ada512eb,https://huggingface.co/datasets/Toycat/SToCorpus-88M/resolve/6f699f128416e8d55d6ab74976e964caec98b157/sodb/Marshall2022High_human_Puck_200121_03.h5ad
Toycat/SToCorpus-88M,6f699f128416e8d55d6ab74976e964caec98b157,sodb/Marshall2022High_human_Puck_200131_24.h5ad,36926812,64cde33cd4dd218f83faeffa5c4525fd6cd348b6f486331bfb64b24b3ee14e78,https://huggingface.co/datasets/Toycat/SToCorpus-88M/resolve/6f699f128416e8d55d6ab74976e964caec98b157/sodb/Marshall2022High_human_Puck_200131_24.h5ad
Toycat/SToCorpus-88M,6f699f128416e8d55d6ab74976e964caec98b157,sodb/Marshall2022High_human_Puck_200131_25.h5ad,25386298,62cf9d0224aa545dcf8be5d0a5cc3514c9e96e7d3c0a82b911a6d9198dfc572e,https://huggingface.co/datasets/Toycat/SToCorpus-88M/resolve/6f699f128416e8d55d6ab74976e964caec98b157/sodb/Marshall2022High_human_Puck_200131_25.h5ad
Toycat/SToCorpus-88M,6f699f128416e8d55d6ab74976e964caec98b157,sodb/Marshall2022High_human_Puck_200131_26.h5ad,48725181,79ccf283791c617f64c48eeb707e5e97936278122f2aac3002181ac8996ae302,https://huggingface.co/datasets/Toycat/SToCorpus-88M/resolve/6f699f128416e8d55d6ab74976e964caec98b157/sodb/Marshall2022High_human_Puck_200131_26.h5ad
Toycat/SToCorpus-88M,6f699f128416e8d55d6ab74976e964caec98b157,sodb/Marshall2022High_human_Puck_200205_13.h5ad,27435519,468a23bd3509feeceec2d9089ff431946002af42403d2807a90572a670202f85,https://huggingface.co/datasets/Toycat/SToCorpus-88M/resolve/6f699f128416e8d55d6ab74976e964caec98b157/sodb/Marshall2022High_human_Puck_200205_13.h5ad
Toycat/SToCorpus-88M,6f699f128416e8d55d6ab74976e964caec98b157,sodb/Marshall2022High_human_Puck_200205_16.h5ad,27754603,34816a607a05dd725602425991205c22730e274c6fb048410a338ba24cb7cfb0,https://huggingface.co/datasets/Toycat/SToCorpus-88M/resolve/6f699f128416e8d55d6ab74976e964caec98b157/sodb/Marshall2022High_human_Puck_200205_16.h5ad
Toycat/SToCorpus-88M,6f699f128416e8d55d6ab74976e964caec98b157,sodb/Marshall2022High_human_Puck_200205_17.h5ad,23866553,2b3d8e50900059e2fede84a9a89ae4870d3b5f01cd97e1403a395f4d18f92c36,https://huggingface.co/datasets/Toycat/SToCorpus-88M/resolve/6f699f128416e8d55d6ab74976e964caec98b157/sodb/Marshall2022High_human_Puck_200205_17.h5ad
Toycat/SToCorpus-88M,6f699f128416e8d55d6ab74976e964caec98b157,sodb/Marshall2022High_human_Puck_200205_18.h5ad,31517996,7a1697b5016890a83796d9daceb248456a616c43fb3897834b1540514ae511de,https://huggingface.co/datasets/Toycat/SToCorpus-88M/resolve/6f699f128416e8d55d6ab74976e964caec98b157/sodb/Marshall2022High_human_Puck_200205_18.h5ad
Toycat/SToCorpus-88M,6f699f128416e8d55d6ab74976e964caec98b157,sodb/Marshall2022High_human_Puck_200205_19.h5ad,35090382,6c0296955cc6b710a49ea501aeb0bdbf7059c023a6aad3755c82c71fca7157b3,https://huggingface.co/datasets/Toycat/SToCorpus-88M/resolve/6f699f128416e8d55d6ab74976e964caec98b157/sodb/Marshall2022High_human_Puck_200205_19.h5ad
Toycat/SToCorpus-88M,6f699f128416e8d55d6ab74976e964caec98b157,sodb/Marshall2022High_human_Puck_200903_10.h5ad,84455820,1dd0006188e4e7ba28356db9aafc5783fd28568afcfc1c50c11c8364b4da5600,https://huggingface.co/datasets/Toycat/SToCorpus-88M/resolve/6f699f128416e8d55d6ab74976e964caec98b157/sodb/Marshall2022High_human_Puck_200903_10.h5ad
Toycat/SToCorpus-88M,6f699f128416e8d55d6ab74976e964caec98b157,sodb/Marshall2022High_human_Puck_200903_11.h5ad,88755866,cf196ccdffa27a72c89520d2ceef8b012475c12809b42e7b5a25aed45efd1acf,https://huggingface.co/datasets/Toycat/SToCorpus-88M/resolve/6f699f128416e8d55d6ab74976e964caec98b157/sodb/Marshall2022High_human_Puck_200903_11.h5ad
Toycat/SToCorpus-88M,6f699f128416e8d55d6ab74976e964caec98b157,sodb/Marshall2022High_human_Puck_200903_12.h5ad,102912789,a770d848cfc7ff06e68f708153c151b3007d270d599ed5d8edf94b4deebd29a1,https://huggingface.co/datasets/Toycat/SToCorpus-88M/resolve/6f699f128416e8d55d6ab74976e964caec98b157/sodb/Marshall2022High_human_Puck_200903_12.h5ad
Toycat/SToCorpus-88M,6f699f128416e8d55d6ab74976e964caec98b157,sodb/Marshall2022High_human_Puck_200903_13.h5ad,140583882,7b41f2d04e1187ca593d5456337738d1ba9539f371039a8fc64afaa8b6f8aea6,https://huggingface.co/datasets/Toycat/SToCorpus-88M/resolve/6f699f128416e8d55d6ab74976e964caec98b157/sodb/Marshall2022High_human_Puck_200903_13.h5ad
Toycat/SToCorpus-88M,6f699f128416e8d55d6ab74976e964caec98b157,sodb/Marshall2022High_mouse_Puck_191109_07.h5ad,48560234,b414c0afee5b4ac70e6380207f0abdfd9b012438e7f5df95462a96e63592309a,https://huggingface.co/datasets/Toycat/SToCorpus-88M/resolve/6f699f128416e8d55d6ab74976e964caec98b157/sodb/Marshall2022High_mouse_Puck_191109_07.h5ad
Toycat/SToCorpus-88M,6f699f128416e8d55d6ab74976e964caec98b157,sodb/Marshall2022High_mouse_Puck_191109_08.h5ad,33008650,cd4aa67bb8a2b301d89e2c5ed989e1980dd52030309c838fd7da9309ea9ff6db,https://huggingface.co/datasets/Toycat/SToCorpus-88M/resolve/6f699f128416e8d55d6ab74976e964caec98b157/sodb/Marshall2022High_mouse_Puck_191109_08.h5ad
Toycat/SToCorpus-88M,6f699f128416e8d55d6ab74976e964caec98b157,sodb/Marshall2022High_mouse_Puck_191109_09.h5ad,42034589,e40ddd2b7ee95779079ec1c6d1c8617e633517d6b56c38f634fa437aa4221f5e,https://huggingface.co/datasets/Toycat/SToCorpus-88M/resolve/6f699f128416e8d55d6ab74976e964caec98b157/sodb/Marshall2022High_mouse_Puck_191109_09.h5ad
Toycat/SToCorpus-88M,6f699f128416e8d55d6ab74976e964caec98b157,sodb/Marshall2022High_mouse_Puck_191109_10.h5ad,23114592,7adcedae74b07f659324f7b0a86c16ba1d8efd5bc47d2a23c19c55ab95a5ae01,https://huggingface.co/datasets/Toycat/SToCorpus-88M/resolve/6f699f128416e8d55d6ab74976e964caec98b157/sodb/Marshall2022High_mouse_Puck_191109_10.h5ad
Toycat/SToCorpus-88M,6f699f128416e8d55d6ab74976e964caec98b157,sodb/Marshall2022High_mouse_Puck_191109_14.h5ad,17194105,76e378bd3ed0b1986ab59f6b945226adb41547fc9ccc2d126747f26849635bb0,https://huggingface.co/datasets/Toycat/SToCorpus-88M/resolve/6f699f128416e8d55d6ab74976e964caec98b157/sodb/Marshall2022High_mouse_Puck_191109_14.h5ad
Toycat/SToCorpus-88M,6f699f128416e8d55d6ab74976e964caec98b157,sodb/Marshall2022High_mouse_Puck_191109_18.h5ad,18555348,2b52cfbb57bbd8811f07f31e2deb22751f03df6c1a654faa211476c9d592053f,https://huggingface.co/datasets/Toycat/SToCorpus-88M/resolve/6f699f128416e8d55d6ab74976e964caec98b157/sodb/Marshall2022High_mouse_Puck_191109_18.h5ad
Toycat/SToCorpus-88M,6f699f128416e8d55d6ab74976e964caec98b157,sodb/Marshall2022High_mouse_Puck_191109_19.h5ad,21148729,91f19071061ea8768c6d2e08f422eabf51699154f706b4acd474776a127c6320,https://huggingface.co/datasets/Toycat/SToCorpus-88M/resolve/6f699f128416e8d55d6ab74976e964caec98b157/sodb/Marshall2022High_mouse_Puck_191109_19.h5ad
Toycat/SToCorpus-88M,6f699f128416e8d55d6ab74976e964caec98b157,sodb/Marshall2022High_mouse_Puck_191109_20.h5ad,13156690,9a93e5e853c40f785411069bb729f67376f1440fbe9df8552567b5a30bee91d6,https://huggingface.co/datasets/Toycat/SToCorpus-88M/resolve/6f699f128416e8d55d6ab74976e964caec98b157/sodb/Marshall2022High_mouse_Puck_191109_20.h5ad
Toycat/SToCorpus-88M,6f699f128416e8d55d6ab74976e964caec98b157,sodb/Marshall2022High_mouse_Puck_191112_02.h5ad,46568616,c2a6096ff2048bec6e8136bd2a25db0c4d4448a02f2f06c5a312e1dd81dec21a,https://huggingface.co/datasets/Toycat/SToCorpus-88M/resolve/6f699f128416e8d55d6ab74976e964caec98b157/sodb/Marshall2022High_mouse_Puck_191112_02.h5ad
Toycat/SToCorpus-88M,6f699f128416e8d55d6ab74976e964caec98b157,sodb/Marshall2022High_mouse_Puck_191112_04.h5ad,28510394,bb1cd7fc9f1dad37935db3ea5e5aa1e824dfe08a7dadcee545465a8d4b874921,https://huggingface.co/datasets/Toycat/SToCorpus-88M/resolve/6f699f128416e8d55d6ab74976e964caec98b157/sodb/Marshall2022High_mouse_Puck_191112_04.h5ad
Toycat/SToCorpus-88M,6f699f128416e8d55d6ab74976e964caec98b157,sodb/Marshall2022High_mouse_Puck_191112_05.h5ad,12955932,9d9236c79074694ebff4d00cf49b7ed9af9fa96c2f21c770a10e96893825eabe,https://huggingface.co/datasets/Toycat/SToCorpus-88M/resolve/6f699f128416e8d55d6ab74976e964caec98b157/sodb/Marshall2022High_mouse_Puck_191112_05.h5ad
Toycat/SToCorpus-88M,6f699f128416e8d55d6ab74976e964caec98b157,sodb/Marshall2022High_mouse_Puck_191112_07.h5ad,25250631,a688b1caa6b9bdcc62e8d10912eacda31b2996e8721814b9bc4ac1ade571404a,https://huggingface.co/datasets/Toycat/SToCorpus-88M/resolve/6f699f128416e8d55d6ab74976e964caec98b157/sodb/Marshall2022High_mouse_Puck_191112_07.h5ad
Toycat/SToCorpus-88M,6f699f128416e8d55d6ab74976e964caec98b157,sodb/Marshall2022High_mouse_Puck_191112_08.h5ad,13156870,dca38d27e911f37e535a1f502822ea3e3f23ccd9d71098942d4b041559f6038e,https://huggingface.co/datasets/Toycat/SToCorpus-88M/resolve/6f699f128416e8d55d6ab74976e964caec98b157/sodb/Marshall2022High_mouse_Puck_191112_08.h5ad
Toycat/SToCorpus-88M,6f699f128416e8d55d6ab74976e964caec98b157,sodb/Marshall2022High_mouse_Puck_191112_13.h5ad,14199131,445bf3d17d02f1d14c02a97ae4e8118ea7d3af4f2b9daec7cbb3dde1a1642595,https://huggingface.co/datasets/Toycat/SToCorpus-88M/resolve/6f699f128416e8d55d6ab74976e964caec98b157/sodb/Marshall2022High_mouse_Puck_191112_13.h5ad
Toycat/SToCorpus-88M,6f699f128416e8d55d6ab74976e964caec98b157,sodb/Marshall2022High_mouse_Puck_191204_03.h5ad,68570114,e4e3642b5eb31efac96bfd09a0dc9ff48a557b9c99ab4d7c80527ae0b262cba2,https://huggingface.co/datasets/Toycat/SToCorpus-88M/resolve/6f699f128416e8d55d6ab74976e964caec98b157/sodb/Marshall2022High_mouse_Puck_191204_03.h5ad
Toycat/SToCorpus-88M,6f699f128416e8d55d6ab74976e964caec98b157,sodb/Marshall2022High_mouse_Puck_191204_04.h5ad,81916339,f975346ccc8714abd8344f817e7f33516be035ee9d0572b8cbd393ca75d67ee9,https://huggingface.co/datasets/Toycat/SToCorpus-88M/resolve/6f699f128416e8d55d6ab74976e964caec98b157/sodb/Marshall2022High_mouse_Puck_191204_04.h5ad
Toycat/SToCorpus-88M,6f699f128416e8d55d6ab74976e964caec98b157,sodb/Marshall2022High_mouse_Puck_191204_05.h5ad,77185553,da071d3cd7e98f3b6358d517f6dc3a8694baa1f364a2aeca29381e09f93d6dc9,https://huggingface.co/datasets/Toycat/SToCorpus-88M/resolve/6f699f128416e8d55d6ab74976e964caec98b157/sodb/Marshall2022High_mouse_Puck_191204_05.h5ad
Toycat/SToCorpus-88M,6f699f128416e8d55d6ab74976e964caec98b157,sodb/Marshall2022High_mouse_Puck_191204_07.h5ad,73885954,8ff835292de2ae4ca39b1415a4e37ba41306aaa1affb952400beb73041d83f5e,https://huggingface.co/datasets/Toycat/SToCorpus-88M/resolve/6f699f128416e8d55d6ab74976e964caec98b157/sodb/Marshall2022High_mouse_Puck_191204_07.h5ad
Toycat/SToCorpus-88M,6f699f128416e8d55d6ab74976e964caec98b157,sodb/Marshall2022High_mouse_Puck_191204_08.h5ad,55611046,2d1b24df9e6dc9d30f0a6f9a5dce7f23fc3a6a0e86d9ec10836c859c77faf11d,https://huggingface.co/datasets/Toycat/SToCorpus-88M/resolve/6f699f128416e8d55d6ab74976e964caec98b157/sodb/Marshall2022High_mouse_Puck_191204_08.h5ad
Toycat/SToCorpus-88M,6f699f128416e8d55d6ab74976e964caec98b157,sodb/Marshall2022High_mouse_Puck_191204_09.h5ad,34088886,e72d1afbd3d10ecd5dc30e91bcf0607091485b95e9d9facd5695c29cbd1310d8,https://huggingface.co/datasets/Toycat/SToCorpus-88M/resolve/6f699f128416e8d55d6ab74976e964caec98b157/sodb/Marshall2022High_mouse_Puck_191204_09.h5ad
Toycat/SToCorpus-88M,6f699f128416e8d55d6ab74976e964caec98b157,sodb/Marshall2022High_mouse_Puck_191204_12.h5ad,76568038,eca766220f14b6b992746d384257d7ebd129a34f2fd72e65f61f3711d47bf716,https://huggingface.co/datasets/Toycat/SToCorpus-88M/resolve/6f699f128416e8d55d6ab74976e964caec98b157/sodb/Marshall2022High_mouse_Puck_191204_12.h5ad
Toycat/SToCorpus-88M,6f699f128416e8d55d6ab74976e964caec98b157,sodb/Marshall2022High_mouse_Puck_191204_13.h5ad,83311146,66d4739c01d3797f5c351b94062c63a9918cf11fe07f46fa16a93181c0d4f968,https://huggingface.co/datasets/Toycat/SToCorpus-88M/resolve/6f699f128416e8d55d6ab74976e964caec98b157/sodb/Marshall2022High_mouse_Puck_191204_13.h5ad
Toycat/SToCorpus-88M,6f699f128416e8d55d6ab74976e964caec98b157,sodb/Marshall2022High_mouse_Puck_191204_14.h5ad,74080240,2e8e30e1ee493e671af1fa706f9d22559cf08dea2d7211d8c2d05e2ccaca8678,https://huggingface.co/datasets/Toycat/SToCorpus-88M/resolve/6f699f128416e8d55d6ab74976e964caec98b157/sodb/Marshall2022High_mouse_Puck_191204_14.h5ad
Toycat/SToCorpus-88M,6f699f128416e8d55d6ab74976e964caec98b157,sodb/Marshall2022High_mouse_Puck_191204_15.h5ad,79156184,ac00ea4df355d37626d3d98dad661ed0c8f52821450720bbb5bed2f54782ce9e,https://huggingface.co/datasets/Toycat/SToCorpus-88M/resolve/6f699f128416e8d55d6ab74976e964caec98b157/sodb/Marshall2022High_mouse_Puck_191204_15.h5ad
Toycat/SToCorpus-88M,6f699f128416e8d55d6ab74976e964caec98b157,sodb/Marshall2022High_mouse_Puck_191204_16.h5ad,75671500,0c19cc725d80ca1b942c26aa2d8e8e5241ae0bb5603b42e9b40dc5718700c141,https://huggingface.co/datasets/Toycat/SToCorpus-88M/resolve/6f699f128416e8d55d6ab74976e964caec98b157/sodb/Marshall2022High_mouse_Puck_191204_16.h5ad
Toycat/SToCorpus-88M,6f699f128416e8d55d6ab74976e964caec98b157,sodb/Marshall2022High_mouse_Puck_191204_17.h5ad,81648864,7510b92c135ea4b48311bd798c36d114951116056db0bc9fc5ca18a193ce1fa8,https://huggingface.co/datasets/Toycat/SToCorpus-88M/resolve/6f699f128416e8d55d6ab74976e964caec98b157/sodb/Marshall2022High_mouse_Puck_191204_17.h5ad
Toycat/SToCorpus-88M,6f699f128416e8d55d6ab74976e964caec98b157,sodb/Marshall2022High_mouse_Puck_191204_18.h5ad,22803238,80f2c7ad007cfd0342e37f55d84cc1e704cf88a4b122057a7ff889b65896f7ae,https://huggingface.co/datasets/Toycat/SToCorpus-88M/resolve/6f699f128416e8d55d6ab74976e964caec98b157/sodb/Marshall2022High_mouse_Puck_191204_18.h5ad
Toycat/SToCorpus-88M,6f699f128416e8d55d6ab74976e964caec98b157,sodb/Marshall2022High_mouse_Puck_191204_20.h5ad,55078818,9cf14ba6ed7ac7db1cf603b8a3be2e317a79e8e096bb777281c066cfd4ac208f,https://huggingface.co/datasets/Toycat/SToCorpus-88M/resolve/6f699f128416e8d55d6ab74976e964caec98b157/sodb/Marshall2022High_mouse_Puck_191204_20.h5ad
Toycat/SToCorpus-88M,6f699f128416e8d55d6ab74976e964caec98b157,sodb/Marshall2022High_mouse_Puck_191204_22.h5ad,82467196,9e472baf67708324bb722c9a8963eb7c9a959623e00c686d0f19d86703de56e0,https://huggingface.co/datasets/Toycat/SToCorpus-88M/resolve/6f699f128416e8d55d6ab74976e964caec98b157/sodb/Marshall2022High_mouse_Puck_191204_22.h5ad
Toycat/SToCorpus-88M,6f699f128416e8d55d6ab74976e964caec98b157,sodb/Marshall2022High_mouse_Puck_191204_23.h5ad,69132186,aed468981d83645b19668b22d5ca5622e579b6bf52df15354aa51517d26bd053,https://huggingface.co/datasets/Toycat/SToCorpus-88M/resolve/6f699f128416e8d55d6ab74976e964caec98b157/sodb/Marshall2022High_mouse_Puck_191204_23.h5ad
Toycat/SToCorpus-88M,6f699f128416e8d55d6ab74976e964caec98b157,sodb/Marshall2022High_mouse_Puck_191204_24.h5ad,39093564,ac0b788d4e09626b1e2c7be068bfabfc2ac212df078b575f8953192a61eb995b,https://huggingface.co/datasets/Toycat/SToCorpus-88M/resolve/6f699f128416e8d55d6ab74976e964caec98b157/sodb/Marshall2022High_mouse_Puck_191204_24.h5ad
Toycat/SToCorpus-88M,6f699f128416e8d55d6ab74976e964caec98b157,sodb/Marshall2022High_mouse_Puck_191206_01.h5ad,67492048,d3ee910533ac05efa9ab71d5779b93f19d892faee2608cc58c60a24ee4bbfd7b,https://huggingface.co/datasets/Toycat/SToCorpus-88M/resolve/6f699f128416e8d55d6ab74976e964caec98b157/sodb/Marshall2022High_mouse_Puck_191206_01.h5ad
Toycat/SToCorpus-88M,6f699f128416e8d55d6ab74976e964caec98b157,sodb/Marshall2022High_mouse_Puck_191206_02.h5ad,65864794,ca806a5fe447e2615d06a8f8ea56e370f953fb60e2cfcf34d0252332a67df928,https://huggingface.co/datasets/Toycat/SToCorpus-88M/resolve/6f699f128416e8d55d6ab74976e964caec98b157/sodb/Marshall2022High_mouse_Puck_191206_02.h5ad
Toycat/SToCorpus-88M,6f699f128416e8d55d6ab74976e964caec98b157,sodb/Marshall2022High_mouse_Puck_191206_03.h5ad,39808322,39381a72ed39f39f97311e9582da7754e2c97bdb03583458fa2210e1f0c21c07,https://huggingface.co/datasets/Toycat/SToCorpus-88M/resolve/6f699f128416e8d55d6ab74976e964caec98b157/sodb/Marshall2022High_mouse_Puck_191206_03.h5ad
Toycat/SToCorpus-88M,6f699f128416e8d55d6ab74976e964caec98b157,sodb/Marshall2022High_mouse_Puck_191206_04.h5ad,55740525,c4c117aefacefdea5735a7485c5de5c91cd2ddd2e7d30a70f0f0c429345e19be,https://huggingface.co/datasets/Toycat/SToCorpus-88M/resolve/6f699f128416e8d55d6ab74976e964caec98b157/sodb/Marshall2022High_mouse_Puck_191206_04.h5ad
Toycat/SToCorpus-88M,6f699f128416e8d55d6ab74976e964caec98b157,sodb/Marshall2022High_mouse_Puck_191223_01.h5ad,55408785,76e7257079ac9992c88e41033b173d7ae5a916f239d36e1034057c42c4003a44,https://huggingface.co/datasets/Toycat/SToCorpus-88M/resolve/6f699f128416e8d55d6ab74976e964caec98b157/sodb/Marshall2022High_mouse_Puck_191223_01.h5ad
Toycat/SToCorpus-88M,6f699f128416e8d55d6ab74976e964caec98b157,sodb/Marshall2022High_mouse_Puck_191223_02.h5ad,83348799,e59fc74a98100c3241f8fd568f874c3de7c7d315d42cb30799b9b9e3af0f2e50,https://huggingface.co/datasets/Toycat/SToCorpus-88M/resolve/6f699f128416e8d55d6ab74976e964caec98b157/sodb/Marshall2022High_mouse_Puck_191223_02.h5ad
Toycat/SToCorpus-88M,6f699f128416e8d55d6ab74976e964caec98b157,sodb/Marshall2022High_mouse_Puck_191223_03.h5ad,106537958,d79a2a4c44daaee31f42a63cba5d468858964abb937b7e35a8e912c2ea938d57,https://huggingface.co/datasets/Toycat/SToCorpus-88M/resolve/6f699f128416e8d55d6ab74976e964caec98b157/sodb/Marshall2022High_mouse_Puck_191223_03.h5ad
Toycat/SToCorpus-88M,6f699f128416e8d55d6ab74976e964caec98b157,sodb/Marshall2022High_mouse_Puck_191223_04.h5ad,77220516,96088d98c8f417eb1681999d073773e65ae28d6e23fc5dfa171bf844648717ec,https://huggingface.co/datasets/Toycat/SToCorpus-88M/resolve/6f699f128416e8d55d6ab74976e964caec98b157/sodb/Marshall2022High_mouse_Puck_191223_04.h5ad
Toycat/SToCorpus-88M,6f699f128416e8d55d6ab74976e964caec98b157,sodb/Marshall2022High_mouse_Puck_191223_05.h5ad,81911508,7b679f7a2f724b2cda2cac7b7acb240f0908d0b80247295c6c84f8fd54cef1e6,https://huggingface.co/datasets/Toycat/SToCorpus-88M/resolve/6f699f128416e8d55d6ab74976e964caec98b157/sodb/Marshall2022High_mouse_Puck_191223_05.h5ad
Toycat/SToCorpus-88M,6f699f128416e8d55d6ab74976e964caec98b157,sodb/Marshall2022High_mouse_Puck_191223_07.h5ad,50818297,d5d2bc74df124d1a5ea95d3ddab3239e1b7e19bdd10c74617344996a94727ef3,https://huggingface.co/datasets/Toycat/SToCorpus-88M/resolve/6f699f128416e8d55d6ab74976e964caec98b157/sodb/Marshall2022High_mouse_Puck_191223_07.h5ad
Toycat/SToCorpus-88M,6f699f128416e8d55d6ab74976e964caec98b157,sodb/Marshall2022High_mouse_Puck_191223_08.h5ad,60879939,dca200ccf807797f03032d3a62f9753e37765b9aff023d979dc5211fbb032a1b,https://huggingface.co/datasets/Toycat/SToCorpus-88M/resolve/6f699f128416e8d55d6ab74976e964caec98b157/sodb/Marshall2022High_mouse_Puck_191223_08.h5ad
Toycat/SToCorpus-88M,6f699f128416e8d55d6ab74976e964caec98b157,sodb/Marshall2022High_mouse_Puck_191223_09.h5ad,61493090,42d07c9d313d75d5e9981e024687409ad56f39ee9904e4267b4da37c0616e617,https://huggingface.co/datasets/Toycat/SToCorpus-88M/resolve/6f699f128416e8d55d6ab74976e964caec98b157/sodb/Marshall2022High_mouse_Puck_191223_09.h5ad
Toycat/SToCorpus-88M,6f699f128416e8d55d6ab74976e964caec98b157,sodb/Marshall2022High_mouse_Puck_191223_10.h5ad,38281979,544f3d2953564b056825c8052302036769e79c2d7d1bbb7b3be407df219edd08,https://huggingface.co/datasets/Toycat/SToCorpus-88M/resolve/6f699f128416e8d55d6ab74976e964caec98b157/sodb/Marshall2022High_mouse_Puck_191223_10.h5ad
Toycat/SToCorpus-88M,6f699f128416e8d55d6ab74976e964caec98b157,sodb/Marshall2022High_mouse_Puck_191223_11.h5ad,66231699,a4f2a01572c4b262bfc3c78101fdd1f2b9bc4710256c3a40093369e38f0d22d1,https://huggingface.co/datasets/Toycat/SToCorpus-88M/resolve/6f699f128416e8d55d6ab74976e964caec98b157/sodb/Marshall2022High_mouse_Puck_191223_11.h5ad
Toycat/SToCorpus-88M,6f699f128416e8d55d6ab74976e964caec98b157,sodb/Marshall2022High_mouse_Puck_191223_12.h5ad,54019922,53e6a78d5780717e44a423dc8b73e4fa3464fb18270fa029ae9a62f26bd45b45,https://huggingface.co/datasets/Toycat/SToCorpus-88M/resolve/6f699f128416e8d55d6ab74976e964caec98b157/sodb/Marshall2022High_mouse_Puck_191223_12.h5ad
Toycat/SToCorpus-88M,6f699f128416e8d55d6ab74976e964caec98b157,sodb/Marshall2022High_mouse_Puck_191223_13.h5ad,22938337,d087f8e1f252c44b29abfdb30a9815e355cd330772c03542d92d99758a613724,https://huggingface.co/datasets/Toycat/SToCorpus-88M/resolve/6f699f128416e8d55d6ab74976e964caec98b157/sodb/Marshall2022High_mouse_Puck_191223_13.h5ad
Toycat/SToCorpus-88M,6f699f128416e8d55d6ab74976e964caec98b157,sodb/Marshall2022High_mouse_Puck_191223_14.h5ad,63993478,aa337f690e47bf25185f85b96ff277986c0005a09e3ff21b907d683e8c607641,https://huggingface.co/datasets/Toycat/SToCorpus-88M/resolve/6f699f128416e8d55d6ab74976e964caec98b157/sodb/Marshall2022High_mouse_Puck_191223_14.h5ad
Toycat/SToCorpus-88M,6f699f128416e8d55d6ab74976e964caec98b157,sodb/Marshall2022High_mouse_Puck_191223_15.h5ad,129243254,aacf754da3bc224aafa162b2fab085709b5c3de367c53206c54673ed587590cb,https://huggingface.co/datasets/Toycat/SToCorpus-88M/resolve/6f699f128416e8d55d6ab74976e964caec98b157/sodb/Marshall2022High_mouse_Puck_191223_15.h5ad
Toycat/SToCorpus-88M,6f699f128416e8d55d6ab74976e964caec98b157,sodb/Marshall2022High_mouse_Puck_191223_17.h5ad,50105774,5021c5943ba73d067e6e917ac7cb63d557adbf4b1cfb7b25b0f68fcb856fc253,https://huggingface.co/datasets/Toycat/SToCorpus-88M/resolve/6f699f128416e8d55d6ab74976e964caec98b157/sodb/Marshall2022High_mouse_Puck_191223_17.h5ad
Toycat/SToCorpus-88M,6f699f128416e8d55d6ab74976e964caec98b157,sodb/Marshall2022High_mouse_Puck_191223_18.h5ad,84267961,ffca4e6d44f22e3982796bfb0533b73feb5e61f8384ca7b6b65f43b579e1ba58,https://huggingface.co/datasets/Toycat/SToCorpus-88M/resolve/6f699f128416e8d55d6ab74976e964caec98b157/sodb/Marshall2022High_mouse_Puck_191223_18.h5ad
Toycat/SToCorpus-88M,6f699f128416e8d55d6ab74976e964caec98b157,sodb/Marshall2022High_mouse_Puck_191223_19.h5ad,85510413,6a9ab966f2cd82bec7df23c202292c12b1e05ae9d20afbca588be218dc65af7e,https://huggingface.co/datasets/Toycat/SToCorpus-88M/resolve/6f699f128416e8d55d6ab74976e964caec98b157/sodb/Marshall2022High_mouse_Puck_191223_19.h5ad
Toycat/SToCorpus-88M,6f699f128416e8d55d6ab74976e964caec98b157,sodb/Marshall2022High_mouse_Puck_191223_20.h5ad,80165483,ae5ebe7f1dfcefbbcc9654dfcf8abe1572030596570d8b06e4808d9b9b537501,https://huggingface.co/datasets/Toycat/SToCorpus-88M/resolve/6f699f128416e8d55d6ab74976e964caec98b157/sodb/Marshall2022High_mouse_Puck_191223_20.h5ad
Toycat/SToCorpus-88M,6f699f128416e8d55d6ab74976e964caec98b157,sodb/Marshall2022High_mouse_Puck_191223_21.h5ad,82552584,bc2cd464f1cfdce7132e9ee9a9947bf77ad19008d60467448cae9235c33d197d,https://huggingface.co/datasets/Toycat/SToCorpus-88M/resolve/6f699f128416e8d55d6ab74976e964caec98b157/sodb/Marshall2022High_mouse_Puck_191223_21.h5ad
Toycat/SToCorpus-88M,6f699f128416e8d55d6ab74976e964caec98b157,sodb/Marshall2022High_mouse_Puck_191223_22.h5ad,81719179,9f8efa029d3716eacf4decd75464472eb9d97ddbc254480df1ca64c6a2e75cce,https://huggingface.co/datasets/Toycat/SToCorpus-88M/resolve/6f699f128416e8d55d6ab74976e964caec98b157/sodb/Marshall2022High_mouse_Puck_191223_22.h5ad
Toycat/SToCorpus-88M,6f699f128416e8d55d6ab74976e964caec98b157,sodb/Marshall2022High_mouse_Puck_191223_23.h5ad,81253631,2a713cd4607d608c6c7d9b2442fadb9a9533b516ae028a7e661d6b804296affd,https://huggingface.co/datasets/Toycat/SToCorpus-88M/resolve/6f699f128416e8d55d6ab74976e964caec98b157/sodb/Marshall2022High_mouse_Puck_191223_23.h5ad
Toycat/SToCorpus-88M,6f699f128416e8d55d6ab74976e964caec98b157,sodb/Marshall2022High_mouse_Puck_191223_24.h5ad,84231254,886abed81a7fcfd4b376ecdb9f07131912faff31529953d9a44eaf1e4607a5cf,https://huggingface.co/datasets/Toycat/SToCorpus-88M/resolve/6f699f128416e8d55d6ab74976e964caec98b157/sodb/Marshall2022High_mouse_Puck_191223_24.h5ad
Toycat/SToCorpus-88M,6f699f128416e8d55d6ab74976e964caec98b157,sodb/Marshall2022High_mouse_Puck_200102_09.h5ad,101716469,fa562033229a100524128bcd4165088361753aecfdf5469c3f90f401d20ac1b0,https://huggingface.co/datasets/Toycat/SToCorpus-88M/resolve/6f699f128416e8d55d6ab74976e964caec98b157/sodb/Marshall2022High_mouse_Puck_200102_09.h5ad
Toycat/SToCorpus-88M,6f699f128416e8d55d6ab74976e964caec98b157,sodb/Marshall2022High_mouse_Puck_200104_01.h5ad,77866770,9bd122044370b70b8d35d03d7b8717c702829ba6a4fde5344c76209466026292,https://huggingface.co/datasets/Toycat/SToCorpus-88M/resolve/6f699f128416e8d55d6ab74976e964caec98b157/sodb/Marshall2022High_mouse_Puck_200104_01.h5ad
Toycat/SToCorpus-88M,6f699f128416e8d55d6ab74976e964caec98b157,sodb/Marshall2022High_mouse_Puck_200104_02.h5ad,71046712,e4214d4f06c5cdbd67abe6a483b66f4964e373d9836781247a6b021fa2be3b0a,https://huggingface.co/datasets/Toycat/SToCorpus-88M/resolve/6f699f128416e8d55d6ab74976e964caec98b157/sodb/Marshall2022High_mouse_Puck_200104_02.h5ad
Toycat/SToCorpus-88M,6f699f128416e8d55d6ab74976e964caec98b157,sodb/Marshall2022High_mouse_Puck_200104_03.h5ad,36857033,011fe59cc29802729a33bddf50a7ff7e8815f463b5d0479f02e68790c5662376,https://huggingface.co/datasets/Toycat/SToCorpus-88M/resolve/6f699f128416e8d55d6ab74976e964caec98b157/sodb/Marshall2022High_mouse_Puck_200104_03.h5ad
Toycat/SToCorpus-88M,6f699f128416e8d55d6ab74976e964caec98b157,sodb/Marshall2022High_mouse_Puck_200104_04.h5ad,31577279,83f1c2afe05b6f5665f4905dbb77e446683b6c71483dc280b150b501bfcd1b80,https://huggingface.co/datasets/Toycat/SToCorpus-88M/resolve/6f699f128416e8d55d6ab74976e964caec98b157/sodb/Marshall2022High_mouse_Puck_200104_04.h5ad
Toycat/SToCorpus-88M,6f699f128416e8d55d6ab74976e964caec98b157,sodb/Marshall2022High_mouse_Puck_200104_05.h5ad,91210442,2596f78443d94e8d566809a49738b09a0b401f0897e030dc9a43727d24f8abd7,https://huggingface.co/datasets/Toycat/SToCorpus-88M/resolve/6f699f128416e8d55d6ab74976e964caec98b157/sodb/Marshall2022High_mouse_Puck_200104_05.h5ad
Toycat/SToCorpus-88M,6f699f128416e8d55d6ab74976e964caec98b157,sodb/Marshall2022High_mouse_Puck_200104_06.h5ad,87237426,5a8e8b3bc811bc91d01a238a43522f1045de18d3b9c19a1ff37c70d4e9b5ba3b,https://huggingface.co/datasets/Toycat/SToCorpus-88M/resolve/6f699f128416e8d55d6ab74976e964caec98b157/sodb/Marshall2022High_mouse_Puck_200104_06.h5ad
Toycat/SToCorpus-88M,6f699f128416e8d55d6ab74976e964caec98b157,sodb/Marshall2022High_mouse_Puck_200104_07.h5ad,84587314,72934052d9dc7bec07a6c2298cb97dce656283161ed7fa5f4247fca148e857b9,https://huggingface.co/datasets/Toycat/SToCorpus-88M/resolve/6f699f128416e8d55d6ab74976e964caec98b157/sodb/Marshall2022High_mouse_Puck_200104_07.h5ad
Toycat/SToCorpus-88M,6f699f128416e8d55d6ab74976e964caec98b157,sodb/Marshall2022High_mouse_Puck_200104_09.h5ad,94367238,28a2346c6d91f7cf5e5ed7c047a7ea16b66fa4fd7385cc291c70b73dc9a227f7,https://huggingface.co/datasets/Toycat/SToCorpus-88M/resolve/6f699f128416e8d55d6ab74976e964caec98b157/sodb/Marshall2022High_mouse_Puck_200104_09.h5ad
Toycat/SToCorpus-88M,6f699f128416e8d55d6ab74976e964caec98b157,sodb/Marshall2022High_mouse_Puck_200104_10.h5ad,51622571,44acc4223c77a124de62407b891c0cd8724dc92d38ad4a5420ae16ae0c9f8b0b,https://huggingface.co/datasets/Toycat/SToCorpus-88M/resolve/6f699f128416e8d55d6ab74976e964caec98b157/sodb/Marshall2022High_mouse_Puck_200104_10.h5ad
Toycat/SToCorpus-88M,6f699f128416e8d55d6ab74976e964caec98b157,sodb/Marshall2022High_mouse_Puck_200104_14.h5ad,72718579,3bde308bcaa62ec5ddf3ac4feaec878828e392163f85cc35ab74d38bac417b43,https://huggingface.co/datasets/Toycat/SToCorpus-88M/resolve/6f699f128416e8d55d6ab74976e964caec98b157/sodb/Marshall2022High_mouse_Puck_200104_14.h5ad
Toycat/SToCorpus-88M,6f699f128416e8d55d6ab74976e964caec98b157,sodb/Marshall2022High_mouse_Puck_200127_01.h5ad,56641292,8af6a31b699cc3e68889fc94728146bce1ba147a6ade1db15bc2cd5969d28d0f,https://huggingface.co/datasets/Toycat/SToCorpus-88M/resolve/6f699f128416e8d55d6ab74976e964caec98b157/sodb/Marshall2022High_mouse_Puck_200127_01.h5ad
Toycat/SToCorpus-88M,6f699f128416e8d55d6ab74976e964caec98b157,sodb/Marshall2022High_mouse_Puck_200127_05.h5ad,50636194,70cf7fda34606f91a72eab8f6c92d7f9eda6f9bc457e2fbf8553023cd0071e61,https://huggingface.co/datasets/Toycat/SToCorpus-88M/resolve/6f699f128416e8d55d6ab74976e964caec98b157/sodb/Marshall2022High_mouse_Puck_200127_05.h5ad
Toycat/SToCorpus-88M,6f699f128416e8d55d6ab74976e964caec98b157,sodb/Marshall2022High_mouse_Puck_200127_06.h5ad,58997066,3014dd270200653079d0ce24b2f0ec733f32ca9d9b504b6a6341eb819dea0189,https://huggingface.co/datasets/Toycat/SToCorpus-88M/resolve/6f699f128416e8d55d6ab74976e964caec98b157/sodb/Marshall2022High_mouse_Puck_200127_06.h5ad
Toycat/SToCorpus-88M,6f699f128416e8d55d6ab74976e964caec98b157,sodb/Marshall2022High_mouse_Puck_200127_07.h5ad,40316209,12dff3381b4e3f6cd20bd8cd4890fc10740c344733f496552422ca924469b7c6,https://huggingface.co/datasets/Toycat/SToCorpus-88M/resolve/6f699f128416e8d55d6ab74976e964caec98b157/sodb/Marshall2022High_mouse_Puck_200127_07.h5ad
Toycat/SToCorpus-88M,6f699f128416e8d55d6ab74976e964caec98b157,sodb/Marshall2022High_mouse_Puck_200127_08.h5ad,64673742,3712ec4ae08713c2faae76ffbce551808ccdd562eb988035393fbfbfb96f2200,https://huggingface.co/datasets/Toycat/SToCorpus-88M/resolve/6f699f128416e8d55d6ab74976e964caec98b157/sodb/Marshall2022High_mouse_Puck_200127_08.h5ad
Toycat/SToCorpus-88M,6f699f128416e8d55d6ab74976e964caec98b157,sodb/Marshall2022High_mouse_Puck_200127_09.h5ad,50444374,266398a0401333735c1776000c2da1b126a48da95c81db99cea715038a677964,https://huggingface.co/datasets/Toycat/SToCorpus-88M/resolve/6f699f128416e8d55d6ab74976e964caec98b157/sodb/Marshall2022High_mouse_Puck_200127_09.h5ad
Toycat/SToCorpus-88M,6f699f128416e8d55d6ab74976e964caec98b157,sodb/Marshall2022High_mouse_Puck_200127_10.h5ad,44539776,feab4fe1d317e88ad6bbf428cac42f41c40ffc62fcce2a588dec9313a0386be5,https://huggingface.co/datasets/Toycat/SToCorpus-88M/resolve/6f699f128416e8d55d6ab74976e964caec98b157/sodb/Marshall2022High_mouse_Puck_200127_10.h5ad
Toycat/SToCorpus-88M,6f699f128416e8d55d6ab74976e964caec98b157,sodb/Marshall2022High_mouse_Puck_200131_13.h5ad,58800597,36b5a815f9f29cd6db089d1dfce163c35e7ec50867973e9112c3d9910074736c,https://huggingface.co/datasets/Toycat/SToCorpus-88M/resolve/6f699f128416e8d55d6ab74976e964caec98b157/sodb/Marshall2022High_mouse_Puck_200131_13.h5ad
Toycat/SToCorpus-88M,6f699f128416e8d55d6ab74976e964caec98b157,sodb/Marshall2022High_mouse_Puck_200131_20.h5ad,55650358,e57d32a526f64fedc94b35bad6958818940a653e6628d21e68da59797eafa05c,https://huggingface.co/datasets/Toycat/SToCorpus-88M/resolve/6f699f128416e8d55d6ab74976e964caec98b157/sodb/Marshall2022High_mouse_Puck_200131_20.h5ad
Toycat/SToCorpus-88M,6f699f128416e8d55d6ab74976e964caec98b157,sodb/Marshall2022High_mouse_Puck_200131_21.h5ad,51627038,7660a8b2c0a68f0173755bfd193698b3f5d2eccfb1bc9f7716f2a399c252ffc9,https://huggingface.co/datasets/Toycat/SToCorpus-88M/resolve/6f699f128416e8d55d6ab74976e964caec98b157/sodb/Marshall2022High_mouse_Puck_200131_21.h5ad
Toycat/SToCorpus-88M,6f699f128416e8d55d6ab74976e964caec98b157,sodb/Marshall2022High_mouse_Puck_200131_22.h5ad,43893943,a40a2d457edbf7829af3fc6626efbd4d4f4063514907046b7128f967757bd23e,https://huggingface.co/datasets/Toycat/SToCorpus-88M/resolve/6f699f128416e8d55d6ab74976e964caec98b157/sodb/Marshall2022High_mouse_Puck_200131_22.h5ad
Toycat/SToCorpus-88M,6f699f128416e8d55d6ab74976e964caec98b157,sodb/Marshall2022High_mouse_Puck_200131_23.h5ad,42232703,f093bd4203e805abfbecea5599b8c940de2424da171aeef118fdab510f762660,https://huggingface.co/datasets/Toycat/SToCorpus-88M/resolve/6f699f128416e8d55d6ab74976e964caec98b157/sodb/Marshall2022High_mouse_Puck_200131_23.h5ad
Toycat/SToCorpus-88M,6f699f128416e8d55d6ab74976e964caec98b157,sodb/Marshall2022High_mouse_Puck_200210_01.h5ad,78119366,354d336e28b654943ce7129d7c4e4b3901cc9496dcfeff3e02fe22e5dc8f4ada,https://huggingface.co/datasets/Toycat/SToCorpus-88M/resolve/6f699f128416e8d55d6ab74976e964caec98b157/sodb/Marshall2022High_mouse_Puck_200210_01.h5ad
Toycat/SToCorpus-88M,6f699f128416e8d55d6ab74976e964caec98b157,sodb/Marshall2022High_mouse_Puck_200210_02.h5ad,80374675,b2eaf684b919b160a40ebc0f1239cb4e7bb2148f44927edc4a881d67191070a0,https://huggingface.co/datasets/Toycat/SToCorpus-88M/resolve/6f699f128416e8d55d6ab74976e964caec98b157/sodb/Marshall2022High_mouse_Puck_200210_02.h5ad
Toycat/SToCorpus-88M,6f699f128416e8d55d6ab74976e964caec98b157,sodb/Marshall2022High_mouse_Puck_200210_03.h5ad,64915947,5c6166b234c02147502e706e41a0724883f8e8bf14b58c8f344b2fed58a5a4be,https://huggingface.co/datasets/Toycat/SToCorpus-88M/resolve/6f699f128416e8d55d6ab74976e964caec98b157/sodb/Marshall2022High_mouse_Puck_200210_03.h5ad
Toycat/SToCorpus-88M,6f699f128416e8d55d6ab74976e964caec98b157,sodb/Marshall2022High_mouse_Puck_200210_04.h5ad,39996528,6dbd150b515351135036590d4ccfe72f04426a0ddf7bd0b247e0713c1328f474,https://huggingface.co/datasets/Toycat/SToCorpus-88M/resolve/6f699f128416e8d55d6ab74976e964caec98b157/sodb/Marshall2022High_mouse_Puck_200210_04.h5ad
Toycat/SToCorpus-88M,6f699f128416e8d55d6ab74976e964caec98b157,sodb/Merfish_Visp_mouse_VISp.h5ad,2044621,3f3c2bb11b7efbccae547ee0b403c1473177533bec94e6545e1ddc4e76c3a210,https://huggingface.co/datasets/Toycat/SToCorpus-88M/resolve/6f699f128416e8d55d6ab74976e964caec98b157/sodb/Merfish_Visp_mouse_VISp.h5ad
Toycat/SToCorpus-88M,6f699f128416e8d55d6ab74976e964caec98b157,sodb/Zhang2023Amolecularly_rawcount_raw_counts_mouse1_coronal_co1_slice1.h5ad,5546244,4a43c63daefe069161778c022dd02a22b441b67422087b70d121312de62de5bc,https://huggingface.co/datasets/Toycat/SToCorpus-88M/resolve/6f699f128416e8d55d6ab74976e964caec98b157/sodb/Zhang2023Amolecularly_rawcount_raw_counts_mouse1_coronal_co1_slice1.h5ad
Toycat/SToCorpus-88M,6f699f128416e8d55d6ab74976e964caec98b157,sodb/Zhang2023Amolecularly_rawcount_raw_counts_mouse1_coronal_co1_slice10.h5ad,19444152,d6200e57f5338c77bca6c7683001d137fc82c459c9916dae053d4e812a33e2f2,https://huggingface.co/datasets/Toycat/SToCorpus-88M/resolve/6f699f128416e8d55d6ab74976e964caec98b157/sodb/Zhang2023Amolecularly_rawcount_raw_counts_mouse1_coronal_co1_slice10.h5ad
Toycat/SToCorpus-88M,6f699f128416e8d55d6ab74976e964caec98b157,sodb/Zhang2023Amolecularly_rawcount_raw_counts_mouse1_coronal_co1_slice11.h5ad,15646308,2998c9a95313fbbaea7173c28f995722d8a627911c3703f079a4b9273dedc6bf,https://huggingface.co/datasets/Toycat/SToCorpus-88M/resolve/6f699f128416e8d55d6ab74976e964caec98b157/sodb/Zhang2023Amolecularly_rawcount_raw_counts_mouse1_coronal_co1_slice11.h5ad
Toycat/SToCorpus-88M,6f699f128416e8d55d6ab74976e964caec98b157,sodb/Zhang2023Amolecularly_rawcount_raw_counts_mouse1_coronal_co1_slice12.h5ad,10483212,1eea3c45944d1b9dbe4707f777667fb141f9b752729ac89c849272a46abcffd0,https://huggingface.co/datasets/Toycat/SToCorpus-88M/resolve/6f699f128416e8d55d6ab74976e964caec98b157/sodb/Zhang2023Amolecularly_rawcount_raw_counts_mouse1_coronal_co1_slice12.h5ad
Toycat/SToCorpus-88M,6f699f128416e8d55d6ab74976e964caec98b157,sodb/Zhang2023Amolecularly_rawcount_raw_counts_mouse1_coronal_co1_slice13.h5ad,14434760,6fda88ee4091cb959c507960c02044238e3c9dfaac0b24db1fb0ff90a4171fe2,https://huggingface.co/datasets/Toycat/SToCorpus-88M/resolve/6f699f128416e8d55d6ab74976e964caec98b157/sodb/Zhang2023Amolecularly_rawcount_raw_counts_mouse1_coronal_co1_slice13.h5ad
Toycat/SToCorpus-88M,6f699f128416e8d55d6ab74976e964caec98b157,sodb/Zhang2023Amolecularly_rawcount_raw_counts_mouse1_coronal_co1_slice14.h5ad,16177124,e1668bde866f43021cf6e4d2cdcb9231e21705243a2ae0590aaf483436ed04fa,https://huggingface.co/datasets/Toycat/SToCorpus-88M/resolve/6f699f128416e8d55d6ab74976e964caec98b157/sodb/Zhang2023Amolecularly_rawcount_raw_counts_mouse1_coronal_co1_slice14.h5ad
Toycat/SToCorpus-88M,6f699f128416e8d55d6ab74976e964caec98b157,sodb/Zhang2023Amolecularly_rawcount_raw_counts_mouse1_coronal_co1_slice15.h5ad,17207608,2b44856c8ff8567da3874cb362b970dbab367186dc1b9dd1dfc10f3146c14570,https://huggingface.co/datasets/Toycat/SToCorpus-88M/resolve/6f699f128416e8d55d6ab74976e964caec98b157/sodb/Zhang2023Amolecularly_rawcount_raw_counts_mouse1_coronal_co1_slice15.h5ad
Toycat/SToCorpus-88M,6f699f128416e8d55d6ab74976e964caec98b157,sodb/Zhang2023Amolecularly_rawcount_raw_counts_mouse1_coronal_co1_slice16.h5ad,16094672,5faf63ae5730b5d1c0cdf95b867df811e77b10637811920a05a367bba8734d40,https://huggingface.co/datasets/Toycat/SToCorpus-88M/resolve/6f699f128416e8d55d6ab74976e964caec98b157/sodb/Zhang2023Amolecularly_rawcount_raw_counts_mouse1_coronal_co1_slice16.h5ad
Toycat/SToCorpus-88M,6f699f128416e8d55d6ab74976e964caec98b157,sodb/Zhang2023Amolecularly_rawcount_raw_counts_mouse1_coronal_co1_slice17.h5ad,13235364,3bdfe705fbdf25904b23ce3466b56a1d5671acbc3a52623a706cfc0f12aa3fe9,https://huggingface.co/datasets/Toycat/SToCorpus-88M/resolve/6f699f128416e8d55d6ab74976e964caec98b157/sodb/Zhang2023Amolecularly_rawcount_raw_counts_mouse1_coronal_co1_slice17.h5ad
Toycat/SToCorpus-88M,6f699f128416e8d55d6ab74976e964caec98b157,sodb/Zhang2023Amolecularly_rawcount_raw_counts_mouse1_coronal_co1_slice18.h5ad,20367416,71349caef3da744d6ef57455350fa1618015af008930b0df0d47335eb87803a1,https://huggingface.co/datasets/Toycat/SToCorpus-88M/resolve/6f699f128416e8d55d6ab74976e964caec98b157/sodb/Zhang2023Amolecularly_rawcount_raw_counts_mouse1_coronal_co1_slice18.h5ad
Toycat/SToCorpus-88M,6f699f128416e8d55d6ab74976e964caec98b157,sodb/Zhang2023Amolecularly_rawcount_raw_counts_mouse1_coronal_co1_slice19.h5ad,23646044,3a5890876c6eaf3b9c69d3d151b2f34fd3cee3eeb2736bbaf00651ba5c3e88ee,https://huggingface.co/datasets/Toycat/SToCorpus-88M/resolve/6f699f128416e8d55d6ab74976e964caec98b157/sodb/Zhang2023Amolecularly_rawcount_raw_counts_mouse1_coronal_co1_slice19.h5ad
Toycat/SToCorpus-88M,6f699f128416e8d55d6ab74976e964caec98b157,sodb/Zhang2023Amolecularly_rawcount_raw_counts_mouse1_coronal_co1_slice2.h5ad,6831568,29b2557551d7e1b0db176c98f08086d6bc15483bd32a0959ab648bcede714c24,https://huggingface.co/datasets/Toycat/SToCorpus-88M/resolve/6f699f128416e8d55d6ab74976e964caec98b157/sodb/Zhang2023Amolecularly_rawcount_raw_counts_mouse1_coronal_co1_slice2.h5ad
Toycat/SToCorpus-88M,6f699f128416e8d55d6ab74976e964caec98b157,sodb/Zhang2023Amolecularly_rawcount_raw_counts_mouse1_coronal_co1_slice20.h5ad,30781152,6a9e23dfb147280ff1bdc949dffc51875b6ce1d4191711cc14d553e0a0bbb13f,https://huggingface.co/datasets/Toycat/SToCorpus-88M/resolve/6f699f128416e8d55d6ab74976e964caec98b157/sodb/Zhang2023Amolecularly_rawcount_raw_counts_mouse1_coronal_co1_slice20.h5ad
Toycat/SToCorpus-88M,6f699f128416e8d55d6ab74976e964caec98b157,sodb/Zhang2023Amolecularly_rawcount_raw_counts_mouse1_coronal_co1_slice21.h5ad,25909988,d409a4e6ff1ee9d626127aabe52d099eba2c5e47a59bdc8ce279472861d4e168,https://huggingface.co/datasets/Toycat/SToCorpus-88M/resolve/6f699f128416e8d55d6ab74976e964caec98b157/sodb/Zhang2023Amolecularly_rawcount_raw_counts_mouse1_coronal_co1_slice21.h5ad
Toycat/SToCorpus-88M,6f699f128416e8d55d6ab74976e964caec98b157,sodb/Zhang2023Amolecularly_rawcount_raw_counts_mouse1_coronal_co1_slice22.h5ad,33764580,32910be8d6614004e34ff1ce078f8ae1201ee1559a8d0f0027a37e44266321a7,https://huggingface.co/datasets/Toycat/SToCorpus-88M/resolve/6f699f128416e8d55d6ab74976e964caec98b157/sodb/Zhang2023Amolecularly_rawcount_raw_counts_mouse1_coronal_co1_slice22.h5ad
Toycat/SToCorpus-88M,6f699f128416e8d55d6ab74976e964caec98b157,sodb/Zhang2023Amolecularly_rawcount_raw_counts_mouse1_coronal_co1_slice23.h5ad,29120644,3d65687cc70d0e91617b22431614465ae955eb9f640cc1f2ef82aa2587ffafa1,https://huggingface.co/datasets/Toycat/SToCorpus-88M/resolve/6f699f128416e8d55d6ab74976e964caec98b157/sodb/Zhang2023Amolecularly_rawcount_raw_counts_mouse1_coronal_co1_slice23.h5ad
Toycat/SToCorpus-88M,6f699f128416e8d55d6ab74976e964caec98b157,sodb/Zhang2023Amolecularly_rawcount_raw_counts_mouse1_coronal_co1_slice25.h5ad,53219288,c63cfd67887f17d02cc5c52ea3e3c4176b28bf8f1ba54a728e7fc961f1d9f667,https://huggingface.co/datasets/Toycat/SToCorpus-88M/resolve/6f699f128416e8d55d6ab74976e964caec98b157/sodb/Zhang2023Amolecularly_rawcount_raw_counts_mouse1_coronal_co1_slice25.h5ad
Toycat/SToCorpus-88M,6f699f128416e8d55d6ab74976e964caec98b157,sodb/Zhang2023Amolecularly_rawcount_raw_counts_mouse1_coronal_co1_slice26.h5ad,43383044,c6e226024ed3d92c5f25a4ec84fe0447bab683a9c10fb9609882b477fa94c55e,https://huggingface.co/datasets/Toycat/SToCorpus-88M/resolve/6f699f128416e8d55d6ab74976e964caec98b157/sodb/Zhang2023Amolecularly_rawcount_raw_counts_mouse1_coronal_co1_slice26.h5ad
Toycat/SToCorpus-88M,6f699f128416e8d55d6ab74976e964caec98b157,sodb/Zhang2023Amolecularly_rawcount_raw_counts_mouse1_coronal_co1_slice27.h5ad,40799920,750a60dfaf0162f71a1d854892b1d1e56c8576ad17ab25062939d003eca1ea1b,https://huggingface.co/datasets/Toycat/SToCorpus-88M/resolve/6f699f128416e8d55d6ab74976e964caec98b157/sodb/Zhang2023Amolecularly_rawcount_raw_counts_mouse1_coronal_co1_slice27.h5ad
Toycat/SToCorpus-88M,6f699f128416e8d55d6ab74976e964caec98b157,sodb/Zhang2023Amolecularly_rawcount_raw_counts_mouse1_coronal_co1_slice28.h5ad,37483776,a651c28638c3293e58089bdafef532d3f780be729e1f3f86c7863ee68f630f98,https://huggingface.co/datasets/Toycat/SToCorpus-88M/resolve/6f699f128416e8d55d6ab74976e964caec98b157/sodb/Zhang2023Amolecularly_rawcount_raw_counts_mouse1_coronal_co1_slice28.h5ad
Toycat/SToCorpus-88M,6f699f128416e8d55d6ab74976e964caec98b157,sodb/Zhang2023Amolecularly_rawcount_raw_counts_mouse1_coronal_co1_slice3.h5ad,10862244,f4ad0437b5a9ca9978c31a8b4f119d9bf5363a25e83fc334ca391a5f73b83d36,https://huggingface.co/datasets/Toycat/SToCorpus-88M/resolve/6f699f128416e8d55d6ab74976e964caec98b157/sodb/Zhang2023Amolecularly_rawcount_raw_counts_mouse1_coronal_co1_slice3.h5ad
Toycat/SToCorpus-88M,6f699f128416e8d55d6ab74976e964caec98b157,sodb/Zhang2023Amolecularly_rawcount_raw_counts_mouse1_coronal_co1_slice30.h5ad,54915932,bac4b847350836bba4ea5ff979f7d498b0bf4c775a61274eca7cf9c9a0101b17,https://huggingface.co/datasets/Toycat/SToCorpus-88M/resolve/6f699f128416e8d55d6ab74976e964caec98b157/sodb/Zhang2023Amolecularly_rawcount_raw_counts_mouse1_coronal_co1_slice30.h5ad
Toycat/SToCorpus-88M,6f699f128416e8d55d6ab74976e964caec98b157,sodb/Zhang2023Amolecularly_rawcount_raw_counts_mouse1_coronal_co1_slice31.h5ad,51634188,2942eb408bf84b0920de5cd4be2cd456daaa663621d84dce8eb2f200adae2fca,https://huggingface.co/datasets/Toycat/SToCorpus-88M/resolve/6f699f128416e8d55d6ab74976e964caec98b157/sodb/Zhang2023Amolecularly_rawcount_raw_counts_mouse1_coronal_co1_slice31.h5ad
Toycat/SToCorpus-88M,6f699f128416e8d55d6ab74976e964caec98b157,sodb/Zhang2023Amolecularly_rawcount_raw_counts_mouse1_coronal_co1_slice32.h5ad,45296220,b31d5d438742b367fec9712e530a914b601c9a258c9265a28cda8e890eed63ef,https://huggingface.co/datasets/Toycat/SToCorpus-88M/resolve/6f699f128416e8d55d6ab74976e964caec98b157/sodb/Zhang2023Amolecularly_rawcount_raw_counts_mouse1_coronal_co1_slice32.h5ad
Toycat/SToCorpus-88M,6f699f128416e8d55d6ab74976e964caec98b157,sodb/Zhang2023Amolecularly_rawcount_raw_counts_mouse1_coronal_co1_slice33.h5ad,38343944,e49aa495317eeda869dbfe4293ba5b9998ce009b9ed2f64450502f1a0eac6e86,https://huggingface.co/datasets/Toycat/SToCorpus-88M/resolve/6f699f128416e8d55d6ab74976e964caec98b157/sodb/Zhang2023Amolecularly_rawcount_raw_counts_mouse1_coronal_co1_slice33.h5ad
Toycat/SToCorpus-88M,6f699f128416e8d55d6ab74976e964caec98b157,sodb/Zhang2023Amolecularly_rawcount_raw_counts_mouse1_coronal_co1_slice34.h5ad,58590124,81c2fdef1d3995180a103aa1c6c0f977c7580d012ee1f647c9157d09d303af86,https://huggingface.co/datasets/Toycat/SToCorpus-88M/resolve/6f699f128416e8d55d6ab74976e964caec98b157/sodb/Zhang2023Amolecularly_rawcount_raw_counts_mouse1_coronal_co1_slice34.h5ad
Toycat/SToCorpus-88M,6f699f128416e8d55d6ab74976e964caec98b157,sodb/Zhang2023Amolecularly_rawcount_raw_counts_mouse1_coronal_co1_slice35.h5ad,46968120,a10c8ec05ec2676b3bb80403f14c9ae1c231fc971396738d8bd39ae41ddcd933,https://huggingface.co/datasets/Toycat/SToCorpus-88M/resolve/6f699f128416e8d55d6ab74976e964caec98b157/sodb/Zhang2023Amolecularly_rawcount_raw_counts_mouse1_coronal_co1_slice35.h5ad
Toycat/SToCorpus-88M,6f699f128416e8d55d6ab74976e964caec98b157,sodb/Zhang2023Amolecularly_rawcount_raw_counts_mouse1_coronal_co1_slice36.h5ad,40767072,753e578b5effb4a3897979ebcf80011541e7bc0870b89d4f3b1ffa9c5de4c7c0,https://huggingface.co/datasets/Toycat/SToCorpus-88M/resolve/6f699f128416e8d55d6ab74976e964caec98b157/sodb/Zhang2023Amolecularly_rawcount_raw_counts_mouse1_coronal_co1_slice36.h5ad
Toycat/SToCorpus-88M,6f699f128416e8d55d6ab74976e964caec98b157,sodb/Zhang2023Amolecularly_rawcount_raw_counts_mouse1_coronal_co1_slice37.h5ad,47847568,c3945ab4117a19410f528a9f6823e54ef5fe3b7a838a2c84ab2fa1135e24c300,https://huggingface.co/datasets/Toycat/SToCorpus-88M/resolve/6f699f128416e8d55d6ab74976e964caec98b157/sodb/Zhang2023Amolecularly_rawcount_raw_counts_mouse1_coronal_co1_slice37.h5ad
Toycat/SToCorpus-88M,6f699f128416e8d55d6ab74976e964caec98b157,sodb/Zhang2023Amolecularly_rawcount_raw_counts_mouse1_coronal_co1_slice39.h5ad,60783356,097d728bd5b966311c3663f01b708438bf0f18eca32a8bb33edde15cf72e9f76,https://huggingface.co/datasets/Toycat/SToCorpus-88M/resolve/6f699f128416e8d55d6ab74976e964caec98b157/sodb/Zhang2023Amolecularly_rawcount_raw_counts_mouse1_coronal_co1_slice39.h5ad
Toycat/SToCorpus-88M,6f699f128416e8d55d6ab74976e964caec98b157,sodb/Zhang2023Amolecularly_rawcount_raw_counts_mouse1_coronal_co1_slice4.h5ad,11713592,d864d31961c95f5e6b48dd985f0c5f1c55b5db291ecce41be50125bbec24f212,https://huggingface.co/datasets/Toycat/SToCorpus-88M/resolve/6f699f128416e8d55d6ab74976e964caec98b157/sodb/Zhang2023Amolecularly_rawcount_raw_counts_mouse1_coronal_co1_slice4.h5ad
Toycat/SToCorpus-88M,6f699f128416e8d55d6ab74976e964caec98b157,sodb/Zhang2023Amolecularly_rawcount_raw_counts_mouse1_coronal_co1_slice40.h5ad,50391600,9f6fdbc9864dbb6633e9b3e23955dfd1f77c0cd8fb4df533bee9915e06e7ffd6,https://huggingface.co/datasets/Toycat/SToCorpus-88M/resolve/6f699f128416e8d55d6ab74976e964caec98b157/sodb/Zhang2023Amolecularly_rawcount_raw_counts_mouse1_coronal_co1_slice40.h5ad
Toycat/SToCorpus-88M,6f699f128416e8d55d6ab74976e964caec98b157,sodb/Zhang2023Amolecularly_rawcount_raw_counts_mouse1_coronal_co1_slice41.h5ad,38931580,0c73ca7b62b1f36d2c9046b50e42631aaeca496cf784e86bc6097cb4aef960cb,https://huggingface.co/datasets/Toycat/SToCorpus-88M/resolve/6f699f128416e8d55d6ab74976e964caec98b157/sodb/Zhang2023Amolecularly_rawcount_raw_counts_mouse1_coronal_co1_slice41.h5ad
Toycat/SToCorpus-88M,6f699f128416e8d55d6ab74976e964caec98b157,sodb/Zhang2023Amolecularly_rawcount_raw_counts_mouse1_coronal_co1_slice41_p2.h5ad,17826064,5f4b48277adfd7b72ee631c9e308d0ca47a2c51f380b9803ce6a33da3d5264f0,https://huggingface.co/datasets/Toycat/SToCorpus-88M/resolve/6f699f128416e8d55d6ab74976e964caec98b157/sodb/Zhang2023Amolecularly_rawcount_raw_counts_mouse1_coronal_co1_slice41_p2.h5ad
Toycat/SToCorpus-88M,6f699f128416e8d55d6ab74976e964caec98b157,sodb/Zhang2023Amolecularly_rawcount_raw_counts_mouse1_coronal_co1_slice42.h5ad,46786448,d74b312c71f912d280981cc876dac02a9ce37e8f008f6182c46cdd4211cf8e80,https://huggingface.co/datasets/Toycat/SToCorpus-88M/resolve/6f699f128416e8d55d6ab74976e964caec98b157/sodb/Zhang2023Amolecularly_rawcount_raw_counts_mouse1_coronal_co1_slice42.h5ad
Toycat/SToCorpus-88M,6f699f128416e8d55d6ab74976e964caec98b157,sodb/Zhang2023Amolecularly_rawcount_raw_counts_mouse1_coronal_co1_slice44.h5ad,49753444,64567366cc9b58c7c3dd407f5678364ef2697a7f48c645274a54b4ac5afd5788,https://huggingface.co/datasets/Toycat/SToCorpus-88M/resolve/6f699f128416e8d55d6ab74976e964caec98b157/sodb/Zhang2023Amolecularly_rawcount_raw_counts_mouse1_coronal_co1_slice44.h5ad
Toycat/SToCorpus-88M,6f699f128416e8d55d6ab74976e964caec98b157,sodb/Zhang2023Amolecularly_rawcount_raw_counts_mouse1_coronal_co1_slice45.h5ad,34230908,cc9b5a2e0fec2c10cfbfe0d52ced428114e5780ed68c35e39a2d77487740cb5e,https://huggingface.co/datasets/Toycat/SToCorpus-88M/resolve/6f699f128416e8d55d6ab74976e964caec98b157/sodb/Zhang2023Amolecularly_rawcount_raw_counts_mouse1_coronal_co1_slice45.h5ad
Toycat/SToCorpus-88M,6f699f128416e8d55d6ab74976e964caec98b157,sodb/Zhang2023Amolecularly_rawcount_raw_counts_mouse1_coronal_co1_slice46.h5ad,46656860,90ce55601ab5f08c49360262c9bf341325e351f64d8b81e8ae67fe515ae73c3d,https://huggingface.co/datasets/Toycat/SToCorpus-88M/resolve/6f699f128416e8d55d6ab74976e964caec98b157/sodb/Zhang2023Amolecularly_rawcount_raw_counts_mouse1_coronal_co1_slice46.h5ad
Toycat/SToCorpus-88M,6f699f128416e8d55d6ab74976e964caec98b157,sodb/Zhang2023Amolecularly_rawcount_raw_counts_mouse1_coronal_co1_slice47.h5ad,52103040,3192218aa85b365c008037bcd6417a3de26da3ccb4fc22f165dff16cdb6eada9,https://huggingface.co/datasets/Toycat/SToCorpus-88M/resolve/6f699f128416e8d55d6ab74976e964caec98b157/sodb/Zhang2023Amolecularly_rawcount_raw_counts_mouse1_coronal_co1_slice47.h5ad
Toycat/SToCorpus-88M,6f699f128416e8d55d6ab74976e964caec98b157,sodb/Zhang2023Amolecularly_rawcount_raw_counts_mouse1_coronal_co1_slice48.h5ad,47569632,604bbf5074e66d1a5e518021b7790bf722eeee280ff83303ee12172a40a6eb10,https://huggingface.co/datasets/Toycat/SToCorpus-88M/resolve/6f699f128416e8d55d6ab74976e964caec98b157/sodb/Zhang2023Amolecularly_rawcount_raw_counts_mouse1_coronal_co1_slice48.h5ad
Toycat/SToCorpus-88M,6f699f128416e8d55d6ab74976e964caec98b157,sodb/Zhang2023Amolecularly_rawcount_raw_counts_mouse1_coronal_co1_slice49.h5ad,36428728,2b2c0ba253f1ed97235a5704512b09b9b40b0ced195f058c27b7eb39ff02d6b6,https://huggingface.co/datasets/Toycat/SToCorpus-88M/resolve/6f699f128416e8d55d6ab74976e964caec98b157/sodb/Zhang2023Amolecularly_rawcount_raw_counts_mouse1_coronal_co1_slice49.h5ad
Toycat/SToCorpus-88M,6f699f128416e8d55d6ab74976e964caec98b157,sodb/Zhang2023Amolecularly_rawcount_raw_counts_mouse1_coronal_co1_slice5.h5ad,17416676,a07f1a923eb825f23a70d1a8d16cf954dd152b1bcfb76808a15bc3d541d41a0d,https://huggingface.co/datasets/Toycat/SToCorpus-88M/resolve/6f699f128416e8d55d6ab74976e964caec98b157/sodb/Zhang2023Amolecularly_rawcount_raw_counts_mouse1_coronal_co1_slice5.h5ad
Toycat/SToCorpus-88M,6f699f128416e8d55d6ab74976e964caec98b157,sodb/Zhang2023Amolecularly_rawcount_raw_counts_mouse1_coronal_co1_slice50.h5ad,35718160,c1a249437f38429a3d63047676115589aaaf9babdf1754cd9869fa3a234f141d,https://huggingface.co/datasets/Toycat/SToCorpus-88M/resolve/6f699f128416e8d55d6ab74976e964caec98b157/sodb/Zhang2023Amolecularly_rawcount_raw_counts_mouse1_coronal_co1_slice50.h5ad
Toycat/SToCorpus-88M,6f699f128416e8d55d6ab74976e964caec98b157,sodb/Zhang2023Amolecularly_rawcount_raw_counts_mouse1_coronal_co1_slice51.h5ad,42138504,ffc183ff6e5330457deeacb512d51871fadb3f65bf10748c41866e446aaa6a32,https://huggingface.co/datasets/Toycat/SToCorpus-88M/resolve/6f699f128416e8d55d6ab74976e964caec98b157/sodb/Zhang2023Amolecularly_rawcount_raw_counts_mouse1_coronal_co1_slice51.h5ad
Toycat/SToCorpus-88M,6f699f128416e8d55d6ab74976e964caec98b157,sodb/Zhang2023Amolecularly_rawcount_raw_counts_mouse1_coronal_co1_slice52.h5ad,42097916,d569f211d72282c17efcccec8e6d6f341d7a8909b0c5723a624ee59a8e3bc16c,https://huggingface.co/datasets/Toycat/SToCorpus-88M/resolve/6f699f128416e8d55d6ab74976e964caec98b157/sodb/Zhang2023Amolecularly_rawcount_raw_counts_mouse1_coronal_co1_slice52.h5ad
Toycat/SToCorpus-88M,6f699f128416e8d55d6ab74976e964caec98b157,sodb/Zhang2023Amolecularly_rawcount_raw_counts_mouse1_coronal_co1_slice53.h5ad,38020732,c8bbdd1a20817c68fbdef8803cec7bd252c6a37a45d0d73c9b00a7869b1b633e,https://huggingface.co/datasets/Toycat/SToCorpus-88M/resolve/6f699f128416e8d55d6ab74976e964caec98b157/sodb/Zhang2023Amolecularly_rawcount_raw_counts_mouse1_coronal_co1_slice53.h5ad
Toycat/SToCorpus-88M,6f699f128416e8d55d6ab74976e964caec98b157,sodb/Zhang2023Amolecularly_rawcount_raw_counts_mouse1_coronal_co1_slice54.h5ad,28655340,6bf2a04559653e932b9e650565247a54479e615cd067de5a82942bff8e86e296,https://huggingface.co/datasets/Toycat/SToCorpus-88M/resolve/6f699f128416e8d55d6ab74976e964caec98b157/sodb/Zhang2023Amolecularly_rawcount_raw_counts_mouse1_coronal_co1_slice54.h5ad
Toycat/SToCorpus-88M,6f699f128416e8d55d6ab74976e964caec98b157,sodb/Zhang2023Amolecularly_rawcount_raw_counts_mouse1_coronal_co1_slice55.h5ad,24728664,bceabdaf2653688ac7c79f11f9e881e7c7507d2ca70df3b934055efd6eb6e1c3,https://huggingface.co/datasets/Toycat/SToCorpus-88M/resolve/6f699f128416e8d55d6ab74976e964caec98b157/sodb/Zhang2023Amolecularly_rawcount_raw_counts_mouse1_coronal_co1_slice55.h5ad
Toycat/SToCorpus-88M,6f699f128416e8d55d6ab74976e964caec98b157,sodb/Zhang2023Amolecularly_rawcount_raw_counts_mouse1_coronal_co1_slice56.h5ad,32837508,168598f56783dc478334651a6d5c01c53e1679eb52a2289bcd214e724e1478e1,https://huggingface.co/datasets/Toycat/SToCorpus-88M/resolve/6f699f128416e8d55d6ab74976e964caec98b157/sodb/Zhang2023Amolecularly_rawcount_raw_counts_mouse1_coronal_co1_slice56.h5ad
Toycat/SToCorpus-88M,6f699f128416e8d55d6ab74976e964caec98b157,sodb/Zhang2023Amolecularly_rawcount_raw_counts_mouse1_coronal_co1_slice57.h5ad,35821324,fdf69ec55af859c45e92f582073d636ce7b4027da18c75875d51f1457a626080,https://huggingface.co/datasets/Toycat/SToCorpus-88M/resolve/6f699f128416e8d55d6ab74976e964caec98b157/sodb/Zhang2023Amolecularly_rawcount_raw_counts_mouse1_coronal_co1_slice57.h5ad
Toycat/SToCorpus-88M,6f699f128416e8d55d6ab74976e964caec98b157,sodb/Zhang2023Amolecularly_rawcount_raw_counts_mouse1_coronal_co1_slice58.h5ad,30771720,636a4e550558b5a0d09bf2845c32c97ac6a41b45c3329a68faca9c1ef572678b,https://huggingface.co/datasets/Toycat/SToCorpus-88M/resolve/6f699f128416e8d55d6ab74976e964caec98b157/sodb/Zhang2023Amolecularly_rawcount_raw_counts_mouse1_coronal_co1_slice58.h5ad
Toycat/SToCorpus-88M,6f699f128416e8d55d6ab74976e964caec98b157,sodb/Zhang2023Amolecularly_rawcount_raw_counts_mouse1_coronal_co1_slice59.h5ad,22583392,adca996e426f9258566d649b6f1db605e7b1da875a16357676ca60707a278b13,https://huggingface.co/datasets/Toycat/SToCorpus-88M/resolve/6f699f128416e8d55d6ab74976e964caec98b157/sodb/Zhang2023Amolecularly_rawcount_raw_counts_mouse1_coronal_co1_slice59.h5ad
Toycat/SToCorpus-88M,6f699f128416e8d55d6ab74976e964caec98b157,sodb/Zhang2023Amolecularly_rawcount_raw_counts_mouse1_coronal_co1_slice6.h5ad,16261964,7b094145f12a067709dd134607d8eb9af8fed43bd20a52039d51d7a86503bd31,https://huggingface.co/datasets/Toycat/SToCorpus-88M/resolve/6f699f128416e8d55d6ab74976e964caec98b157/sodb/Zhang2023Amolecularly_rawcount_raw_counts_mouse1_coronal_co1_slice6.h5ad
Toycat/SToCorpus-88M,6f699f128416e8d55d6ab74976e964caec98b157,sodb/Zhang2023Amolecularly_rawcount_raw_counts_mouse1_coronal_co1_slice60.h5ad,19866040,699ecc487093baa53058f687298e8206003d9da61514ed5ef9257981c613b381,https://huggingface.co/datasets/Toycat/SToCorpus-88M/resolve/6f699f128416e8d55d6ab74976e964caec98b157/sodb/Zhang2023Amolecularly_rawcount_raw_counts_mouse1_coronal_co1_slice60.h5ad
Toycat/SToCorpus-88M,6f699f128416e8d55d6ab74976e964caec98b157,sodb/Zhang2023Amolecularly_rawcount_raw_counts_mouse1_coronal_co1_slice61.h5ad,23069916,2dd07becae11d2a0dc8fb3c011e36c7e0b352a7bb03a941ac333bce6674a6d1d,https://huggingface.co/datasets/Toycat/SToCorpus-88M/resolve/6f699f128416e8d55d6ab74976e964caec98b157/sodb/Zhang2023Amolecularly_rawcount_raw_counts_mouse1_coronal_co1_slice61.h5ad
Toycat/SToCorpus-88M,6f699f128416e8d55d6ab74976e964caec98b157,sodb/Zhang2023Amolecularly_rawcount_raw_counts_mouse1_coronal_co1_slice62.h5ad,24363744,99c87e9910e3188c0ad47f586e7a59fe61007070f2046f3a89259491c47832ae,https://huggingface.co/datasets/Toycat/SToCorpus-88M/resolve/6f699f128416e8d55d6ab74976e964caec98b157/sodb/Zhang2023Amolecularly_rawcount_raw_counts_mouse1_coronal_co1_slice62.h5ad
Toycat/SToCorpus-88M,6f699f128416e8d55d6ab74976e964caec98b157,sodb/Zhang2023Amolecularly_rawcount_raw_counts_mouse1_coronal_co1_slice63.h5ad,33991348,12e5bd2828edd7423f122ec2d875c34ea537550da01cb9dd029487cb0ee697f2,https://huggingface.co/datasets/Toycat/SToCorpus-88M/resolve/6f699f128416e8d55d6ab74976e964caec98b157/sodb/Zhang2023Amolecularly_rawcount_raw_counts_mouse1_coronal_co1_slice63.h5ad
Toycat/SToCorpus-88M,6f699f128416e8d55d6ab74976e964caec98b157,sodb/Zhang2023Amolecularly_rawcount_raw_counts_mouse1_coronal_co1_slice65.h5ad,20153768,37867e6f09c86305b81171c670847329528640407e024a57f130bf77a30c1748,https://huggingface.co/datasets/Toycat/SToCorpus-88M/resolve/6f699f128416e8d55d6ab74976e964caec98b157/sodb/Zhang2023Amolecularly_rawcount_raw_counts_mouse1_coronal_co1_slice65.h5ad
Toycat/SToCorpus-88M,6f699f128416e8d55d6ab74976e964caec98b157,sodb/Zhang2023Amolecularly_rawcount_raw_counts_mouse1_coronal_co1_slice66.h5ad,20157284,6cfac6a92aad2a065062eaa86a473bd821852109647ef69d1cc7559d8ac6a80d,https://huggingface.co/datasets/Toycat/SToCorpus-88M/resolve/6f699f128416e8d55d6ab74976e964caec98b157/sodb/Zhang2023Amolecularly_rawcount_raw_counts_mouse1_coronal_co1_slice66.h5ad
Toycat/SToCorpus-88M,6f699f128416e8d55d6ab74976e964caec98b157,sodb/Zhang2023Amolecularly_rawcount_raw_counts_mouse1_coronal_co1_slice67.h5ad,24260488,147aa1dde35d0053261aaea28c1256b8c5df3d54d3d309c5a80dedc170b6e1d1,https://huggingface.co/datasets/Toycat/SToCorpus-88M/resolve/6f699f128416e8d55d6ab74976e964caec98b157/sodb/Zhang2023Amolecularly_rawcount_raw_counts_mouse1_coronal_co1_slice67.h5ad
Toycat/SToCorpus-88M,6f699f128416e8d55d6ab74976e964caec98b157,sodb/Zhang2023Amolecularly_rawcount_raw_counts_mouse1_coronal_co1_slice68.h5ad,31427296,3c3a2f3705ea34da1bf165ec52de0d39338c374082515f16ce77703e1f9bd0f3,https://huggingface.co/datasets/Toycat/SToCorpus-88M/resolve/6f699f128416e8d55d6ab74976e964caec98b157/sodb/Zhang2023Amolecularly_rawcount_raw_counts_mouse1_coronal_co1_slice68.h5ad
Toycat/SToCorpus-88M,6f699f128416e8d55d6ab74976e964caec98b157,sodb/Zhang2023Amolecularly_rawcount_raw_counts_mouse1_coronal_co1_slice7.h5ad,12517660,4850a9bc9f22bd97ca700c8eb1a243249626ff168bf70352e73df84a8ecc731b,https://huggingface.co/datasets/Toycat/SToCorpus-88M/resolve/6f699f128416e8d55d6ab74976e964caec98b157/sodb/Zhang2023Amolecularly_rawcount_raw_counts_mouse1_coronal_co1_slice7.h5ad
Toycat/SToCorpus-88M,6f699f128416e8d55d6ab74976e964caec98b157,sodb/Zhang2023Amolecularly_rawcount_raw_counts_mouse1_coronal_co1_slice70.h5ad,13628964,91c6aa1be836b1641d184f44ff4c896639784962785146fe96c3acb8f47fa85e,https://huggingface.co/datasets/Toycat/SToCorpus-88M/resolve/6f699f128416e8d55d6ab74976e964caec98b157/sodb/Zhang2023Amolecularly_rawcount_raw_counts_mouse1_coronal_co1_slice70.h5ad
Toycat/SToCorpus-88M,6f699f128416e8d55d6ab74976e964caec98b157,sodb/Zhang2023Amolecularly_rawcount_raw_counts_mouse1_coronal_co1_slice71.h5ad,16076660,384cf07f9834d5849dcdfb23eb95ddf4e5bba8cbe41172ab7fce8630b8f53b8b,https://huggingface.co/datasets/Toycat/SToCorpus-88M/resolve/6f699f128416e8d55d6ab74976e964caec98b157/sodb/Zhang2023Amolecularly_rawcount_raw_counts_mouse1_coronal_co1_slice71.h5ad
Toycat/SToCorpus-88M,6f699f128416e8d55d6ab74976e964caec98b157,sodb/Zhang2023Amolecularly_rawcount_raw_counts_mouse1_coronal_co1_slice72.h5ad,14770340,4c590e6844f5a5162e12b8f2e052137501f0e85904f0cf3f1307d65c2021a55a,https://huggingface.co/datasets/Toycat/SToCorpus-88M/resolve/6f699f128416e8d55d6ab74976e964caec98b157/sodb/Zhang2023Amolecularly_rawcount_raw_counts_mouse1_coronal_co1_slice72.h5ad
Toycat/SToCorpus-88M,6f699f128416e8d55d6ab74976e964caec98b157,sodb/Zhang2023Amolecularly_rawcount_raw_counts_mouse1_coronal_co1_slice73.h5ad,29386084,2820832997647b1907b77ee906cf8dcc3e4f30b52117874eb381dfdfece7e409,https://huggingface.co/datasets/Toycat/SToCorpus-88M/resolve/6f699f128416e8d55d6ab74976e964caec98b157/sodb/Zhang2023Amolecularly_rawcount_raw_counts_mouse1_coronal_co1_slice73.h5ad
Toycat/SToCorpus-88M,6f699f128416e8d55d6ab74976e964caec98b157,sodb/Zhang2023Amolecularly_rawcount_raw_counts_mouse1_coronal_co1_slice8.h5ad,18289416,7549886b2805d68488d2c987ab4eab43461f8bdd782457fb3b2bac63ed15cc5b,https://huggingface.co/datasets/Toycat/SToCorpus-88M/resolve/6f699f128416e8d55d6ab74976e964caec98b157/sodb/Zhang2023Amolecularly_rawcount_raw_counts_mouse1_coronal_co1_slice8.h5ad
Toycat/SToCorpus-88M,6f699f128416e8d55d6ab74976e964caec98b157,sodb/Zhang2023Amolecularly_rawcount_raw_counts_mouse1_coronal_co1_slice9.h5ad,27576716,69b12e88d288295a5cc9a2667918c018d656f13980bcbad25b0d3e991519c9cd,https://huggingface.co/datasets/Toycat/SToCorpus-88M/resolve/6f699f128416e8d55d6ab74976e964caec98b157/sodb/Zhang2023Amolecularly_rawcount_raw_counts_mouse1_coronal_co1_slice9.h5ad
Toycat/SToCorpus-88M,6f699f128416e8d55d6ab74976e964caec98b157,sodb/Zhang2023Amolecularly_rawcount_raw_counts_mouse2_coronal_co2_slice1.h5ad,8364354,cb2cbd7990e2a1caca06d4e9a7a307b2fa2a977f971e401ff824b8e985656dad,https://huggingface.co/datasets/Toycat/SToCorpus-88M/resolve/6f699f128416e8d55d6ab74976e964caec98b157/sodb/Zhang2023Amolecularly_rawcount_raw_counts_mouse2_coronal_co2_slice1.h5ad
Toycat/SToCorpus-88M,6f699f128416e8d55d6ab74976e964caec98b157,sodb/Zhang2023Amolecularly_rawcount_raw_counts_mouse2_coronal_co2_slice10.h5ad,14282998,b3f210e72a5ad6de50c3a7a463f62c2bcfed8a0e201c55c8100ff2e72ec85123,https://huggingface.co/datasets/Toycat/SToCorpus-88M/resolve/6f699f128416e8d55d6ab74976e964caec98b157/sodb/Zhang2023Amolecularly_rawcount_raw_counts_mouse2_coronal_co2_slice10.h5ad
Toycat/SToCorpus-88M,6f699f128416e8d55d6ab74976e964caec98b157,sodb/Zhang2023Amolecularly_rawcount_raw_counts_mouse2_coronal_co2_slice100.h5ad,61134846,577b6e89cefeae5ecf6bb6b6c4632d5b0a17091e99394d7ec0d4495b8b444fb5,https://huggingface.co/datasets/Toycat/SToCorpus-88M/resolve/6f699f128416e8d55d6ab74976e964caec98b157/sodb/Zhang2023Amolecularly_rawcount_raw_counts_mouse2_coronal_co2_slice100.h5ad
Toycat/SToCorpus-88M,6f699f128416e8d55d6ab74976e964caec98b157,sodb/Zhang2023Amolecularly_rawcount_raw_counts_mouse2_coronal_co2_slice101.h5ad,43495290,b81d242aa1152cf5ad98ab6cd79f961718a45a9c38fdb15d701ce3093050ebb9,https://huggingface.co/datasets/Toycat/SToCorpus-88M/resolve/6f699f128416e8d55d6ab74976e964caec98b157/sodb/Zhang2023Amolecularly_rawcount_raw_counts_mouse2_coronal_co2_slice101.h5ad
Toycat/SToCorpus-88M,6f699f128416e8d55d6ab74976e964caec98b157,sodb/Zhang2023Amolecularly_rawcount_raw_counts_mouse2_coronal_co2_slice102.h5ad,57042402,25ad38497152b71e35515abe7ba52806d65fb006ad413241a5b31462020e602e,https://huggingface.co/datasets/Toycat/SToCorpus-88M/resolve/6f699f128416e8d55d6ab74976e964caec98b157/sodb/Zhang2023Amolecularly_rawcount_raw_counts_mouse2_coronal_co2_slice102.h5ad
Toycat/SToCorpus-88M,6f699f128416e8d55d6ab74976e964caec98b157,sodb/Zhang2023Amolecularly_rawcount_raw_counts_mouse2_coronal_co2_slice103.h5ad,54610658,53256a642b7874dbd6e95d212cfaa6e6bda34a096bddacdda2e3669c8ec704b0,https://huggingface.co/datasets/Toycat/SToCorpus-88M/resolve/6f699f128416e8d55d6ab74976e964caec98b157/sodb/Zhang2023Amolecularly_rawcount_raw_counts_mouse2_coronal_co2_slice103.h5ad
Toycat/SToCorpus-88M,6f699f128416e8d55d6ab74976e964caec98b157,sodb/Zhang2023Amolecularly_rawcount_raw_counts_mouse2_coronal_co2_slice104.h5ad,66360838,eea72eb2caac5b2ef729e79938bb2fe9f957618319d0d46441c2a9b02b9f6d4b,https://huggingface.co/datasets/Toycat/SToCorpus-88M/resolve/6f699f128416e8d55d6ab74976e964caec98b157/sodb/Zhang2023Amolecularly_rawcount_raw_counts_mouse2_coronal_co2_slice104.h5ad
Toycat/SToCorpus-88M,6f699f128416e8d55d6ab74976e964caec98b157,sodb/Zhang2023Amolecularly_rawcount_raw_counts_mouse2_coronal_co2_slice105.h5ad,44198186,acf79ceada357ef3fd26f1a37523c74e68883488a45dd90c47ffe7fbf5e9fb45,https://huggingface.co/datasets/Toycat/SToCorpus-88M/resolve/6f699f128416e8d55d6ab74976e964caec98b157/sodb/Zhang2023Amolecularly_rawcount_raw_counts_mouse2_coronal_co2_slice105.h5ad
Toycat/SToCorpus-88M,6f699f128416e8d55d6ab74976e964caec98b157,sodb/Zhang2023Amolecularly_rawcount_raw_counts_mouse2_coronal_co2_slice106.h5ad,57835262,d8a80fcd44b36bd618d4380b170612f83177f9555373aaac991c992925cb8321,https://huggingface.co/datasets/Toycat/SToCorpus-88M/resolve/6f699f128416e8d55d6ab74976e964caec98b157/sodb/Zhang2023Amolecularly_rawcount_raw_counts_mouse2_coronal_co2_slice106.h5ad
Toycat/SToCorpus-88M,6f699f128416e8d55d6ab74976e964caec98b157,sodb/Zhang2023Amolecularly_rawcount_raw_counts_mouse2_coronal_co2_slice107.h5ad,51539622,eeeefb06a741c8f832886a5948e609a58a2c275a6e61f22eb90e6bb3cc8da886,https://huggingface.co/datasets/Toycat/SToCorpus-88M/resolve/6f699f128416e8d55d6ab74976e964caec98b157/sodb/Zhang2023Amolecularly_rawcount_raw_counts_mouse2_coronal_co2_slice107.h5ad
Toycat/SToCorpus-88M,6f699f128416e8d55d6ab74976e964caec98b157,sodb/Zhang2023Amolecularly_rawcount_raw_counts_mouse2_coronal_co2_slice108.h5ad,45345746,1eb34a5ecc0ba256b75f9f48aff711537f11b64e95e832511c31ea19c9903fac,https://huggingface.co/datasets/Toycat/SToCorpus-88M/resolve/6f699f128416e8d55d6ab74976e964caec98b157/sodb/Zhang2023Amolecularly_rawcount_raw_counts_mouse2_coronal_co2_slice108.h5ad
Toycat/SToCorpus-88M,6f699f128416e8d55d6ab74976e964caec98b157,sodb/Zhang2023Amolecularly_rawcount_raw_counts_mouse2_coronal_co2_slice109.h5ad,38324942,c7c10a85d55ca2404a43d425a68b83d7484e58867041912e73049e1af962574b,https://huggingface.co/datasets/Toycat/SToCorpus-88M/resolve/6f699f128416e8d55d6ab74976e964caec98b157/sodb/Zhang2023Amolecularly_rawcount_raw_counts_mouse2_coronal_co2_slice109.h5ad
Toycat/SToCorpus-88M,6f699f128416e8d55d6ab74976e964caec98b157,sodb/Zhang2023Amolecularly_rawcount_raw_counts_mouse2_coronal_co2_slice11.h5ad,18133090,8eeef5233627faf7253c5aee15469efd9ea6cf3b066fa68df37ca14b3fa71be6,https://huggingface.co/datasets/Toycat/SToCorpus-88M/resolve/6f699f128416e8d55d6ab74976e964caec98b157/sodb/Zhang2023Amolecularly_rawcount_raw_counts_mouse2_coronal_co2_slice11.h5ad
Toycat/SToCorpus-88M,6f699f128416e8d55d6ab74976e964caec98b157,sodb/Zhang2023Amolecularly_rawcount_raw_counts_mouse2_coronal_co2_slice110.h5ad,53500794,2c08482f1d2500dd45988fe940e6e1dd18f16050535ac835883c1273c589b6c7,https://huggingface.co/datasets/Toycat/SToCorpus-88M/resolve/6f699f128416e8d55d6ab74976e964caec98b157/sodb/Zhang2023Amolecularly_rawcount_raw_counts_mouse2_coronal_co2_slice110.h5ad
Toycat/SToCorpus-88M,6f699f128416e8d55d6ab74976e964caec98b157,sodb/Zhang2023Amolecularly_rawcount_raw_counts_mouse2_coronal_co2_slice111.h5ad,34750422,0aa2b11154c032e136e3acb8c4d502602a4aae4fa88182a8a4d4ca82b79bc11f,https://huggingface.co/datasets/Toycat/SToCorpus-88M/resolve/6f699f128416e8d55d6ab74976e964caec98b157/sodb/Zhang2023Amolecularly_rawcount_raw_counts_mouse2_coronal_co2_slice111.h5ad
Toycat/SToCorpus-88M,6f699f128416e8d55d6ab74976e964caec98b157,sodb/Zhang2023Amolecularly_rawcount_raw_counts_mouse2_coronal_co2_slice112.h5ad,28435678,9d85b37210e7828f859ab116ab5b84427950670ccffda398673c0674bae17b33,https://huggingface.co/datasets/Toycat/SToCorpus-88M/resolve/6f699f128416e8d55d6ab74976e964caec98b157/sodb/Zhang2023Amolecularly_rawcount_raw_counts_mouse2_coronal_co2_slice112.h5ad
Toycat/SToCorpus-88M,6f699f128416e8d55d6ab74976e964caec98b157,sodb/Zhang2023Amolecularly_rawcount_raw_counts_mouse2_coronal_co2_slice113.h5ad,37511126,a8ed2249c7fa871da1b1bc98fec697589ba38d250796373dafd4e828c5e62440,https://huggingface.co/datasets/Toycat/SToCorpus-88M/resolve/6f699f128416e8d55d6ab74976e964caec98b157/sodb/Zhang2023Amolecularly_rawcount_raw_counts_mouse2_coronal_co2_slice113.h5ad
Toycat/SToCorpus-88M,6f699f128416e8d55d6ab74976e964caec98b157,sodb/Zhang2023Amolecularly_rawcount_raw_counts_mouse2_coronal_co2_slice114.h5ad,46449846,37829156c68bd4149be072c09ac02752a52aaa83af6bc45ed1dfbbd2edb7a90b,https://huggingface.co/datasets/Toycat/SToCorpus-88M/resolve/6f699f128416e8d55d6ab74976e964caec98b157/sodb/Zhang2023Amolecularly_rawcount_raw_counts_mouse2_coronal_co2_slice114.h5ad
Toycat/SToCorpus-88M,6f699f128416e8d55d6ab74976e964caec98b157,sodb/Zhang2023Amolecularly_rawcount_raw_counts_mouse2_coronal_co2_slice115.h5ad,26583650,075f38634d4bf859dfbebe38770f501581129d6d0abb4952fad6d0e5d2183e54,https://huggingface.co/datasets/Toycat/SToCorpus-88M/resolve/6f699f128416e8d55d6ab74976e964caec98b157/sodb/Zhang2023Amolecularly_rawcount_raw_counts_mouse2_coronal_co2_slice115.h5ad
Toycat/SToCorpus-88M,6f699f128416e8d55d6ab74976e964caec98b157,sodb/Zhang2023Amolecularly_rawcount_raw_counts_mouse2_coronal_co2_slice116.h5ad,34897666,adfbbd230e1b857f2ac0062106267c1f7baab0fc6d856e1b847ae65a32fb41e2,https://huggingface.co/datasets/Toycat/SToCorpus-88M/resolve/6f699f128416e8d55d6ab74976e964caec98b157/sodb/Zhang2023Amolecularly_rawcount_raw_counts_mouse2_coronal_co2_slice116.h5ad
Toycat/SToCorpus-88M,6f699f128416e8d55d6ab74976e964caec98b157,sodb/Zhang2023Amolecularly_rawcount_raw_counts_mouse2_coronal_co2_slice117.h5ad,28678618,95cfc69de5bd8983aae52eea265f8ba482051b6afe95054d71fd9647c7094976,https://huggingface.co/datasets/Toycat/SToCorpus-88M/resolve/6f699f128416e8d55d6ab74976e964caec98b157/sodb/Zhang2023Amolecularly_rawcount_raw_counts_mouse2_coronal_co2_slice117.h5ad
Toycat/SToCorpus-88M,6f699f128416e8d55d6ab74976e964caec98b157,sodb/Zhang2023Amolecularly_rawcount_raw_counts_mouse2_coronal_co2_slice118.h5ad,31070050,fc88b4f664d404263e71a037c006b33cda43a8a447c7281cbdd17c3b6f11f974,https://huggingface.co/datasets/Toycat/SToCorpus-88M/resolve/6f699f128416e8d55d6ab74976e964caec98b157/sodb/Zhang2023Amolecularly_rawcount_raw_counts_mouse2_coronal_co2_slice118.h5ad
Toycat/SToCorpus-88M,6f699f128416e8d55d6ab74976e964caec98b157,sodb/Zhang2023Amolecularly_rawcount_raw_counts_mouse2_coronal_co2_slice119.h5ad,31868374,cc32f1af52b366d2db752144bf2a0e2170f3035765f79326b9c2c04ad8625f20,https://huggingface.co/datasets/Toycat/SToCorpus-88M/resolve/6f699f128416e8d55d6ab74976e964caec98b157/sodb/Zhang2023Amolecularly_rawcount_raw_counts_mouse2_coronal_co2_slice119.h5ad
Toycat/SToCorpus-88M,6f699f128416e8d55d6ab74976e964caec98b157,sodb/Zhang2023Amolecularly_rawcount_raw_counts_mouse2_coronal_co2_slice12.h5ad,25691954,4cdd5bb2546ea74ed8045b3656a3f9c52b2cfde75161a6d259c1feb9e0089be0,https://huggingface.co/datasets/Toycat/SToCorpus-88M/resolve/6f699f128416e8d55d6ab74976e964caec98b157/sodb/Zhang2023Amolecularly_rawcount_raw_counts_mouse2_coronal_co2_slice12.h5ad
Toycat/SToCorpus-88M,6f699f128416e8d55d6ab74976e964caec98b157,sodb/Zhang2023Amolecularly_rawcount_raw_counts_mouse2_coronal_co2_slice120.h5ad,33144498,fc49ab82c58f859372160506a42252f28233151290c4dc6ffa69be0d1c4c1001,https://huggingface.co/datasets/Toycat/SToCorpus-88M/resolve/6f699f128416e8d55d6ab74976e964caec98b157/sodb/Zhang2023Amolecularly_rawcount_raw_counts_mouse2_coronal_co2_slice120.h5ad
Toycat/SToCorpus-88M,6f699f128416e8d55d6ab74976e964caec98b157,sodb/Zhang2023Amolecularly_rawcount_raw_counts_mouse2_coronal_co2_slice121.h5ad,27714010,25d024f02b1cb7ce58baf7250c6f86e9b550dfcd9d5cfb49356c536488e72db5,https://huggingface.co/datasets/Toycat/SToCorpus-88M/resolve/6f699f128416e8d55d6ab74976e964caec98b157/sodb/Zhang2023Amolecularly_rawcount_raw_counts_mouse2_coronal_co2_slice121.h5ad
Toycat/SToCorpus-88M,6f699f128416e8d55d6ab74976e964caec98b157,sodb/Zhang2023Amolecularly_rawcount_raw_counts_mouse2_coronal_co2_slice122.h5ad,35369174,7819ffd1f2c1a7b102f277c4991aa9b780853211717902ee81113093eadd1735,https://huggingface.co/datasets/Toycat/SToCorpus-88M/resolve/6f699f128416e8d55d6ab74976e964caec98b157/sodb/Zhang2023Amolecularly_rawcount_raw_counts_mouse2_coronal_co2_slice122.h5ad
Toycat/SToCorpus-88M,6f699f128416e8d55d6ab74976e964caec98b157,sodb/Zhang2023Amolecularly_rawcount_raw_counts_mouse2_coronal_co2_slice123.h5ad,23779594,d0df642e0ad8a255c60022fd94bdced61f3f7629a059d4a9029a20aa9d2d1bb8,https://huggingface.co/datasets/Toycat/SToCorpus-88M/resolve/6f699f128416e8d55d6ab74976e964caec98b157/sodb/Zhang2023Amolecularly_rawcount_raw_counts_mouse2_coronal_co2_slice123.h5ad
Toycat/SToCorpus-88M,6f699f128416e8d55d6ab74976e964caec98b157,sodb/Zhang2023Amolecularly_rawcount_raw_counts_mouse2_coronal_co2_slice124.h5ad,22408754,5aa361800520e0b8f0e495c342a6013ca211ffa8e3ac1ca5b11a648293ae3365,https://huggingface.co/datasets/Toycat/SToCorpus-88M/resolve/6f699f128416e8d55d6ab74976e964caec98b157/sodb/Zhang2023Amolecularly_rawcount_raw_counts_mouse2_coronal_co2_slice124.h5ad
Toycat/SToCorpus-88M,6f699f128416e8d55d6ab74976e964caec98b157,sodb/Zhang2023Amolecularly_rawcount_raw_counts_mouse2_coronal_co2_slice125.h5ad,31090998,31092c47be40eb21eb46cd0874e1ca8bbe127934ebe9bbaedd1fde88ddab71ac,https://huggingface.co/datasets/Toycat/SToCorpus-88M/resolve/6f699f128416e8d55d6ab74976e964caec98b157/sodb/Zhang2023Amolecularly_rawcount_raw_counts_mouse2_coronal_co2_slice125.h5ad
Toycat/SToCorpus-88M,6f699f128416e8d55d6ab74976e964caec98b157,sodb/Zhang2023Amolecularly_rawcount_raw_counts_mouse2_coronal_co2_slice126.h5ad,25836334,c05a539f28e6c19b1fda369c9842d6728cda198dcf765733194cd18a91f9d1be,https://huggingface.co/datasets/Toycat/SToCorpus-88M/resolve/6f699f128416e8d55d6ab74976e964caec98b157/sodb/Zhang2023Amolecularly_rawcount_raw_counts_mouse2_coronal_co2_slice126.h5ad
Toycat/SToCorpus-88M,6f699f128416e8d55d6ab74976e964caec98b157,sodb/Zhang2023Amolecularly_rawcount_raw_counts_mouse2_coronal_co2_slice127.h5ad,26428126,77830c96ef74b01cf0cbb960cee214345518f322677837b4939e07eb7349333c,https://huggingface.co/datasets/Toycat/SToCorpus-88M/resolve/6f699f128416e8d55d6ab74976e964caec98b157/sodb/Zhang2023Amolecularly_rawcount_raw_counts_mouse2_coronal_co2_slice127.h5ad
Toycat/SToCorpus-88M,6f699f128416e8d55d6ab74976e964caec98b157,sodb/Zhang2023Amolecularly_rawcount_raw_counts_mouse2_coronal_co2_slice128.h5ad,25554950,81332ad5f75fef90e48ab9d849f45166288a653dd7a2d5012f3e5d1a3dc40dcb,https://huggingface.co/datasets/Toycat/SToCorpus-88M/resolve/6f699f128416e8d55d6ab74976e964caec98b157/sodb/Zhang2023Amolecularly_rawcount_raw_counts_mouse2_coronal_co2_slice128.h5ad
Toycat/SToCorpus-88M,6f699f128416e8d55d6ab74976e964caec98b157,sodb/Zhang2023Amolecularly_rawcount_raw_counts_mouse2_coronal_co2_slice129.h5ad,26778550,3d454996dffc5e61f76267c4387826b3aa4ef2e2a4c9ca2340cf46c64a1b05fe,https://huggingface.co/datasets/Toycat/SToCorpus-88M/resolve/6f699f128416e8d55d6ab74976e964caec98b157/sodb/Zhang2023Amolecularly_rawcount_raw_counts_mouse2_coronal_co2_slice129.h5ad
Toycat/SToCorpus-88M,6f699f128416e8d55d6ab74976e964caec98b157,sodb/Zhang2023Amolecularly_rawcount_raw_counts_mouse2_coronal_co2_slice13.h5ad,30618762,6dd98dee04d52791d03e3575274bf2ec43474c4d4911822723a9b6a3474dd483,https://huggingface.co/datasets/Toycat/SToCorpus-88M/resolve/6f699f128416e8d55d6ab74976e964caec98b157/sodb/Zhang2023Amolecularly_rawcount_raw_counts_mouse2_coronal_co2_slice13.h5ad
Toycat/SToCorpus-88M,6f699f128416e8d55d6ab74976e964caec98b157,sodb/Zhang2023Amolecularly_rawcount_raw_counts_mouse2_coronal_co2_slice130.h5ad,30559110,4e23f6a2be6413fb80d1dccd58e18771bdc6d99360807c69b29feca32ba2fd9b,https://huggingface.co/datasets/Toycat/SToCorpus-88M/resolve/6f699f128416e8d55d6ab74976e964caec98b157/sodb/Zhang2023Amolecularly_rawcount_raw_counts_mouse2_coronal_co2_slice130.h5ad
Toycat/SToCorpus-88M,6f699f128416e8d55d6ab74976e964caec98b157,sodb/Zhang2023Amolecularly_rawcount_raw_counts_mouse2_coronal_co2_slice131.h5ad,23877378,f02e1d051ca7d880046bcbbe7f280b9ab1bbce15fcb456f11650ceb2604a3a16,https://huggingface.co/datasets/Toycat/SToCorpus-88M/resolve/6f699f128416e8d55d6ab74976e964caec98b157/sodb/Zhang2023Amolecularly_rawcount_raw_counts_mouse2_coronal_co2_slice131.h5ad
Toycat/SToCorpus-88M,6f699f128416e8d55d6ab74976e964caec98b157,sodb/Zhang2023Amolecularly_rawcount_raw_counts_mouse2_coronal_co2_slice132.h5ad,25421658,69c3086be486bf4a98b44b6f7eb00e8e3c2b72bbd516ab44fa099fdc294187ab,https://huggingface.co/datasets/Toycat/SToCorpus-88M/resolve/6f699f128416e8d55d6ab74976e964caec98b157/sodb/Zhang2023Amolecularly_rawcount_raw_counts_mouse2_coronal_co2_slice132.h5ad
Toycat/SToCorpus-88M,6f699f128416e8d55d6ab74976e964caec98b157,sodb/Zhang2023Amolecularly_rawcount_raw_counts_mouse2_coronal_co2_slice133.h5ad,30155446,e69d7779052c7acc78ae11043f2995bc85194a767d45bc29ab743e9e03ad04f6,https://huggingface.co/datasets/Toycat/SToCorpus-88M/resolve/6f699f128416e8d55d6ab74976e964caec98b157/sodb/Zhang2023Amolecularly_rawcount_raw_counts_mouse2_coronal_co2_slice133.h5ad
Toycat/SToCorpus-88M,6f699f128416e8d55d6ab74976e964caec98b157,sodb/Zhang2023Amolecularly_rawcount_raw_counts_mouse2_coronal_co2_slice134.h5ad,28732842,2860bf308a44b6298e5997c293f3399c098528e9e2e8116dc54d4a70551e8bba,https://huggingface.co/datasets/Toycat/SToCorpus-88M/resolve/6f699f128416e8d55d6ab74976e964caec98b157/sodb/Zhang2023Amolecularly_rawcount_raw_counts_mouse2_coronal_co2_slice134.h5ad
Toycat/SToCorpus-88M,6f699f128416e8d55d6ab74976e964caec98b157,sodb/Zhang2023Amolecularly_rawcount_raw_counts_mouse2_coronal_co2_slice135.h5ad,26101214,b8b8728989b0dc03c653fbad68203c58eb41ba46a7d3920b9361c9a32f32f67d,https://huggingface.co/datasets/Toycat/SToCorpus-88M/resolve/6f699f128416e8d55d6ab74976e964caec98b157/sodb/Zhang2023Amolecularly_rawcount_raw_counts_mouse2_coronal_co2_slice135.h5ad
Toycat/SToCorpus-88M,6f699f128416e8d55d6ab74976e964caec98b157,sodb/Zhang2023Amolecularly_rawcount_raw_counts_mouse2_coronal_co2_slice136.h5ad,22333874,e25f4a02139494a92c61f2faa1012b75147650d381f09e593c357cdddd64515e,https://huggingface.co/datasets/Toycat/SToCorpus-88M/resolve/6f699f128416e8d55d6ab74976e964caec98b157/sodb/Zhang2023Amolecularly_rawcount_raw_counts_mouse2_coronal_co2_slice136.h5ad
Toycat/SToCorpus-88M,6f699f128416e8d55d6ab74976e964caec98b157,sodb/Zhang2023Amolecularly_rawcount_raw_counts_mouse2_coronal_co2_slice137.h5ad,27565058,4f50cd437a96ee729dc45486ed06085d94b1603499e542a6a00c3ed99d227b17,https://huggingface.co/datasets/Toycat/SToCorpus-88M/resolve/6f699f128416e8d55d6ab74976e964caec98b157/sodb/Zhang2023Amolecularly_rawcount_raw_counts_mouse2_coronal_co2_slice137.h5ad
Toycat/SToCorpus-88M,6f699f128416e8d55d6ab74976e964caec98b157,sodb/Zhang2023Amolecularly_rawcount_raw_counts_mouse2_coronal_co2_slice138.h5ad,24474594,f5cdb9b3ad33678ab27b0923971b77cead441e6e7723974aa7bdb737cab46a0d,https://huggingface.co/datasets/Toycat/SToCorpus-88M/resolve/6f699f128416e8d55d6ab74976e964caec98b157/sodb/Zhang2023Amolecularly_rawcount_raw_counts_mouse2_coronal_co2_slice138.h5ad
Toycat/SToCorpus-88M,6f699f128416e8d55d6ab74976e964caec98b157,sodb/Zhang2023Amolecularly_rawcount_raw_counts_mouse2_coronal_co2_slice139.h5ad,19752842,3d25d713eef15d2159f4c25246e6c557e4e9ecfa16a704b15f2d2c0023734ded,https://huggingface.co/datasets/Toycat/SToCorpus-88M/resolve/6f699f128416e8d55d6ab74976e964caec98b157/sodb/Zhang2023Amolecularly_rawcount_raw_counts_mouse2_coronal_co2_slice139.h5ad
Toycat/SToCorpus-88M,6f699f128416e8d55d6ab74976e964caec98b157,sodb/Zhang2023Amolecularly_rawcount_raw_counts_mouse2_coronal_co2_slice14.h5ad,39668054,2c9f5635ab35e81e6529a969737fcb87aef92db3ac79bee43461854d0bfba7cb,https://huggingface.co/datasets/Toycat/SToCorpus-88M/resolve/6f699f128416e8d55d6ab74976e964caec98b157/sodb/Zhang2023Amolecularly_rawcount_raw_counts_mouse2_coronal_co2_slice14.h5ad
Toycat/SToCorpus-88M,6f699f128416e8d55d6ab74976e964caec98b157,sodb/Zhang2023Amolecularly_rawcount_raw_counts_mouse2_coronal_co2_slice140.h5ad,16684974,d81dba07eb36609ce55c9a4bcc4b6e91b8fe69f9b52bdeaff35d8d5a8f27005a,https://huggingface.co/datasets/Toycat/SToCorpus-88M/resolve/6f699f128416e8d55d6ab74976e964caec98b157/sodb/Zhang2023Amolecularly_rawcount_raw_counts_mouse2_coronal_co2_slice140.h5ad
Toycat/SToCorpus-88M,6f699f128416e8d55d6ab74976e964caec98b157,sodb/Zhang2023Amolecularly_rawcount_raw_counts_mouse2_coronal_co2_slice141.h5ad,19996426,8adab395188ad8b2a110e4807352853e573b94a023356dab68b4cd23c0df19f5,https://huggingface.co/datasets/Toycat/SToCorpus-88M/resolve/6f699f128416e8d55d6ab74976e964caec98b157/sodb/Zhang2023Amolecularly_rawcount_raw_counts_mouse2_coronal_co2_slice141.h5ad
Toycat/SToCorpus-88M,6f699f128416e8d55d6ab74976e964caec98b157,sodb/Zhang2023Amolecularly_rawcount_raw_counts_mouse2_coronal_co2_slice142.h5ad,25141426,07faf9817fe31f8faf7395cb17c039c6b5d3978c8c6220ecd63a0e3c02317878,https://huggingface.co/datasets/Toycat/SToCorpus-88M/resolve/6f699f128416e8d55d6ab74976e964caec98b157/sodb/Zhang2023Amolecularly_rawcount_raw_counts_mouse2_coronal_co2_slice142.h5ad
Toycat/SToCorpus-88M,6f699f128416e8d55d6ab74976e964caec98b157,sodb/Zhang2023Amolecularly_rawcount_raw_counts_mouse2_coronal_co2_slice143.h5ad,15876086,f15d03d8326abd60d04f0d2d68fa9090844d1f6abfee3138ff36ac17f175ed31,https://huggingface.co/datasets/Toycat/SToCorpus-88M/resolve/6f699f128416e8d55d6ab74976e964caec98b157/sodb/Zhang2023Amolecularly_rawcount_raw_counts_mouse2_coronal_co2_slice143.h5ad
Toycat/SToCorpus-88M,6f699f128416e8d55d6ab74976e964caec98b157,sodb/Zhang2023Amolecularly_rawcount_raw_counts_mouse2_coronal_co2_slice144.h5ad,17224794,24311e1278379f13a981e120d30b1d1b814ea22bc26060f7f8400455df06ae78,https://huggingface.co/datasets/Toycat/SToCorpus-88M/resolve/6f699f128416e8d55d6ab74976e964caec98b157/sodb/Zhang2023Amolecularly_rawcount_raw_counts_mouse2_coronal_co2_slice144.h5ad
Toycat/SToCorpus-88M,6f699f128416e8d55d6ab74976e964caec98b157,sodb/Zhang2023Amolecularly_rawcount_raw_counts_mouse2_coronal_co2_slice145.h5ad,16887646,22fd508eea7c6054ca7cc7b2bda6b9bb5bd114ac803202200fc9f4f1d5f32774,https://huggingface.co/datasets/Toycat/SToCorpus-88M/resolve/6f699f128416e8d55d6ab74976e964caec98b157/sodb/Zhang2023Amolecularly_rawcount_raw_counts_mouse2_coronal_co2_slice145.h5ad
Toycat/SToCorpus-88M,6f699f128416e8d55d6ab74976e964caec98b157,sodb/Zhang2023Amolecularly_rawcount_raw_counts_mouse2_coronal_co2_slice146.h5ad,19418462,3195bddfe224e698617c93a6164700794a759bfb738e2aa3e49f7a38abcc8ddd,https://huggingface.co/datasets/Toycat/SToCorpus-88M/resolve/6f699f128416e8d55d6ab74976e964caec98b157/sodb/Zhang2023Amolecularly_rawcount_raw_counts_mouse2_coronal_co2_slice146.h5ad
Toycat/SToCorpus-88M,6f699f128416e8d55d6ab74976e964caec98b157,sodb/Zhang2023Amolecularly_rawcount_raw_counts_mouse2_coronal_co2_slice147.h5ad,18485602,94c4728d20eacddf57359f13533075cd7754b036ac079644f73f4b2956924250,https://huggingface.co/datasets/Toycat/SToCorpus-88M/resolve/6f699f128416e8d55d6ab74976e964caec98b157/sodb/Zhang2023Amolecularly_rawcount_raw_counts_mouse2_coronal_co2_slice147.h5ad
Toycat/SToCorpus-88M,6f699f128416e8d55d6ab74976e964caec98b157,sodb/Zhang2023Amolecularly_rawcount_raw_counts_mouse2_coronal_co2_slice148.h5ad,20082530,688f79c143fa86c1cc43c463b8db98d16ea0c1e4def294d8660708bc99b8b261,https://huggingface.co/datasets/Toycat/SToCorpus-88M/resolve/6f699f128416e8d55d6ab74976e964caec98b157/sodb/Zhang2023Amolecularly_rawcount_raw_counts_mouse2_coronal_co2_slice148.h5ad
Toycat/SToCorpus-88M,6f699f128416e8d55d6ab74976e964caec98b157,sodb/Zhang2023Amolecularly_rawcount_raw_counts_mouse2_coronal_co2_slice149.h5ad,12018974,df99665ab157d207f6921548edd586bc8d72648ee6d4095c397ab061617000ed,https://huggingface.co/datasets/Toycat/SToCorpus-88M/resolve/6f699f128416e8d55d6ab74976e964caec98b157/sodb/Zhang2023Amolecularly_rawcount_raw_counts_mouse2_coronal_co2_slice149.h5ad
Toycat/SToCorpus-88M,6f699f128416e8d55d6ab74976e964caec98b157,sodb/Zhang2023Amolecularly_rawcount_raw_counts_mouse2_coronal_co2_slice15.h5ad,34402906,b24a7ab3abd9aa697ed473ab2c4e86f551cd02f02029841b8a65a43f3638f006,https://huggingface.co/datasets/Toycat/SToCorpus-88M/resolve/6f699f128416e8d55d6ab74976e964caec98b157/sodb/Zhang2023Amolecularly_rawcount_raw_counts_mouse2_coronal_co2_slice15.h5ad
Toycat/SToCorpus-88M,6f699f128416e8d55d6ab74976e964caec98b157,sodb/Zhang2023Amolecularly_rawcount_raw_counts_mouse2_coronal_co2_slice150.h5ad,16867890,5a010092e1fe018a8474f3a546255f1a6ca0f6b5a8dfbce65e85a11a13a753dc,https://huggingface.co/datasets/Toycat/SToCorpus-88M/resolve/6f699f128416e8d55d6ab74976e964caec98b157/sodb/Zhang2023Amolecularly_rawcount_raw_counts_mouse2_coronal_co2_slice150.h5ad
Toycat/SToCorpus-88M,6f699f128416e8d55d6ab74976e964caec98b157,sodb/Zhang2023Amolecularly_rawcount_raw_counts_mouse2_coronal_co2_slice16.h5ad,25382062,a9b77e6cb4bbd69e793b7a255cfc798b190b1e646e359c05ad5f286bff676b09,https://huggingface.co/datasets/Toycat/SToCorpus-88M/resolve/6f699f128416e8d55d6ab74976e964caec98b157/sodb/Zhang2023Amolecularly_rawcount_raw_counts_mouse2_coronal_co2_slice16.h5ad
Toycat/SToCorpus-88M,6f699f128416e8d55d6ab74976e964caec98b157,sodb/Zhang2023Amolecularly_rawcount_raw_counts_mouse2_coronal_co2_slice17.h5ad,27731794,6dab7324db8f0426d8cb893f02918f58500264cf2e4dea4f7df62f35d71d6a0b,https://huggingface.co/datasets/Toycat/SToCorpus-88M/resolve/6f699f128416e8d55d6ab74976e964caec98b157/sodb/Zhang2023Amolecularly_rawcount_raw_counts_mouse2_coronal_co2_slice17.h5ad
Toycat/SToCorpus-88M,6f699f128416e8d55d6ab74976e964caec98b157,sodb/Zhang2023Amolecularly_rawcount_raw_counts_mouse2_coronal_co2_slice18.h5ad,22293726,85ce3dc4802fc885d28222cabcb7e0a8852c64692f482b7127a3271fd1508505,https://huggingface.co/datasets/Toycat/SToCorpus-88M/resolve/6f699f128416e8d55d6ab74976e964caec98b157/sodb/Zhang2023Amolecularly_rawcount_raw_counts_mouse2_coronal_co2_slice18.h5ad
Toycat/SToCorpus-88M,6f699f128416e8d55d6ab74976e964caec98b157,sodb/Zhang2023Amolecularly_rawcount_raw_counts_mouse2_coronal_co2_slice19.h5ad,24219442,b96895d44585ca0a9361894b83730bd81f158d577019452eaf7dc08632afb463,https://huggingface.co/datasets/Toycat/SToCorpus-88M/resolve/6f699f128416e8d55d6ab74976e964caec98b157/sodb/Zhang2023Amolecularly_rawcount_raw_counts_mouse2_coronal_co2_slice19.h5ad
Toycat/SToCorpus-88M,6f699f128416e8d55d6ab74976e964caec98b157,sodb/Zhang2023Amolecularly_rawcount_raw_counts_mouse2_coronal_co2_slice2.h5ad,9187478,944482575143d7c678cd49bb7834c4804afadaa59e2a97fdd82e22903f329ffd,https://huggingface.co/datasets/Toycat/SToCorpus-88M/resolve/6f699f128416e8d55d6ab74976e964caec98b157/sodb/Zhang2023Amolecularly_rawcount_raw_counts_mouse2_coronal_co2_slice2.h5ad
Toycat/SToCorpus-88M,6f699f128416e8d55d6ab74976e964caec98b157,sodb/Zhang2023Amolecularly_rawcount_raw_counts_mouse2_coronal_co2_slice20.h5ad,22388322,647be18db2380aa6bbd790c613d69eb055b36fef221cb9c8bb41daec67857936,https://huggingface.co/datasets/Toycat/SToCorpus-88M/resolve/6f699f128416e8d55d6ab74976e964caec98b157/sodb/Zhang2023Amolecularly_rawcount_raw_counts_mouse2_coronal_co2_slice20.h5ad
Toycat/SToCorpus-88M,6f699f128416e8d55d6ab74976e964caec98b157,sodb/Zhang2023Amolecularly_rawcount_raw_counts_mouse2_coronal_co2_slice21.h5ad,34176990,50a65df1c550dbef93c5e7976478e57b567c603b00eeb1a15905832e47ed619f,https://huggingface.co/datasets/Toycat/SToCorpus-88M/resolve/6f699f128416e8d55d6ab74976e964caec98b157/sodb/Zhang2023Amolecularly_rawcount_raw_counts_mouse2_coronal_co2_slice21.h5ad
Toycat/SToCorpus-88M,6f699f128416e8d55d6ab74976e964caec98b157,sodb/Zhang2023Amolecularly_rawcount_raw_counts_mouse2_coronal_co2_slice22.h5ad,37714614,da6e39b3dff2ce54506fad396e257191f58aee963378e5dea1abb028527e5291,https://huggingface.co/datasets/Toycat/SToCorpus-88M/resolve/6f699f128416e8d55d6ab74976e964caec98b157/sodb/Zhang2023Amolecularly_rawcount_raw_counts_mouse2_coronal_co2_slice22.h5ad
Toycat/SToCorpus-88M,6f699f128416e8d55d6ab74976e964caec98b157,sodb/Zhang2023Amolecularly_rawcount_raw_counts_mouse2_coronal_co2_slice23.h5ad,27207266,6d2bd8f8ea8145befbb503a9221d08e237a9c82ceddae8ce88d154fdd9dec2f9,https://huggingface.co/datasets/Toycat/SToCorpus-88M/resolve/6f699f128416e8d55d6ab74976e964caec98b157/sodb/Zhang2023Amolecularly_rawcount_raw_counts_mouse2_coronal_co2_slice23.h5ad
Toycat/SToCorpus-88M,6f699f128416e8d55d6ab74976e964caec98b157,sodb/Zhang2023Amolecularly_rawcount_raw_counts_mouse2_coronal_co2_slice24.h5ad,39356290,3424c42cdbb304f5cd4a06ee7b7dcfeb6b7a04e0339aebfa102d0b69f8a9eff8,https://huggingface.co/datasets/Toycat/SToCorpus-88M/resolve/6f699f128416e8d55d6ab74976e964caec98b157/sodb/Zhang2023Amolecularly_rawcount_raw_counts_mouse2_coronal_co2_slice24.h5ad
Toycat/SToCorpus-88M,6f699f128416e8d55d6ab74976e964caec98b157,sodb/Zhang2023Amolecularly_rawcount_raw_counts_mouse2_coronal_co2_slice25.h5ad,37229274,abe2a8c56ee79e754007ea317da00c15300ffcbcb574f0d6f99577df0e219c02,https://huggingface.co/datasets/Toycat/SToCorpus-88M/resolve/6f699f128416e8d55d6ab74976e964caec98b157/sodb/Zhang2023Amolecularly_rawcount_raw_counts_mouse2_coronal_co2_slice25.h5ad
Toycat/SToCorpus-88M,6f699f128416e8d55d6ab74976e964caec98b157,sodb/Zhang2023Amolecularly_rawcount_raw_counts_mouse2_coronal_co2_slice26.h5ad,31031802,fd1b5282c3e655a3643ee6b1da926c25cf5f359b1c475c18de54e0c5d5b81ffd,https://huggingface.co/datasets/Toycat/SToCorpus-88M/resolve/6f699f128416e8d55d6ab74976e964caec98b157/sodb/Zhang2023Amolecularly_rawcount_raw_counts_mouse2_coronal_co2_slice26.h5ad
Toycat/SToCorpus-88M,6f699f128416e8d55d6ab74976e964caec98b157,sodb/Zhang2023Amolecularly_rawcount_raw_counts_mouse2_coronal_co2_slice27.h5ad,22399202,caf09e6511eddfcc8896087f6d0ede711f7d8c958d08ac44ab1e7f2a70522cb5,https://huggingface.co/datasets/Toycat/SToCorpus-88M/resolve/6f699f128416e8d55d6ab74976e964caec98b157/sodb/Zhang2023Amolecularly_rawcount_raw_counts_mouse2_coronal_co2_slice27.h5ad
Toycat/SToCorpus-88M,6f699f128416e8d55d6ab74976e964caec98b157,sodb/Zhang2023Amolecularly_rawcount_raw_counts_mouse2_coronal_co2_slice28.h5ad,39208798,5ae501e62b37bcaa6dd2b463d3fc4420bcd55346d8433eff838dd31fa3ceb332,https://huggingface.co/datasets/Toycat/SToCorpus-88M/resolve/6f699f128416e8d55d6ab74976e964caec98b157/sodb/Zhang2023Amolecularly_rawcount_raw_counts_mouse2_coronal_co2_slice28.h5ad
Toycat/SToCorpus-88M,6f699f128416e8d55d6ab74976e964caec98b157,sodb/Zhang2023Amolecularly_rawcount_raw_counts_mouse2_coronal_co2_slice29.h5ad,24751918,de3c8ee7792bb9ac8141af35ceaecd1c63571fcd517497f007b47f945ffe5b42,https://huggingface.co/datasets/Toycat/SToCorpus-88M/resolve/6f699f128416e8d55d6ab74976e964caec98b157/sodb/Zhang2023Amolecularly_rawcount_raw_counts_mouse2_coronal_co2_slice29.h5ad
Toycat/SToCorpus-88M,6f699f128416e8d55d6ab74976e964caec98b157,sodb/Zhang2023Amolecularly_rawcount_raw_counts_mouse2_coronal_co2_slice3.h5ad,12919350,694b26c8bd1ec4c570212e520e2000298cbfb425d80ee2c97bfaf4e4ed539da4,https://huggingface.co/datasets/Toycat/SToCorpus-88M/resolve/6f699f128416e8d55d6ab74976e964caec98b157/sodb/Zhang2023Amolecularly_rawcount_raw_counts_mouse2_coronal_co2_slice3.h5ad
Toycat/SToCorpus-88M,6f699f128416e8d55d6ab74976e964caec98b157,sodb/Zhang2023Amolecularly_rawcount_raw_counts_mouse2_coronal_co2_slice30.h5ad,26576262,33960585af9dac77bc23dcab1fe2327826110152512ddc0aa101cfe46b96af71,https://huggingface.co/datasets/Toycat/SToCorpus-88M/resolve/6f699f128416e8d55d6ab74976e964caec98b157/sodb/Zhang2023Amolecularly_rawcount_raw_counts_mouse2_coronal_co2_slice30.h5ad
Toycat/SToCorpus-88M,6f699f128416e8d55d6ab74976e964caec98b157,sodb/Zhang2023Amolecularly_rawcount_raw_counts_mouse2_coronal_co2_slice31.h5ad,36965514,cd8b589e1532b60c4c4f86fcfc4b3c04e5b646d81b7de17b4c00c5d3608333ac,https://huggingface.co/datasets/Toycat/SToCorpus-88M/resolve/6f699f128416e8d55d6ab74976e964caec98b157/sodb/Zhang2023Amolecularly_rawcount_raw_counts_mouse2_coronal_co2_slice31.h5ad
Toycat/SToCorpus-88M,6f699f128416e8d55d6ab74976e964caec98b157,sodb/Zhang2023Amolecularly_rawcount_raw_counts_mouse2_coronal_co2_slice32.h5ad,21814318,36be387b383496bc623d84824424516c744fe56036b1e4bd9f7430abf024cbf2,https://huggingface.co/datasets/Toycat/SToCorpus-88M/resolve/6f699f128416e8d55d6ab74976e964caec98b157/sodb/Zhang2023Amolecularly_rawcount_raw_counts_mouse2_coronal_co2_slice32.h5ad
Toycat/SToCorpus-88M,6f699f128416e8d55d6ab74976e964caec98b157,sodb/Zhang2023Amolecularly_rawcount_raw_counts_mouse2_coronal_co2_slice33.h5ad,41036242,66cdcd56312ff7397a666d3d2ac23196c497228fd56f4ad5020c4cbbbb62582d,https://huggingface.co/datasets/Toycat/SToCorpus-88M/resolve/6f699f128416e8d55d6ab74976e964caec98b157/sodb/Zhang2023Amolecularly_rawcount_raw_counts_mouse2_coronal_co2_slice33.h5ad
Toycat/SToCorpus-88M,6f699f128416e8d55d6ab74976e964caec98b157,sodb/Zhang2023Amolecularly_rawcount_raw_counts_mouse2_coronal_co2_slice34.h5ad,48222250,fc3a5cae22d0b5c1523458e9fb19d0b795d34250de031c73e001dfad2014f9f9,https://huggingface.co/datasets/Toycat/SToCorpus-88M/resolve/6f699f128416e8d55d6ab74976e964caec98b157/sodb/Zhang2023Amolecularly_rawcount_raw_counts_mouse2_coronal_co2_slice34.h5ad
Toycat/SToCorpus-88M,6f699f128416e8d55d6ab74976e964caec98b157,sodb/Zhang2023Amolecularly_rawcount_raw_counts_mouse2_coronal_co2_slice35.h5ad,46785242,bd1c5aeecd49ced2aaeff04c87fbb6b5520a53e5add6337477fcb6e6fd11f80b,https://huggingface.co/datasets/Toycat/SToCorpus-88M/resolve/6f699f128416e8d55d6ab74976e964caec98b157/sodb/Zhang2023Amolecularly_rawcount_raw_counts_mouse2_coronal_co2_slice35.h5ad
Toycat/SToCorpus-88M,6f699f128416e8d55d6ab74976e964caec98b157,sodb/Zhang2023Amolecularly_rawcount_raw_counts_mouse2_coronal_co2_slice36.h5ad,26535854,d37ec89ba79085c5553c4e06b07d41f53f95f0a1b05a232e2966344e1a6cdb8f,https://huggingface.co/datasets/Toycat/SToCorpus-88M/resolve/6f699f128416e8d55d6ab74976e964caec98b157/sodb/Zhang2023Amolecularly_rawcount_raw_counts_mouse2_coronal_co2_slice36.h5ad
Toycat/SToCorpus-88M,6f699f128416e8d55d6ab74976e964caec98b157,sodb/Zhang2023Amolecularly_rawcount_raw_counts_mouse2_coronal_co2_slice37.h5ad,18519522,d3a09f11a38c05c43c7c55aabf2572e4c4da23d57f39f93abcb62316e7c32fca,https://huggingface.co/datasets/Toycat/SToCorpus-88M/resolve/6f699f128416e8d55d6ab74976e964caec98b157/sodb/Zhang2023Amolecularly_rawcount_raw_counts_mouse2_coronal_co2_slice37.h5ad
Toycat/SToCorpus-88M,6f699f128416e8d55d6ab74976e964caec98b157,sodb/Zhang2023Amolecularly_rawcount_raw_counts_mouse2_coronal_co2_slice38.h5ad,33502510,5cceedeb5df4fedbbe62be9f97e617dd228430f3f2d416ed0aacaf4c41901c2c,https://huggingface.co/datasets/Toycat/SToCorpus-88M/resolve/6f699f128416e8d55d6ab74976e964caec98b157/sodb/Zhang2023Amolecularly_rawcount_raw_counts_mouse2_coronal_co2_slice38.h5ad
Toycat/SToCorpus-88M,6f699f128416e8d55d6ab74976e964caec98b157,sodb/Zhang2023Amolecularly_rawcount_raw_counts_mouse2_coronal_co2_slice39.h5ad,24435550,448e3d99b5d56d711ceb887e5f4f6108d2f1712c131725f2f5500203e345d4f5,https://huggingface.co/datasets/Toycat/SToCorpus-88M/resolve/6f699f128416e8d55d6ab74976e964caec98b157/sodb/Zhang2023Amolecularly_rawcount_raw_counts_mouse2_coronal_co2_slice39.h5ad
Toycat/SToCorpus-88M,6f699f128416e8d55d6ab74976e964caec98b157,sodb/Zhang2023Amolecularly_rawcount_raw_counts_mouse2_coronal_co2_slice4.h5ad,17986526,0936c89fc11599cb0de51bd4f86bfb7a48079ff2c1759de591a7df38ebadf3e0,https://huggingface.co/datasets/Toycat/SToCorpus-88M/resolve/6f699f128416e8d55d6ab74976e964caec98b157/sodb/Zhang2023Amolecularly_rawcount_raw_counts_mouse2_coronal_co2_slice4.h5ad
Toycat/SToCorpus-88M,6f699f128416e8d55d6ab74976e964caec98b157,sodb/Zhang2023Amolecularly_rawcount_raw_counts_mouse2_coronal_co2_slice40.h5ad,36638946,57df7b33f4b07ea639640fcaa5454f7709c42dc7017cb32136a129169c217908,https://huggingface.co/datasets/Toycat/SToCorpus-88M/resolve/6f699f128416e8d55d6ab74976e964caec98b157/sodb/Zhang2023Amolecularly_rawcount_raw_counts_mouse2_coronal_co2_slice40.h5ad
Toycat/SToCorpus-88M,6f699f128416e8d55d6ab74976e964caec98b157,sodb/Zhang2023Amolecularly_rawcount_raw_counts_mouse2_coronal_co2_slice41.h5ad,30052230,44075e15abbc410f491fb886cb5eb52dc0ec113c9f3c629987e572c4b0dd13c2,https://huggingface.co/datasets/Toycat/SToCorpus-88M/resolve/6f699f128416e8d55d6ab74976e964caec98b157/sodb/Zhang2023Amolecularly_rawcount_raw_counts_mouse2_coronal_co2_slice41.h5ad
Toycat/SToCorpus-88M,6f699f128416e8d55d6ab74976e964caec98b157,sodb/Zhang2023Amolecularly_rawcount_raw_counts_mouse2_coronal_co2_slice42.h5ad,35726086,17692c9ad49af3884e17c78f6337a9172f44efc04bc1f53ae9a2f53b08d3f3cf,https://huggingface.co/datasets/Toycat/SToCorpus-88M/resolve/6f699f128416e8d55d6ab74976e964caec98b157/sodb/Zhang2023Amolecularly_rawcount_raw_counts_mouse2_coronal_co2_slice42.h5ad
Toycat/SToCorpus-88M,6f699f128416e8d55d6ab74976e964caec98b157,sodb/Zhang2023Amolecularly_rawcount_raw_counts_mouse2_coronal_co2_slice43.h5ad,32655278,2d72707149d947ac9de8bedbc03a386d873c4ad6685a863ef719f7a4821acb95,https://huggingface.co/datasets/Toycat/SToCorpus-88M/resolve/6f699f128416e8d55d6ab74976e964caec98b157/sodb/Zhang2023Amolecularly_rawcount_raw_counts_mouse2_coronal_co2_slice43.h5ad
Toycat/SToCorpus-88M,6f699f128416e8d55d6ab74976e964caec98b157,sodb/Zhang2023Amolecularly_rawcount_raw_counts_mouse2_coronal_co2_slice44.h5ad,35594330,87511a681e9acc7b597ef533c3c1211145d556f74387ee214b6edea2d77e2a25,https://huggingface.co/datasets/Toycat/SToCorpus-88M/resolve/6f699f128416e8d55d6ab74976e964caec98b157/sodb/Zhang2023Amolecularly_rawcount_raw_counts_mouse2_coronal_co2_slice44.h5ad
Toycat/SToCorpus-88M,6f699f128416e8d55d6ab74976e964caec98b157,sodb/Zhang2023Amolecularly_rawcount_raw_counts_mouse2_coronal_co2_slice45.h5ad,25631870,c9823c04dd710ec534782286cb2c19640a49c458c10876625d8be95d838d248e,https://huggingface.co/datasets/Toycat/SToCorpus-88M/resolve/6f699f128416e8d55d6ab74976e964caec98b157/sodb/Zhang2023Amolecularly_rawcount_raw_counts_mouse2_coronal_co2_slice45.h5ad
Toycat/SToCorpus-88M,6f699f128416e8d55d6ab74976e964caec98b157,sodb/Zhang2023Amolecularly_rawcount_raw_counts_mouse2_coronal_co2_slice46.h5ad,48789634,d2d6a91748668aa901d97f8719bb22f52110af899f70cc1990db8c0c3ddb4143,https://huggingface.co/datasets/Toycat/SToCorpus-88M/resolve/6f699f128416e8d55d6ab74976e964caec98b157/sodb/Zhang2023Amolecularly_rawcount_raw_counts_mouse2_coronal_co2_slice46.h5ad
Toycat/SToCorpus-88M,6f699f128416e8d55d6ab74976e964caec98b157,sodb/Zhang2023Amolecularly_rawcount_raw_counts_mouse2_coronal_co2_slice47.h5ad,46494330,1b8c29ab219a8e4c2a8637757c6a36ae090b335320bfd53f537e5fe6bde7ee79,https://huggingface.co/datasets/Toycat/SToCorpus-88M/resolve/6f699f128416e8d55d6ab74976e964caec98b157/sodb/Zhang2023Amolecularly_rawcount_raw_counts_mouse2_coronal_co2_slice47.h5ad
Toycat/SToCorpus-88M,6f699f128416e8d55d6ab74976e964caec98b157,sodb/Zhang2023Amolecularly_rawcount_raw_counts_mouse2_coronal_co2_slice48.h5ad,42602926,0d4d39ae99e32a0d8d19b408586119d2a78d5afef8fdc476691c062702d87f79,https://huggingface.co/datasets/Toycat/SToCorpus-88M/resolve/6f699f128416e8d55d6ab74976e964caec98b157/sodb/Zhang2023Amolecularly_rawcount_raw_counts_mouse2_coronal_co2_slice48.h5ad
Toycat/SToCorpus-88M,6f699f128416e8d55d6ab74976e964caec98b157,sodb/Zhang2023Amolecularly_rawcount_raw_counts_mouse2_coronal_co2_slice49.h5ad,41040338,2b998bf8383baae5cb4a640e8eb8a8ba1a58965b435e7a593ebd85bd62fe1515,https://huggingface.co/datasets/Toycat/SToCorpus-88M/resolve/6f699f128416e8d55d6ab74976e964caec98b157/sodb/Zhang2023Amolecularly_rawcount_raw_counts_mouse2_coronal_co2_slice49.h5ad
Toycat/SToCorpus-88M,6f699f128416e8d55d6ab74976e964caec98b157,sodb/Zhang2023Amolecularly_rawcount_raw_counts_mouse2_coronal_co2_slice5.h5ad,19992926,fc3c550c11e927228491d80880420bfca92c115ee2e6bf4cc1bac857dfe480a9,https://huggingface.co/datasets/Toycat/SToCorpus-88M/resolve/6f699f128416e8d55d6ab74976e964caec98b157/sodb/Zhang2023Amolecularly_rawcount_raw_counts_mouse2_coronal_co2_slice5.h5ad
Toycat/SToCorpus-88M,6f699f128416e8d55d6ab74976e964caec98b157,sodb/Zhang2023Amolecularly_rawcount_raw_counts_mouse2_coronal_co2_slice50.h5ad,59281802,6a0fa841f11a7ed16121e53077c5b721a34dc3197386124d04876ed5bfd004a9,https://huggingface.co/datasets/Toycat/SToCorpus-88M/resolve/6f699f128416e8d55d6ab74976e964caec98b157/sodb/Zhang2023Amolecularly_rawcount_raw_counts_mouse2_coronal_co2_slice50.h5ad
Toycat/SToCorpus-88M,6f699f128416e8d55d6ab74976e964caec98b157,sodb/Zhang2023Amolecularly_rawcount_raw_counts_mouse2_coronal_co2_slice51.h5ad,42837978,ca775836a0959245d6deebce424a85d49ba1c3408bd90de2fc2d04a11dd42fa2,https://huggingface.co/datasets/Toycat/SToCorpus-88M/resolve/6f699f128416e8d55d6ab74976e964caec98b157/sodb/Zhang2023Amolecularly_rawcount_raw_counts_mouse2_coronal_co2_slice51.h5ad
Toycat/SToCorpus-88M,6f699f128416e8d55d6ab74976e964caec98b157,sodb/Zhang2023Amolecularly_rawcount_raw_counts_mouse2_coronal_co2_slice52.h5ad,50550994,6c5a29a8a2ed9a8d00fa601c2b831e2d6a5931b9f8d3e6e7ee33ef6d0bcb17ce,https://huggingface.co/datasets/Toycat/SToCorpus-88M/resolve/6f699f128416e8d55d6ab74976e964caec98b157/sodb/Zhang2023Amolecularly_rawcount_raw_counts_mouse2_coronal_co2_slice52.h5ad
Toycat/SToCorpus-88M,6f699f128416e8d55d6ab74976e964caec98b157,sodb/Zhang2023Amolecularly_rawcount_raw_counts_mouse2_coronal_co2_slice53.h5ad,47309178,bc2e2871fbdb0a98bbaacd4f04d97c1d0b74e5b6c51088d5a3d28522219d5494,https://huggingface.co/datasets/Toycat/SToCorpus-88M/resolve/6f699f128416e8d55d6ab74976e964caec98b157/sodb/Zhang2023Amolecularly_rawcount_raw_counts_mouse2_coronal_co2_slice53.h5ad
Toycat/SToCorpus-88M,6f699f128416e8d55d6ab74976e964caec98b157,sodb/Zhang2023Amolecularly_rawcount_raw_counts_mouse2_coronal_co2_slice54.h5ad,48548314,210587b3d1de171d503b741baf3f7168c6a4fbdd62c512613c82f2d48a7d3ee5,https://huggingface.co/datasets/Toycat/SToCorpus-88M/resolve/6f699f128416e8d55d6ab74976e964caec98b157/sodb/Zhang2023Amolecularly_rawcount_raw_counts_mouse2_coronal_co2_slice54.h5ad
Toycat/SToCorpus-88M,6f699f128416e8d55d6ab74976e964caec98b157,sodb/Zhang2023Amolecularly_rawcount_raw_counts_mouse2_coronal_co2_slice55.h5ad,33360694,25410d07d642bad9bf6e009861fed6753a09a17763aa9459765cb45d8d90087b,https://huggingface.co/datasets/Toycat/SToCorpus-88M/resolve/6f699f128416e8d55d6ab74976e964caec98b157/sodb/Zhang2023Amolecularly_rawcount_raw_counts_mouse2_coronal_co2_slice55.h5ad
Toycat/SToCorpus-88M,6f699f128416e8d55d6ab74976e964caec98b157,sodb/Zhang2023Amolecularly_rawcount_raw_counts_mouse2_coronal_co2_slice56.h5ad,51217494,02a292903c0bf5cc5a602b9cf833377aa1ced6157b02ea226dae3935687a8c10,https://huggingface.co/datasets/Toycat/SToCorpus-88M/resolve/6f699f128416e8d55d6ab74976e964caec98b157/sodb/Zhang2023Amolecularly_rawcount_raw_counts_mouse2_coronal_co2_slice56.h5ad
Toycat/SToCorpus-88M,6f699f128416e8d55d6ab74976e964caec98b157,sodb/Zhang2023Amolecularly_rawcount_raw_counts_mouse2_coronal_co2_slice57.h5ad,54842066,56967da09bcb356b1dc8359ec6dcc158ffc0849daa7d53899057a67545fa7249,https://huggingface.co/datasets/Toycat/SToCorpus-88M/resolve/6f699f128416e8d55d6ab74976e964caec98b157/sodb/Zhang2023Amolecularly_rawcount_raw_counts_mouse2_coronal_co2_slice57.h5ad
Toycat/SToCorpus-88M,6f699f128416e8d55d6ab74976e964caec98b157,sodb/Zhang2023Amolecularly_rawcount_raw_counts_mouse2_coronal_co2_slice58.h5ad,54156214,dc8f1ecc55b1ddb34d5f4a9737a0b2b483d88b69fe55eaaa4b1054f5ee2d6ab0,https://huggingface.co/datasets/Toycat/SToCorpus-88M/resolve/6f699f128416e8d55d6ab74976e964caec98b157/sodb/Zhang2023Amolecularly_rawcount_raw_counts_mouse2_coronal_co2_slice58.h5ad
Toycat/SToCorpus-88M,6f699f128416e8d55d6ab74976e964caec98b157,sodb/Zhang2023Amolecularly_rawcount_raw_counts_mouse2_coronal_co2_slice59.h5ad,48003414,9b8466b40b2d766ce1be5b32859d0456cd37b78478d7684a093d974f9d9e72b0,https://huggingface.co/datasets/Toycat/SToCorpus-88M/resolve/6f699f128416e8d55d6ab74976e964caec98b157/sodb/Zhang2023Amolecularly_rawcount_raw_counts_mouse2_coronal_co2_slice59.h5ad
Toycat/SToCorpus-88M,6f699f128416e8d55d6ab74976e964caec98b157,sodb/Zhang2023Amolecularly_rawcount_raw_counts_mouse2_coronal_co2_slice6.h5ad,18294494,2f9a108ffd9cb5279bb12053daa049937bab135c37c32c83122156695e394617,https://huggingface.co/datasets/Toycat/SToCorpus-88M/resolve/6f699f128416e8d55d6ab74976e964caec98b157/sodb/Zhang2023Amolecularly_rawcount_raw_counts_mouse2_coronal_co2_slice6.h5ad
Toycat/SToCorpus-88M,6f699f128416e8d55d6ab74976e964caec98b157,sodb/Zhang2023Amolecularly_rawcount_raw_counts_mouse2_coronal_co2_slice60.h5ad,67118246,bb100aa41d4db2d1c19caf545468eeabc097d6337b9a2f4d40d2eefae86be41b,https://huggingface.co/datasets/Toycat/SToCorpus-88M/resolve/6f699f128416e8d55d6ab74976e964caec98b157/sodb/Zhang2023Amolecularly_rawcount_raw_counts_mouse2_coronal_co2_slice60.h5ad
Toycat/SToCorpus-88M,6f699f128416e8d55d6ab74976e964caec98b157,sodb/Zhang2023Amolecularly_rawcount_raw_counts_mouse2_coronal_co2_slice61.h5ad,57223810,382652312f375ea8f5809c0c4c47cee3da9baba0d4b6e6b09f427db856a12314,https://huggingface.co/datasets/Toycat/SToCorpus-88M/resolve/6f699f128416e8d55d6ab74976e964caec98b157/sodb/Zhang2023Amolecularly_rawcount_raw_counts_mouse2_coronal_co2_slice61.h5ad
Toycat/SToCorpus-88M,6f699f128416e8d55d6ab74976e964caec98b157,sodb/Zhang2023Amolecularly_rawcount_raw_counts_mouse2_coronal_co2_slice62.h5ad,61157294,a797d0b7271e18fdff331ba0139880ed120209b5e27c00dc7e22465db1d9b887,https://huggingface.co/datasets/Toycat/SToCorpus-88M/resolve/6f699f128416e8d55d6ab74976e964caec98b157/sodb/Zhang2023Amolecularly_rawcount_raw_counts_mouse2_coronal_co2_slice62.h5ad
Toycat/SToCorpus-88M,6f699f128416e8d55d6ab74976e964caec98b157,sodb/Zhang2023Amolecularly_rawcount_raw_counts_mouse2_coronal_co2_slice63.h5ad,51035530,fc727a5d2fa7ac1372976489cb4f798ab0c7d2ee8dbdfd1b60578b6162ebf08d,https://huggingface.co/datasets/Toycat/SToCorpus-88M/resolve/6f699f128416e8d55d6ab74976e964caec98b157/sodb/Zhang2023Amolecularly_rawcount_raw_counts_mouse2_coronal_co2_slice63.h5ad
Toycat/SToCorpus-88M,6f699f128416e8d55d6ab74976e964caec98b157,sodb/Zhang2023Amolecularly_rawcount_raw_counts_mouse2_coronal_co2_slice64.h5ad,57092218,d54e20ca958d3c188e53a59a2643b919b71b1aa10529f2c8cf425a961d21f761,https://huggingface.co/datasets/Toycat/SToCorpus-88M/resolve/6f699f128416e8d55d6ab74976e964caec98b157/sodb/Zhang2023Amolecularly_rawcount_raw_counts_mouse2_coronal_co2_slice64.h5ad
Toycat/SToCorpus-88M,6f699f128416e8d55d6ab74976e964caec98b157,sodb/Zhang2023Amolecularly_rawcount_raw_counts_mouse2_coronal_co2_slice65.h5ad,35316350,421708a9cec7caafc06ec41cea703e3a523eaa39f194f791850f46f84d571206,https://huggingface.co/datasets/Toycat/SToCorpus-88M/resolve/6f699f128416e8d55d6ab74976e964caec98b157/sodb/Zhang2023Amolecularly_rawcount_raw_counts_mouse2_coronal_co2_slice65.h5ad
Toycat/SToCorpus-88M,6f699f128416e8d55d6ab74976e964caec98b157,sodb/Zhang2023Amolecularly_rawcount_raw_counts_mouse2_coronal_co2_slice66.h5ad,55917398,b34b23ca7aa769e64ded9cc6d4afd60d5a761af27a5cc07f244791dac46ae50d,https://huggingface.co/datasets/Toycat/SToCorpus-88M/resolve/6f699f128416e8d55d6ab74976e964caec98b157/sodb/Zhang2023Amolecularly_rawcount_raw_counts_mouse2_coronal_co2_slice66.h5ad
Toycat/SToCorpus-88M,6f699f128416e8d55d6ab74976e964caec98b157,sodb/Zhang2023Amolecularly_rawcount_raw_counts_mouse2_coronal_co2_slice67.h5ad,57056334,79b740c5782ec344cc5d14405bad8d5163e2cdc14b7f68a19e2954c3ecf565c3,https://huggingface.co/datasets/Toycat/SToCorpus-88M/resolve/6f699f128416e8d55d6ab74976e964caec98b157/sodb/Zhang2023Amolecularly_rawcount_raw_counts_mouse2_coronal_co2_slice67.h5ad
Toycat/SToCorpus-88M,6f699f128416e8d55d6ab74976e964caec98b157,sodb/Zhang2023Amolecularly_rawcount_raw_counts_mouse2_coronal_co2_slice68.h5ad,55802030,f96c91c1d589c8432ea7fde9993111086b334dc2b1fec18dea5f262182e11869,https://huggingface.co/datasets/Toycat/SToCorpus-88M/resolve/6f699f128416e8d55d6ab74976e964caec98b157/sodb/Zhang2023Amolecularly_rawcount_raw_counts_mouse2_coronal_co2_slice68.h5ad
Toycat/SToCorpus-88M,6f699f128416e8d55d6ab74976e964caec98b157,sodb/Zhang2023Amolecularly_rawcount_raw_counts_mouse2_coronal_co2_slice69.h5ad,41562278,32e14624b3ee0ec53d51579997e0f9f060e55f284961047c8c60821eb5a77ceb,https://huggingface.co/datasets/Toycat/SToCorpus-88M/resolve/6f699f128416e8d55d6ab74976e964caec98b157/sodb/Zhang2023Amolecularly_rawcount_raw_counts_mouse2_coronal_co2_slice69.h5ad
Toycat/SToCorpus-88M,6f699f128416e8d55d6ab74976e964caec98b157,sodb/Zhang2023Amolecularly_rawcount_raw_counts_mouse2_coronal_co2_slice7.h5ad,17991602,62e2ca4377e27e93b28707e293ddb133bd598d47e4a364dc4b62e72279908332,https://huggingface.co/datasets/Toycat/SToCorpus-88M/resolve/6f699f128416e8d55d6ab74976e964caec98b157/sodb/Zhang2023Amolecularly_rawcount_raw_counts_mouse2_coronal_co2_slice7.h5ad
Toycat/SToCorpus-88M,6f699f128416e8d55d6ab74976e964caec98b157,sodb/Zhang2023Amolecularly_rawcount_raw_counts_mouse2_coronal_co2_slice70.h5ad,64808690,3809ea6ce333ec87c1c1f5a83ec69625e6d048a0202c1917dbe6188fd0e6c9aa,https://huggingface.co/datasets/Toycat/SToCorpus-88M/resolve/6f699f128416e8d55d6ab74976e964caec98b157/sodb/Zhang2023Amolecularly_rawcount_raw_counts_mouse2_coronal_co2_slice70.h5ad
Toycat/SToCorpus-88M,6f699f128416e8d55d6ab74976e964caec98b157,sodb/Zhang2023Amolecularly_rawcount_raw_counts_mouse2_coronal_co2_slice71.h5ad,48024802,bad2098c91cc0f6084c8b2ad993411829e1fd81169107aac512327035039165d,https://huggingface.co/datasets/Toycat/SToCorpus-88M/resolve/6f699f128416e8d55d6ab74976e964caec98b157/sodb/Zhang2023Amolecularly_rawcount_raw_counts_mouse2_coronal_co2_slice71.h5ad
Toycat/SToCorpus-88M,6f699f128416e8d55d6ab74976e964caec98b157,sodb/Zhang2023Amolecularly_rawcount_raw_counts_mouse2_coronal_co2_slice72.h5ad,43014398,e60a742a08f9e6fd9d0a0c2e62a01955f24467ea1c9970515b7cb3b93655938a,https://huggingface.co/datasets/Toycat/SToCorpus-88M/resolve/6f699f128416e8d55d6ab74976e964caec98b157/sodb/Zhang2023Amolecularly_rawcount_raw_counts_mouse2_coronal_co2_slice72.h5ad
Toycat/SToCorpus-88M,6f699f128416e8d55d6ab74976e964caec98b157,sodb/Zhang2023Amolecularly_rawcount_raw_counts_mouse2_coronal_co2_slice73.h5ad,42905866,e38bcd0ed68d45d2efdc36fb8330dcdd3a04960f4cc19d955cb32a05763cdac8,https://huggingface.co/datasets/Toycat/SToCorpus-88M/resolve/6f699f128416e8d55d6ab74976e964caec98b157/sodb/Zhang2023Amolecularly_rawcount_raw_counts_mouse2_coronal_co2_slice73.h5ad
Toycat/SToCorpus-88M,6f699f128416e8d55d6ab74976e964caec98b157,sodb/Zhang2023Amolecularly_rawcount_raw_counts_mouse2_coronal_co2_slice74.h5ad,48579934,1471f4a529c87c1ecefd4b46c9559e5bd50d96dec2b01f4a0f5f7ae5f6da0705,https://huggingface.co/datasets/Toycat/SToCorpus-88M/resolve/6f699f128416e8d55d6ab74976e964caec98b157/sodb/Zhang2023Amolecularly_rawcount_raw_counts_mouse2_coronal_co2_slice74.h5ad
Toycat/SToCorpus-88M,6f699f128416e8d55d6ab74976e964caec98b157,sodb/Zhang2023Amolecularly_rawcount_raw_counts_mouse2_coronal_co2_slice75.h5ad,54182734,363179f5c55bb901418d0fd81981f1b401b781878cb23a274826af897a743088,https://huggingface.co/datasets/Toycat/SToCorpus-88M/resolve/6f699f128416e8d55d6ab74976e964caec98b157/sodb/Zhang2023Amolecularly_rawcount_raw_counts_mouse2_coronal_co2_slice75.h5ad
Toycat/SToCorpus-88M,6f699f128416e8d55d6ab74976e964caec98b157,sodb/Zhang2023Amolecularly_rawcount_raw_counts_mouse2_coronal_co2_slice76.h5ad,54879794,98b884517fc659cfba61e030c6a92b5924cacaa89517d99648fd07a68a1f821f,https://huggingface.co/datasets/Toycat/SToCorpus-88M/resolve/6f699f128416e8d55d6ab74976e964caec98b157/sodb/Zhang2023Amolecularly_rawcount_raw_counts_mouse2_coronal_co2_slice76.h5ad
Toycat/SToCorpus-88M,6f699f128416e8d55d6ab74976e964caec98b157,sodb/Zhang2023Amolecularly_rawcount_raw_counts_mouse2_coronal_co2_slice77.h5ad,57449178,6136249edefedb98228b35e87ea71cbe61847b82efa7dde2e5c6ccfc77097ce0,https://huggingface.co/datasets/Toycat/SToCorpus-88M/resolve/6f699f128416e8d55d6ab74976e964caec98b157/sodb/Zhang2023Amolecularly_rawcount_raw_counts_mouse2_coronal_co2_slice77.h5ad
Toycat/SToCorpus-88M,6f699f128416e8d55d6ab74976e964caec98b157,sodb/Zhang2023Amolecularly_rawcount_raw_counts_mouse2_coronal_co2_slice78.h5ad,81359578,9393743da6b155363d529365a3be1fb6830abd0fc149f142b1df0290cdf5f355,https://huggingface.co/datasets/Toycat/SToCorpus-88M/resolve/6f699f128416e8d55d6ab74976e964caec98b157/sodb/Zhang2023Amolecularly_rawcount_raw_counts_mouse2_coronal_co2_slice78.h5ad
Toycat/SToCorpus-88M,6f699f128416e8d55d6ab74976e964caec98b157,sodb/Zhang2023Amolecularly_rawcount_raw_counts_mouse2_coronal_co2_slice79.h5ad,56014970,d0ca6a8ad70dc790a535daa186bba2a858c1f92d171f07bfede53755081f5387,https://huggingface.co/datasets/Toycat/SToCorpus-88M/resolve/6f699f128416e8d55d6ab74976e964caec98b157/sodb/Zhang2023Amolecularly_rawcount_raw_counts_mouse2_coronal_co2_slice79.h5ad
Toycat/SToCorpus-88M,6f699f128416e8d55d6ab74976e964caec98b157,sodb/Zhang2023Amolecularly_rawcount_raw_counts_mouse2_coronal_co2_slice8.h5ad,27932338,04b6175f8e21a35940db54fb415476346bdc56bea145db80d0ed23ddf2a23bd0,https://huggingface.co/datasets/Toycat/SToCorpus-88M/resolve/6f699f128416e8d55d6ab74976e964caec98b157/sodb/Zhang2023Amolecularly_rawcount_raw_counts_mouse2_coronal_co2_slice8.h5ad
Toycat/SToCorpus-88M,6f699f128416e8d55d6ab74976e964caec98b157,sodb/Zhang2023Amolecularly_rawcount_raw_counts_mouse2_coronal_co2_slice80.h5ad,72009522,c3d056831deec7ce79552bee67163dd88d61d1d53c231ab61a8fdaf15eaabf4a,https://huggingface.co/datasets/Toycat/SToCorpus-88M/resolve/6f699f128416e8d55d6ab74976e964caec98b157/sodb/Zhang2023Amolecularly_rawcount_raw_counts_mouse2_coronal_co2_slice80.h5ad
Toycat/SToCorpus-88M,6f699f128416e8d55d6ab74976e964caec98b157,sodb/Zhang2023Amolecularly_rawcount_raw_counts_mouse2_coronal_co2_slice81.h5ad,54511542,7821e35fb1d05691b4711a1295d62f750521fdc783827c03885b78605bd02e0b,https://huggingface.co/datasets/Toycat/SToCorpus-88M/resolve/6f699f128416e8d55d6ab74976e964caec98b157/sodb/Zhang2023Amolecularly_rawcount_raw_counts_mouse2_coronal_co2_slice81.h5ad
Toycat/SToCorpus-88M,6f699f128416e8d55d6ab74976e964caec98b157,sodb/Zhang2023Amolecularly_rawcount_raw_counts_mouse2_coronal_co2_slice82.h5ad,46004902,74be297d734733f6ed89441f7d9747198c3db12b99670aeea75d2b0842f800e1,https://huggingface.co/datasets/Toycat/SToCorpus-88M/resolve/6f699f128416e8d55d6ab74976e964caec98b157/sodb/Zhang2023Amolecularly_rawcount_raw_counts_mouse2_coronal_co2_slice82.h5ad
Toycat/SToCorpus-88M,6f699f128416e8d55d6ab74976e964caec98b157,sodb/Zhang2023Amolecularly_rawcount_raw_counts_mouse2_coronal_co2_slice83.h5ad,50587274,edb9f3f66444bc13728bcc3ca1e01896ed467a2c781c23be0de7a0e308fcc99f,https://huggingface.co/datasets/Toycat/SToCorpus-88M/resolve/6f699f128416e8d55d6ab74976e964caec98b157/sodb/Zhang2023Amolecularly_rawcount_raw_counts_mouse2_coronal_co2_slice83.h5ad
Toycat/SToCorpus-88M,6f699f128416e8d55d6ab74976e964caec98b157,sodb/Zhang2023Amolecularly_rawcount_raw_counts_mouse2_coronal_co2_slice84.h5ad,47782626,08dc6a50ae3e85fe93d63fed93be072ed10b5d7fdc0db78f85d983e52ee76099,https://huggingface.co/datasets/Toycat/SToCorpus-88M/resolve/6f699f128416e8d55d6ab74976e964caec98b157/sodb/Zhang2023Amolecularly_rawcount_raw_counts_mouse2_coronal_co2_slice84.h5ad
Toycat/SToCorpus-88M,6f699f128416e8d55d6ab74976e964caec98b157,sodb/Zhang2023Amolecularly_rawcount_raw_counts_mouse2_coronal_co2_slice85.h5ad,58267214,f6cdd1af38b3d7e44ee85083c738967ad98c316d41e39f0e5d0a15ec5a0df66c,https://huggingface.co/datasets/Toycat/SToCorpus-88M/resolve/6f699f128416e8d55d6ab74976e964caec98b157/sodb/Zhang2023Amolecularly_rawcount_raw_counts_mouse2_coronal_co2_slice85.h5ad
Toycat/SToCorpus-88M,6f699f128416e8d55d6ab74976e964caec98b157,sodb/Zhang2023Amolecularly_rawcount_raw_counts_mouse2_coronal_co2_slice86.h5ad,56580066,b9517a7fc6542fabc54792d350db9b06e6dec51e6ff3ecafc1dd95cce030f604,https://huggingface.co/datasets/Toycat/SToCorpus-88M/resolve/6f699f128416e8d55d6ab74976e964caec98b157/sodb/Zhang2023Amolecularly_rawcount_raw_counts_mouse2_coronal_co2_slice86.h5ad
Toycat/SToCorpus-88M,6f699f128416e8d55d6ab74976e964caec98b157,sodb/Zhang2023Amolecularly_rawcount_raw_counts_mouse2_coronal_co2_slice87.h5ad,53065426,09cd4380296757c7afe6628971e4860d62195cd5c46b4e803e88e41d1bdf2397,https://huggingface.co/datasets/Toycat/SToCorpus-88M/resolve/6f699f128416e8d55d6ab74976e964caec98b157/sodb/Zhang2023Amolecularly_rawcount_raw_counts_mouse2_coronal_co2_slice87.h5ad
Toycat/SToCorpus-88M,6f699f128416e8d55d6ab74976e964caec98b157,sodb/Zhang2023Amolecularly_rawcount_raw_counts_mouse2_coronal_co2_slice88.h5ad,74475402,d4015c80542b7eaa371f16748a828c6cf4e999c7237bcb1a9aa517ca178856d1,https://huggingface.co/datasets/Toycat/SToCorpus-88M/resolve/6f699f128416e8d55d6ab74976e964caec98b157/sodb/Zhang2023Amolecularly_rawcount_raw_counts_mouse2_coronal_co2_slice88.h5ad
Toycat/SToCorpus-88M,6f699f128416e8d55d6ab74976e964caec98b157,sodb/Zhang2023Amolecularly_rawcount_raw_counts_mouse2_coronal_co2_slice89.h5ad,54689154,e054f6598617523b6f6cd11fd6a469362b2c71545e0e370c9549910f3bb7b912,https://huggingface.co/datasets/Toycat/SToCorpus-88M/resolve/6f699f128416e8d55d6ab74976e964caec98b157/sodb/Zhang2023Amolecularly_rawcount_raw_counts_mouse2_coronal_co2_slice89.h5ad
Toycat/SToCorpus-88M,6f699f128416e8d55d6ab74976e964caec98b157,sodb/Zhang2023Amolecularly_rawcount_raw_counts_mouse2_coronal_co2_slice9.h5ad,15644070,e414e8719515a7ac8df0cabc60ce7d77e1ec746ced1fc69c7472351938a2dbfb,https://huggingface.co/datasets/Toycat/SToCorpus-88M/resolve/6f699f128416e8d55d6ab74976e964caec98b157/sodb/Zhang2023Amolecularly_rawcount_raw_counts_mouse2_coronal_co2_slice9.h5ad
Toycat/SToCorpus-88M,6f699f128416e8d55d6ab74976e964caec98b157,sodb/Zhang2023Amolecularly_rawcount_raw_counts_mouse2_coronal_co2_slice90.h5ad,68252926,217611e4805eada347b9739e3cea7969d223dcf8b63dd87ac9fe0a165b39b2f9,https://huggingface.co/datasets/Toycat/SToCorpus-88M/resolve/6f699f128416e8d55d6ab74976e964caec98b157/sodb/Zhang2023Amolecularly_rawcount_raw_counts_mouse2_coronal_co2_slice90.h5ad
Toycat/SToCorpus-88M,6f699f128416e8d55d6ab74976e964caec98b157,sodb/Zhang2023Amolecularly_rawcount_raw_counts_mouse2_coronal_co2_slice91.h5ad,42445494,d2d2699356123171bcb16aefc969b60e5e8ed190e1e7e41622e7a5aeb502473a,https://huggingface.co/datasets/Toycat/SToCorpus-88M/resolve/6f699f128416e8d55d6ab74976e964caec98b157/sodb/Zhang2023Amolecularly_rawcount_raw_counts_mouse2_coronal_co2_slice91.h5ad
Toycat/SToCorpus-88M,6f699f128416e8d55d6ab74976e964caec98b157,sodb/Zhang2023Amolecularly_rawcount_raw_counts_mouse2_coronal_co2_slice92.h5ad,58542386,b70f88dd70c87f41e3cf588bbc1a83ebf8145ff1e38568ce2cc60b3461cf6bea,https://huggingface.co/datasets/Toycat/SToCorpus-88M/resolve/6f699f128416e8d55d6ab74976e964caec98b157/sodb/Zhang2023Amolecularly_rawcount_raw_counts_mouse2_coronal_co2_slice92.h5ad
Toycat/SToCorpus-88M,6f699f128416e8d55d6ab74976e964caec98b157,sodb/Zhang2023Amolecularly_rawcount_raw_counts_mouse2_coronal_co2_slice93.h5ad,56530598,61646401b738fbac74ef512a5e3e35c0a218424cf3d1c733a09219a1f4f0775c,https://huggingface.co/datasets/Toycat/SToCorpus-88M/resolve/6f699f128416e8d55d6ab74976e964caec98b157/sodb/Zhang2023Amolecularly_rawcount_raw_counts_mouse2_coronal_co2_slice93.h5ad
Toycat/SToCorpus-88M,6f699f128416e8d55d6ab74976e964caec98b157,sodb/Zhang2023Amolecularly_rawcount_raw_counts_mouse2_coronal_co2_slice94.h5ad,55086130,011b4cf0705c6f046e4ddb0d53a4707be12e33fadc10f519e68e8fc7d0e95051,https://huggingface.co/datasets/Toycat/SToCorpus-88M/resolve/6f699f128416e8d55d6ab74976e964caec98b157/sodb/Zhang2023Amolecularly_rawcount_raw_counts_mouse2_coronal_co2_slice94.h5ad
Toycat/SToCorpus-88M,6f699f128416e8d55d6ab74976e964caec98b157,sodb/Zhang2023Amolecularly_rawcount_raw_counts_mouse2_coronal_co2_slice95.h5ad,43496446,3784db62b7632742f99029d2c61d1f66aa7622ceca2395411b5fd3be9688df33,https://huggingface.co/datasets/Toycat/SToCorpus-88M/resolve/6f699f128416e8d55d6ab74976e964caec98b157/sodb/Zhang2023Amolecularly_rawcount_raw_counts_mouse2_coronal_co2_slice95.h5ad
Toycat/SToCorpus-88M,6f699f128416e8d55d6ab74976e964caec98b157,sodb/Zhang2023Amolecularly_rawcount_raw_counts_mouse2_coronal_co2_slice96.h5ad,60690986,fe3274461c2def1b8b054d7d1cfb4871969b7f3b73d1d4ebcd5bd44edf315d8f,https://huggingface.co/datasets/Toycat/SToCorpus-88M/resolve/6f699f128416e8d55d6ab74976e964caec98b157/sodb/Zhang2023Amolecularly_rawcount_raw_counts_mouse2_coronal_co2_slice96.h5ad
Toycat/SToCorpus-88M,6f699f128416e8d55d6ab74976e964caec98b157,sodb/Zhang2023Amolecularly_rawcount_raw_counts_mouse2_coronal_co2_slice97.h5ad,53015178,2b5590fd80a50345fee5ec45b60575dbf52ea08fef68f9c013161e022b7651f2,https://huggingface.co/datasets/Toycat/SToCorpus-88M/resolve/6f699f128416e8d55d6ab74976e964caec98b157/sodb/Zhang2023Amolecularly_rawcount_raw_counts_mouse2_coronal_co2_slice97.h5ad
Toycat/SToCorpus-88M,6f699f128416e8d55d6ab74976e964caec98b157,sodb/Zhang2023Amolecularly_rawcount_raw_counts_mouse2_coronal_co2_slice98.h5ad,48224166,b0f8de654227aff777b8f287d226c9995b68bc421876fe6c98186c284c0d0e58,https://huggingface.co/datasets/Toycat/SToCorpus-88M/resolve/6f699f128416e8d55d6ab74976e964caec98b157/sodb/Zhang2023Amolecularly_rawcount_raw_counts_mouse2_coronal_co2_slice98.h5ad
Toycat/SToCorpus-88M,6f699f128416e8d55d6ab74976e964caec98b157,sodb/Zhang2023Amolecularly_rawcount_raw_counts_mouse2_coronal_co2_slice99.h5ad,50513078,453aa08356d53366014f3b82a7ebbb2ad8b15d18fa15a154e9a359a78ea5bedf,https://huggingface.co/datasets/Toycat/SToCorpus-88M/resolve/6f699f128416e8d55d6ab74976e964caec98b157/sodb/Zhang2023Amolecularly_rawcount_raw_counts_mouse2_coronal_co2_slice99.h5ad
Toycat/SToCorpus-88M,6f699f128416e8d55d6ab74976e964caec98b157,sodb/Zhang2023Amolecularly_rawcount_raw_counts_mouse3_sagittal_sa1_slice1.h5ad,155003258,5f2eef5d58fb467e96e24ec8feec95e8186457a7096a312158a773606cdb47a1,https://huggingface.co/datasets/Toycat/SToCorpus-88M/resolve/6f699f128416e8d55d6ab74976e964caec98b157/sodb/Zhang2023Amolecularly_rawcount_raw_counts_mouse3_sagittal_sa1_slice1.h5ad
Toycat/SToCorpus-88M,6f699f128416e8d55d6ab74976e964caec98b157,sodb/Zhang2023Amolecularly_rawcount_raw_counts_mouse3_sagittal_sa1_slice10.h5ad,125224878,40dfdeb358a8c9fdea7ea60f577e656586b6f6fbd5ee5d4bee78f2e8721579a5,https://huggingface.co/datasets/Toycat/SToCorpus-88M/resolve/6f699f128416e8d55d6ab74976e964caec98b157/sodb/Zhang2023Amolecularly_rawcount_raw_counts_mouse3_sagittal_sa1_slice10.h5ad
Toycat/SToCorpus-88M,6f699f128416e8d55d6ab74976e964caec98b157,sodb/Zhang2023Amolecularly_rawcount_raw_counts_mouse3_sagittal_sa1_slice11.h5ad,112013054,a84d0ed874819839313dd766d82a2f3d83388ec2ef7fcf91bc9a79ea1e831591,https://huggingface.co/datasets/Toycat/SToCorpus-88M/resolve/6f699f128416e8d55d6ab74976e964caec98b157/sodb/Zhang2023Amolecularly_rawcount_raw_counts_mouse3_sagittal_sa1_slice11.h5ad
Toycat/SToCorpus-88M,6f699f128416e8d55d6ab74976e964caec98b157,sodb/Zhang2023Amolecularly_rawcount_raw_counts_mouse3_sagittal_sa1_slice12.h5ad,113300558,bc59e80fc118b47e5f5fe9fb53e34c87bc807b47e4b625325bd125e686b363ca,https://huggingface.co/datasets/Toycat/SToCorpus-88M/resolve/6f699f128416e8d55d6ab74976e964caec98b157/sodb/Zhang2023Amolecularly_rawcount_raw_counts_mouse3_sagittal_sa1_slice12.h5ad
Toycat/SToCorpus-88M,6f699f128416e8d55d6ab74976e964caec98b157,sodb/Zhang2023Amolecularly_rawcount_raw_counts_mouse3_sagittal_sa1_slice13.h5ad,119279358,f241c7076fd7e1af755727334b8848e151673f9c41d8dd9ef46a6312c56439f5,https://huggingface.co/datasets/Toycat/SToCorpus-88M/resolve/6f699f128416e8d55d6ab74976e964caec98b157/sodb/Zhang2023Amolecularly_rawcount_raw_counts_mouse3_sagittal_sa1_slice13.h5ad
Toycat/SToCorpus-88M,6f699f128416e8d55d6ab74976e964caec98b157,sodb/Zhang2023Amolecularly_rawcount_raw_counts_mouse3_sagittal_sa1_slice14.h5ad,92215462,75f12568658e96cf72b8e056656ffe3860b8bba7fe95af3054c792cab23842ac,https://huggingface.co/datasets/Toycat/SToCorpus-88M/resolve/6f699f128416e8d55d6ab74976e964caec98b157/sodb/Zhang2023Amolecularly_rawcount_raw_counts_mouse3_sagittal_sa1_slice14.h5ad
Toycat/SToCorpus-88M,6f699f128416e8d55d6ab74976e964caec98b157,sodb/Zhang2023Amolecularly_rawcount_raw_counts_mouse3_sagittal_sa1_slice15.h5ad,118818450,1c6ab235fca8f2520a268b625b9290ddfe7f6745ba3fde1e21a42379e582b5e3,https://huggingface.co/datasets/Toycat/SToCorpus-88M/resolve/6f699f128416e8d55d6ab74976e964caec98b157/sodb/Zhang2023Amolecularly_rawcount_raw_counts_mouse3_sagittal_sa1_slice15.h5ad
Toycat/SToCorpus-88M,6f699f128416e8d55d6ab74976e964caec98b157,sodb/Zhang2023Amolecularly_rawcount_raw_counts_mouse3_sagittal_sa1_slice16.h5ad,86501286,12c1ee6646c7f7967477d11139b8f2087c8ab6fa5701edbf548914447d0a5431,https://huggingface.co/datasets/Toycat/SToCorpus-88M/resolve/6f699f128416e8d55d6ab74976e964caec98b157/sodb/Zhang2023Amolecularly_rawcount_raw_counts_mouse3_sagittal_sa1_slice16.h5ad
Toycat/SToCorpus-88M,6f699f128416e8d55d6ab74976e964caec98b157,sodb/Zhang2023Amolecularly_rawcount_raw_counts_mouse3_sagittal_sa1_slice17.h5ad,96734762,efee0defc9088f22b6a0ba6484a8cc32944b403f6b026063429e8553ee90b018,https://huggingface.co/datasets/Toycat/SToCorpus-88M/resolve/6f699f128416e8d55d6ab74976e964caec98b157/sodb/Zhang2023Amolecularly_rawcount_raw_counts_mouse3_sagittal_sa1_slice17.h5ad
Toycat/SToCorpus-88M,6f699f128416e8d55d6ab74976e964caec98b157,sodb/Zhang2023Amolecularly_rawcount_raw_counts_mouse3_sagittal_sa1_slice18.h5ad,80099882,1f710dbf89d09963eb17093527f00d66876dc92645124a6b68df2398d759d310,https://huggingface.co/datasets/Toycat/SToCorpus-88M/resolve/6f699f128416e8d55d6ab74976e964caec98b157/sodb/Zhang2023Amolecularly_rawcount_raw_counts_mouse3_sagittal_sa1_slice18.h5ad
Toycat/SToCorpus-88M,6f699f128416e8d55d6ab74976e964caec98b157,sodb/Zhang2023Amolecularly_rawcount_raw_counts_mouse3_sagittal_sa1_slice19.h5ad,82134578,b6770d6d4bd2a70fe62768ae0e4ab02ec328a922de5c10aa55592ad03185fb69,https://huggingface.co/datasets/Toycat/SToCorpus-88M/resolve/6f699f128416e8d55d6ab74976e964caec98b157/sodb/Zhang2023Amolecularly_rawcount_raw_counts_mouse3_sagittal_sa1_slice19.h5ad
Toycat/SToCorpus-88M,6f699f128416e8d55d6ab74976e964caec98b157,sodb/Zhang2023Amolecularly_rawcount_raw_counts_mouse3_sagittal_sa1_slice2.h5ad,170659650,148a9bde6a0d456ce9aa6fa72d8a5a6d6a1ba63b8703f3caa6c23feba9cb991c,https://huggingface.co/datasets/Toycat/SToCorpus-88M/resolve/6f699f128416e8d55d6ab74976e964caec98b157/sodb/Zhang2023Amolecularly_rawcount_raw_counts_mouse3_sagittal_sa1_slice2.h5ad
Toycat/SToCorpus-88M,6f699f128416e8d55d6ab74976e964caec98b157,sodb/Zhang2023Amolecularly_rawcount_raw_counts_mouse3_sagittal_sa1_slice20.h5ad,75786574,0888724d6fad31a1679f6eb722722d8f8fb7f2727ab248b224710e128485a102,https://huggingface.co/datasets/Toycat/SToCorpus-88M/resolve/6f699f128416e8d55d6ab74976e964caec98b157/sodb/Zhang2023Amolecularly_rawcount_raw_counts_mouse3_sagittal_sa1_slice20.h5ad
Toycat/SToCorpus-88M,6f699f128416e8d55d6ab74976e964caec98b157,sodb/Zhang2023Amolecularly_rawcount_raw_counts_mouse3_sagittal_sa1_slice21.h5ad,67463246,3e5366f660b1f57d7232e160a566128bbeaa6516e26548be08978767dca9f3d5,https://huggingface.co/datasets/Toycat/SToCorpus-88M/resolve/6f699f128416e8d55d6ab74976e964caec98b157/sodb/Zhang2023Amolecularly_rawcount_raw_counts_mouse3_sagittal_sa1_slice21.h5ad
Toycat/SToCorpus-88M,6f699f128416e8d55d6ab74976e964caec98b157,sodb/Zhang2023Amolecularly_rawcount_raw_counts_mouse3_sagittal_sa1_slice22.h5ad,41632978,6d15176a553013587fd1032419395ad16e12dd032b8424eb2feedc0c8883484c,https://huggingface.co/datasets/Toycat/SToCorpus-88M/resolve/6f699f128416e8d55d6ab74976e964caec98b157/sodb/Zhang2023Amolecularly_rawcount_raw_counts_mouse3_sagittal_sa1_slice22.h5ad
Toycat/SToCorpus-88M,6f699f128416e8d55d6ab74976e964caec98b157,sodb/Zhang2023Amolecularly_rawcount_raw_counts_mouse3_sagittal_sa1_slice23.h5ad,39978930,9699350f60690736e54588d7ea29f1d60be0b0d2ccf50efd072d2cdc971f9efb,https://huggingface.co/datasets/Toycat/SToCorpus-88M/resolve/6f699f128416e8d55d6ab74976e964caec98b157/sodb/Zhang2023Amolecularly_rawcount_raw_counts_mouse3_sagittal_sa1_slice23.h5ad
Toycat/SToCorpus-88M,6f699f128416e8d55d6ab74976e964caec98b157,sodb/Zhang2023Amolecularly_rawcount_raw_counts_mouse3_sagittal_sa1_slice24.h5ad,33815518,df41229886cb333c3f52a8a9ad83a639fa37f51c152f9c99f3e25dcc1b1dffa0,https://huggingface.co/datasets/Toycat/SToCorpus-88M/resolve/6f699f128416e8d55d6ab74976e964caec98b157/sodb/Zhang2023Amolecularly_rawcount_raw_counts_mouse3_sagittal_sa1_slice24.h5ad
Toycat/SToCorpus-88M,6f699f128416e8d55d6ab74976e964caec98b157,sodb/Zhang2023Amolecularly_rawcount_raw_counts_mouse3_sagittal_sa1_slice25.h5ad,22947162,f855450bfc7e10c724bb3bf5d9519579f01cff93a89cb2aaa0a7361f2fe45d15,https://huggingface.co/datasets/Toycat/SToCorpus-88M/resolve/6f699f128416e8d55d6ab74976e964caec98b157/sodb/Zhang2023Amolecularly_rawcount_raw_counts_mouse3_sagittal_sa1_slice25.h5ad
Toycat/SToCorpus-88M,6f699f128416e8d55d6ab74976e964caec98b157,sodb/Zhang2023Amolecularly_rawcount_raw_counts_mouse3_sagittal_sa1_slice3.h5ad,149285858,9d8ee141f821e16488654f6ef0c605c3bfa7402a45a11ce21d8ef35a02185db2,https://huggingface.co/datasets/Toycat/SToCorpus-88M/resolve/6f699f128416e8d55d6ab74976e964caec98b157/sodb/Zhang2023Amolecularly_rawcount_raw_counts_mouse3_sagittal_sa1_slice3.h5ad
Toycat/SToCorpus-88M,6f699f128416e8d55d6ab74976e964caec98b157,sodb/Zhang2023Amolecularly_rawcount_raw_counts_mouse3_sagittal_sa1_slice4.h5ad,205260418,2a083396bf1d07f0ca7b628c5c8259202eaac16453ed0dedef58fcf2ea826707,https://huggingface.co/datasets/Toycat/SToCorpus-88M/resolve/6f699f128416e8d55d6ab74976e964caec98b157/sodb/Zhang2023Amolecularly_rawcount_raw_counts_mouse3_sagittal_sa1_slice4.h5ad
Toycat/SToCorpus-88M,6f699f128416e8d55d6ab74976e964caec98b157,sodb/Zhang2023Amolecularly_rawcount_raw_counts_mouse3_sagittal_sa1_slice5.h5ad,193563230,1b6d0e4d19d5f08fc1138c034c55ca24d455a01feff009db6f762ac6358a7163,https://huggingface.co/datasets/Toycat/SToCorpus-88M/resolve/6f699f128416e8d55d6ab74976e964caec98b157/sodb/Zhang2023Amolecularly_rawcount_raw_counts_mouse3_sagittal_sa1_slice5.h5ad
Toycat/SToCorpus-88M,6f699f128416e8d55d6ab74976e964caec98b157,sodb/Zhang2023Amolecularly_rawcount_raw_counts_mouse3_sagittal_sa1_slice6.h5ad,149019374,3507069ba4a3159bf00f1659f85352c7d1faad15864cc51453b059ea73e92d37,https://huggingface.co/datasets/Toycat/SToCorpus-88M/resolve/6f699f128416e8d55d6ab74976e964caec98b157/sodb/Zhang2023Amolecularly_rawcount_raw_counts_mouse3_sagittal_sa1_slice6.h5ad
Toycat/SToCorpus-88M,6f699f128416e8d55d6ab74976e964caec98b157,sodb/Zhang2023Amolecularly_rawcount_raw_counts_mouse3_sagittal_sa1_slice7.h5ad,168923514,ab07f346bcb30828d3a4fe40cf1b4bad182228d96d1f23f984566255538787d5,https://huggingface.co/datasets/Toycat/SToCorpus-88M/resolve/6f699f128416e8d55d6ab74976e964caec98b157/sodb/Zhang2023Amolecularly_rawcount_raw_counts_mouse3_sagittal_sa1_slice7.h5ad
Toycat/SToCorpus-88M,6f699f128416e8d55d6ab74976e964caec98b157,sodb/Zhang2023Amolecularly_rawcount_raw_counts_mouse3_sagittal_sa1_slice8.h5ad,156996138,2eef30a87e6efb58e32e8fb46568361dd4b31892b6afd6d0f8576bd3ca5e33d0,https://huggingface.co/datasets/Toycat/SToCorpus-88M/resolve/6f699f128416e8d55d6ab74976e964caec98b157/sodb/Zhang2023Amolecularly_rawcount_raw_counts_mouse3_sagittal_sa1_slice8.h5ad
Toycat/SToCorpus-88M,6f699f128416e8d55d6ab74976e964caec98b157,sodb/Zhang2023Amolecularly_rawcount_raw_counts_mouse3_sagittal_sa1_slice9.h5ad,121416782,7dc6abb5336fe6bfe99ff93066396ea74bfb1bdec563e38c8fdad263321ee83d,https://huggingface.co/datasets/Toycat/SToCorpus-88M/resolve/6f699f128416e8d55d6ab74976e964caec98b157/sodb/Zhang2023Amolecularly_rawcount_raw_counts_mouse3_sagittal_sa1_slice9.h5ad
Toycat/SToCorpus-88M,6f699f128416e8d55d6ab74976e964caec98b157,sodb/Zhang2023Amolecularly_rawcount_raw_counts_mouse4_sagittal_sa2_slice1.h5ad,48575794,8accada95fb96256921339bb5306b982d398d7e5dd504d2b242de7d7cb9f7839,https://huggingface.co/datasets/Toycat/SToCorpus-88M/resolve/6f699f128416e8d55d6ab74976e964caec98b157/sodb/Zhang2023Amolecularly_rawcount_raw_counts_mouse4_sagittal_sa2_slice1.h5ad
Toycat/SToCorpus-88M,6f699f128416e8d55d6ab74976e964caec98b157,sodb/Zhang2023Amolecularly_rawcount_raw_counts_mouse4_sagittal_sa2_slice2.h5ad,69994246,cd96a71f1f81390b53eabb2d86a650ffd8a76a171db5f8fb41c3ba0313672a9d,https://huggingface.co/datasets/Toycat/SToCorpus-88M/resolve/6f699f128416e8d55d6ab74976e964caec98b157/sodb/Zhang2023Amolecularly_rawcount_raw_counts_mouse4_sagittal_sa2_slice2.h5ad
Toycat/SToCorpus-88M,6f699f128416e8d55d6ab74976e964caec98b157,sodb/Zhang2023Amolecularly_rawcount_raw_counts_mouse4_sagittal_sa2_slice3.h5ad,117281374,09957f0ab0ed88fe8294b70199f66765cc875b61ef337fe2e989346cb68b13dc,https://huggingface.co/datasets/Toycat/SToCorpus-88M/resolve/6f699f128416e8d55d6ab74976e964caec98b157/sodb/Zhang2023Amolecularly_rawcount_raw_counts_mouse4_sagittal_sa2_slice3.h5ad
Toycat/SToCorpus-88M,6f699f128416e8d55d6ab74976e964caec98b157,sodb/chen2021dissecting_Diabetes_1.h5ad,148155980,32e5d9d249677d14c46cc532886a31ae1dfa1f02aa001a062fee7487251da726,https://huggingface.co/datasets/Toycat/SToCorpus-88M/resolve/6f699f128416e8d55d6ab74976e964caec98b157/sodb/chen2021dissecting_Diabetes_1.h5ad
Toycat/SToCorpus-88M,6f699f128416e8d55d6ab74976e964caec98b157,sodb/chen2021dissecting_Diabetes_2.h5ad,137589833,b4422f719a0efc802684bbe0a40b8b9c6ff2a39389c3f20c21e4470d1910d693,https://huggingface.co/datasets/Toycat/SToCorpus-88M/resolve/6f699f128416e8d55d6ab74976e964caec98b157/sodb/chen2021dissecting_Diabetes_2.h5ad
Toycat/SToCorpus-88M,6f699f128416e8d55d6ab74976e964caec98b157,sodb/chen2021dissecting_Diabetes_3.h5ad,155886114,036d4934f12cac9061c5594311a5f84795798049d0372c92175ac90107365545,https://huggingface.co/datasets/Toycat/SToCorpus-88M/resolve/6f699f128416e8d55d6ab74976e964caec98b157/sodb/chen2021dissecting_Diabetes_3.h5ad
Toycat/SToCorpus-88M,6f699f128416e8d55d6ab74976e964caec98b157,sodb/chen2021dissecting_WT1.h5ad,155282050,203ca6087fbe83f659d04e84f038348badf5831b8abfba82bf3fa99cf8ba1405,https://huggingface.co/datasets/Toycat/SToCorpus-88M/resolve/6f699f128416e8d55d6ab74976e964caec98b157/sodb/chen2021dissecting_WT1.h5ad
Toycat/SToCorpus-88M,6f699f128416e8d55d6ab74976e964caec98b157,sodb/chen2021dissecting_WT2.h5ad,170373103,5f7c2c750653c8336e5ebd1bb89b78ddee5f00a183484bb3686d94a84cea9ca9,https://huggingface.co/datasets/Toycat/SToCorpus-88M/resolve/6f699f128416e8d55d6ab74976e964caec98b157/sodb/chen2021dissecting_WT2.h5ad
Toycat/SToCorpus-88M,6f699f128416e8d55d6ab74976e964caec98b157,sodb/chen2021dissecting_WT3.h5ad,173853743,439ab51ebd3c69bbf6d06d45147bd71a737c36a168505d3d10432c80ca410c1a,https://huggingface.co/datasets/Toycat/SToCorpus-88M/resolve/6f699f128416e8d55d6ab74976e964caec98b157/sodb/chen2021dissecting_WT3.h5ad
Toycat/SToCorpus-88M,6f699f128416e8d55d6ab74976e964caec98b157,sodb/chen2022spatiotemporal_Dorsal_midbrain_cell_bin.h5ad,119418720,55cca673975748b01795398c5fd5fae9a82238382908aa128ae52c6e9f6e3e56,https://huggingface.co/datasets/Toycat/SToCorpus-88M/resolve/6f699f128416e8d55d6ab74976e964caec98b157/sodb/chen2022spatiotemporal_Dorsal_midbrain_cell_bin.h5ad
Toycat/SToCorpus-88M,6f699f128416e8d55d6ab74976e964caec98b157,sodb/chen2022spatiotemporal_E10.5_E1S1.MOSTA.h5ad,535044578,0ca18534cd9d2fcd647e7968327f0fedf4a48eb307cf5475bdb39ac319123100,https://huggingface.co/datasets/Toycat/SToCorpus-88M/resolve/6f699f128416e8d55d6ab74976e964caec98b157/sodb/chen2022spatiotemporal_E10.5_E1S1.MOSTA.h5ad
Toycat/SToCorpus-88M,6f699f128416e8d55d6ab74976e964caec98b157,sodb/chen2022spatiotemporal_E10.5_E1S2.MOSTA.h5ad,370293813,9e5e063256ca6f31952b7b5643a0f1bb334a4b90f4d35a79c7b374bb02c084b6,https://huggingface.co/datasets/Toycat/SToCorpus-88M/resolve/6f699f128416e8d55d6ab74976e964caec98b157/sodb/chen2022spatiotemporal_E10.5_E1S2.MOSTA.h5ad
Toycat/SToCorpus-88M,6f699f128416e8d55d6ab74976e964caec98b157,sodb/chen2022spatiotemporal_E10.5_E1S3.MOSTA.h5ad,535469888,d6e6ef69d5a42848253a3431c3fa1b24d3bbffe1992d7932afadc1c42ef1bdec,https://huggingface.co/datasets/Toycat/SToCorpus-88M/resolve/6f699f128416e8d55d6ab74976e964caec98b157/sodb/chen2022spatiotemporal_E10.5_E1S3.MOSTA.h5ad
Toycat/SToCorpus-88M,6f699f128416e8d55d6ab74976e964caec98b157,sodb/chen2022spatiotemporal_E10.5_E2S1.MOSTA.h5ad,143221772,518c583e5a0709658ffc10c13799f56dc0cc4f4cc333a4fe1e1f4bdd1ff1e345,https://huggingface.co/datasets/Toycat/SToCorpus-88M/resolve/6f699f128416e8d55d6ab74976e964caec98b157/sodb/chen2022spatiotemporal_E10.5_E2S1.MOSTA.h5ad
Toycat/SToCorpus-88M,6f699f128416e8d55d6ab74976e964caec98b157,sodb/chen2022spatiotemporal_E11.5_E1S1.MOSTA.h5ad,685894264,15df1b1e825370aafee97364f51f5298ddb19fbb41a07f8e18ece85b8b560c55,https://huggingface.co/datasets/Toycat/SToCorpus-88M/resolve/6f699f128416e8d55d6ab74976e964caec98b157/sodb/chen2022spatiotemporal_E11.5_E1S1.MOSTA.h5ad
Toycat/SToCorpus-88M,6f699f128416e8d55d6ab74976e964caec98b157,sodb/chen2022spatiotemporal_E11.5_E1S2.MOSTA.h5ad,479564430,5191690a3597dc225373bc746140a1cbce17a419c87b9f44f0cd1166a3d5c13a,https://huggingface.co/datasets/Toycat/SToCorpus-88M/resolve/6f699f128416e8d55d6ab74976e964caec98b157/sodb/chen2022spatiotemporal_E11.5_E1S2.MOSTA.h5ad
Toycat/SToCorpus-88M,6f699f128416e8d55d6ab74976e964caec98b157,sodb/chen2022spatiotemporal_E11.5_E1S3.MOSTA.h5ad,415361575,e597b4469eba1f94fd6610516c533e9204519a63825823ba83ced62c8cf27c2c,https://huggingface.co/datasets/Toycat/SToCorpus-88M/resolve/6f699f128416e8d55d6ab74976e964caec98b157/sodb/chen2022spatiotemporal_E11.5_E1S3.MOSTA.h5ad
Toycat/SToCorpus-88M,6f699f128416e8d55d6ab74976e964caec98b157,sodb/chen2022spatiotemporal_E11.5_E1S4.MOSTA.h5ad,593378113,819720a4d950087d0f9883765de669e87916a71a698cbc3df462c3c3fa218c03,https://huggingface.co/datasets/Toycat/SToCorpus-88M/resolve/6f699f128416e8d55d6ab74976e964caec98b157/sodb/chen2022spatiotemporal_E11.5_E1S4.MOSTA.h5ad
Toycat/SToCorpus-88M,6f699f128416e8d55d6ab74976e964caec98b157,sodb/chen2022spatiotemporal_E12.5_E1S1.MOSTA.h5ad,1013673011,4d76c9deffe2866f374aa50533bbd5da49b5f5f40d7145bdda7d9ddf48218329,https://huggingface.co/datasets/Toycat/SToCorpus-88M/resolve/6f699f128416e8d55d6ab74976e964caec98b157/sodb/chen2022spatiotemporal_E12.5_E1S1.MOSTA.h5ad
Toycat/SToCorpus-88M,6f699f128416e8d55d6ab74976e964caec98b157,sodb/chen2022spatiotemporal_E12.5_E1S2.MOSTA.h5ad,848899182,3a5aa97ea6c6f6225186c28bb18b3c0b9d4f23bdce8f8fa8c3919c42eeeb8911,https://huggingface.co/datasets/Toycat/SToCorpus-88M/resolve/6f699f128416e8d55d6ab74976e964caec98b157/sodb/chen2022spatiotemporal_E12.5_E1S2.MOSTA.h5ad
Toycat/SToCorpus-88M,6f699f128416e8d55d6ab74976e964caec98b157,sodb/chen2022spatiotemporal_E12.5_E1S3.MOSTA.h5ad,509613142,8e9a66cbfa9c9ebd3d70f35a3918c2617b292bc8b9e6d9e6d37b47d30a754464,https://huggingface.co/datasets/Toycat/SToCorpus-88M/resolve/6f699f128416e8d55d6ab74976e964caec98b157/sodb/chen2022spatiotemporal_E12.5_E1S3.MOSTA.h5ad
Toycat/SToCorpus-88M,6f699f128416e8d55d6ab74976e964caec98b157,sodb/chen2022spatiotemporal_E12.5_E1S4.MOSTA.h5ad,948578433,1d873b08cb219a964554e0d5221629b1aab7a24cc3b3665c1fdd394c9d2d50af,https://huggingface.co/datasets/Toycat/SToCorpus-88M/resolve/6f699f128416e8d55d6ab74976e964caec98b157/sodb/chen2022spatiotemporal_E12.5_E1S4.MOSTA.h5ad
Toycat/SToCorpus-88M,6f699f128416e8d55d6ab74976e964caec98b157,sodb/chen2022spatiotemporal_E12.5_E1S5.MOSTA.h5ad,781890761,122a2340c7bf8ea2754ff1467a22a128961d32cf5341e9d260d2cdf7b1f61c09,https://huggingface.co/datasets/Toycat/SToCorpus-88M/resolve/6f699f128416e8d55d6ab74976e964caec98b157/sodb/chen2022spatiotemporal_E12.5_E1S5.MOSTA.h5ad
Toycat/SToCorpus-88M,6f699f128416e8d55d6ab74976e964caec98b157,sodb/chen2022spatiotemporal_E12.5_E2S1.MOSTA.h5ad,486653032,66793d956942a6cf854695b8d0d6529f2733ae737a19a9caf8856900a9adebe7,https://huggingface.co/datasets/Toycat/SToCorpus-88M/resolve/6f699f128416e8d55d6ab74976e964caec98b157/sodb/chen2022spatiotemporal_E12.5_E2S1.MOSTA.h5ad
Toycat/SToCorpus-88M,6f699f128416e8d55d6ab74976e964caec98b157,sodb/chen2022spatiotemporal_E13.5_E1S1.MOSTA.h5ad,1306678507,0c5f401dd6a1197b490295d5946ac4bdb0c6a011b2fa705e976d9616d9292f13,https://huggingface.co/datasets/Toycat/SToCorpus-88M/resolve/6f699f128416e8d55d6ab74976e964caec98b157/sodb/chen2022spatiotemporal_E13.5_E1S1.MOSTA.h5ad
Toycat/SToCorpus-88M,6f699f128416e8d55d6ab74976e964caec98b157,sodb/chen2022spatiotemporal_E13.5_E1S2.MOSTA.h5ad,1665427616,67ef7ef2fe66e0017c859567519b924fc53039503d7a94d56f91e9b98c05d91d,https://huggingface.co/datasets/Toycat/SToCorpus-88M/resolve/6f699f128416e8d55d6ab74976e964caec98b157/sodb/chen2022spatiotemporal_E13.5_E1S2.MOSTA.h5ad
Toycat/SToCorpus-88M,6f699f128416e8d55d6ab74976e964caec98b157,sodb/chen2022spatiotemporal_E13.5_E1S3.MOSTA.h5ad,1637612963,b84cc834247e91e60ece6262f38bd3523676e0c25d838152e4b380861a537579,https://huggingface.co/datasets/Toycat/SToCorpus-88M/resolve/6f699f128416e8d55d6ab74976e964caec98b157/sodb/chen2022spatiotemporal_E13.5_E1S3.MOSTA.h5ad
Toycat/SToCorpus-88M,6f699f128416e8d55d6ab74976e964caec98b157,sodb/chen2022spatiotemporal_E13.5_E1S4.MOSTA.h5ad,1222846336,a5a9f628e0c625692c2a39a6dfdbcdc4647a98512b58ba67ec9a854020d0b75b,https://huggingface.co/datasets/Toycat/SToCorpus-88M/resolve/6f699f128416e8d55d6ab74976e964caec98b157/sodb/chen2022spatiotemporal_E13.5_E1S4.MOSTA.h5ad
Toycat/SToCorpus-88M,6f699f128416e8d55d6ab74976e964caec98b157,sodb/chen2022spatiotemporal_E14.5_E1S1.MOSTA.h5ad,2320903955,286e6a0168ab467fa30fe8e69f3a989d91b8e7a09e57511f0f40d56a2d8ae154,https://huggingface.co/datasets/Toycat/SToCorpus-88M/resolve/6f699f128416e8d55d6ab74976e964caec98b157/sodb/chen2022spatiotemporal_E14.5_E1S1.MOSTA.h5ad
Toycat/SToCorpus-88M,6f699f128416e8d55d6ab74976e964caec98b157,sodb/chen2022spatiotemporal_E14.5_E1S2.MOSTA.h5ad,1663734431,14a2067bf753f9edc8b59a73624fc19841d382769195fe0e9826db61161be654,https://huggingface.co/datasets/Toycat/SToCorpus-88M/resolve/6f699f128416e8d55d6ab74976e964caec98b157/sodb/chen2022spatiotemporal_E14.5_E1S2.MOSTA.h5ad
Toycat/SToCorpus-88M,6f699f128416e8d55d6ab74976e964caec98b157,sodb/chen2022spatiotemporal_E14.5_E1S3.MOSTA.h5ad,750615092,639a6e72a07ae117d9ef3d932b1d341ae8f242cff676767cf9b648214e876bef,https://huggingface.co/datasets/Toycat/SToCorpus-88M/resolve/6f699f128416e8d55d6ab74976e964caec98b157/sodb/chen2022spatiotemporal_E14.5_E1S3.MOSTA.h5ad
Toycat/SToCorpus-88M,6f699f128416e8d55d6ab74976e964caec98b157,sodb/chen2022spatiotemporal_E14.5_E1S4.MOSTA.h5ad,1941160349,b9ee1230645d81580cf33acc1ec103839d1a8f022443a1b89bfe5f33f056dd3a,https://huggingface.co/datasets/Toycat/SToCorpus-88M/resolve/6f699f128416e8d55d6ab74976e964caec98b157/sodb/chen2022spatiotemporal_E14.5_E1S4.MOSTA.h5ad
Toycat/SToCorpus-88M,6f699f128416e8d55d6ab74976e964caec98b157,sodb/chen2022spatiotemporal_E14.5_E1S5.MOSTA.h5ad,1675547527,a51e158e15a45985b200a6850f0dc1a1f36892f9fab0f87b03f5bc6351d55d6c,https://huggingface.co/datasets/Toycat/SToCorpus-88M/resolve/6f699f128416e8d55d6ab74976e964caec98b157/sodb/chen2022spatiotemporal_E14.5_E1S5.MOSTA.h5ad
Toycat/SToCorpus-88M,6f699f128416e8d55d6ab74976e964caec98b157,sodb/chen2022spatiotemporal_E14.5_E2S1.MOSTA.h5ad,791494700,2452bc180a3a65d2756dd2af130a68add42a4c601d744b3d0bcdd4998d7f642d,https://huggingface.co/datasets/Toycat/SToCorpus-88M/resolve/6f699f128416e8d55d6ab74976e964caec98b157/sodb/chen2022spatiotemporal_E14.5_E2S1.MOSTA.h5ad
Toycat/SToCorpus-88M,6f699f128416e8d55d6ab74976e964caec98b157,sodb/chen2022spatiotemporal_E14.5_E2S2.MOSTA.h5ad,1376443964,a79b46d887b58c5dd31a8bca9a61d9088bd9c29585457bb75e1b472ba6448f37,https://huggingface.co/datasets/Toycat/SToCorpus-88M/resolve/6f699f128416e8d55d6ab74976e964caec98b157/sodb/chen2022spatiotemporal_E14.5_E2S2.MOSTA.h5ad
Toycat/SToCorpus-88M,6f699f128416e8d55d6ab74976e964caec98b157,sodb/chen2022spatiotemporal_E15.5_E1S1.MOSTA.h5ad,1578677046,cb68c93919c8c5ead9be162d7d2c3393f6f0c7b7e826cae70260b1823457bf93,https://huggingface.co/datasets/Toycat/SToCorpus-88M/resolve/6f699f128416e8d55d6ab74976e964caec98b157/sodb/chen2022spatiotemporal_E15.5_E1S1.MOSTA.h5ad
Toycat/SToCorpus-88M,6f699f128416e8d55d6ab74976e964caec98b157,sodb/chen2022spatiotemporal_E15.5_E1S2.MOSTA.h5ad,1358017021,044d862655f46182ecd6ea70339bbb94548e8b90d0981bc761393119a6ed72f9,https://huggingface.co/datasets/Toycat/SToCorpus-88M/resolve/6f699f128416e8d55d6ab74976e964caec98b157/sodb/chen2022spatiotemporal_E15.5_E1S2.MOSTA.h5ad
Toycat/SToCorpus-88M,6f699f128416e8d55d6ab74976e964caec98b157,sodb/chen2022spatiotemporal_E15.5_E1S3.MOSTA.h5ad,1775611878,96952d4a5e9b6fd93a9a7f2a6ef52ec0c17d6f80500eaf3c5e85b5a62ad4b359,https://huggingface.co/datasets/Toycat/SToCorpus-88M/resolve/6f699f128416e8d55d6ab74976e964caec98b157/sodb/chen2022spatiotemporal_E15.5_E1S3.MOSTA.h5ad
Toycat/SToCorpus-88M,6f699f128416e8d55d6ab74976e964caec98b157,sodb/chen2022spatiotemporal_E15.5_E1S4.MOSTA.h5ad,1318558365,8371f45265fce1bc1007c5264b3d504b44c1fdbb02edc39f6b32c6505599ec75,https://huggingface.co/datasets/Toycat/SToCorpus-88M/resolve/6f699f128416e8d55d6ab74976e964caec98b157/sodb/chen2022spatiotemporal_E15.5_E1S4.MOSTA.h5ad
Toycat/SToCorpus-88M,6f699f128416e8d55d6ab74976e964caec98b157,sodb/chen2022spatiotemporal_E15.5_E2S1.MOSTA.h5ad,1162059506,d4298a23f3d9e8ce2a201fd27e158b87e549b43bd17fe5f4b845dd8975da0898,https://huggingface.co/datasets/Toycat/SToCorpus-88M/resolve/6f699f128416e8d55d6ab74976e964caec98b157/sodb/chen2022spatiotemporal_E15.5_E2S1.MOSTA.h5ad
Toycat/SToCorpus-88M,6f699f128416e8d55d6ab74976e964caec98b157,sodb/chen2022spatiotemporal_E16.5_E1S1.MOSTA.h5ad,1733093373,c3fd7f651cc5564627089f734e632b0b41dd2fddc2a3d8772cd5389c1a0b27fd,https://huggingface.co/datasets/Toycat/SToCorpus-88M/resolve/6f699f128416e8d55d6ab74976e964caec98b157/sodb/chen2022spatiotemporal_E16.5_E1S1.MOSTA.h5ad
Toycat/SToCorpus-88M,6f699f128416e8d55d6ab74976e964caec98b157,sodb/chen2022spatiotemporal_E16.5_E1S2.MOSTA.h5ad,1342962778,f2d4e812423ce49ce40a726c1ee185d5f91b561a04af6c384ee087544497baf8,https://huggingface.co/datasets/Toycat/SToCorpus-88M/resolve/6f699f128416e8d55d6ab74976e964caec98b157/sodb/chen2022spatiotemporal_E16.5_E1S2.MOSTA.h5ad
Toycat/SToCorpus-88M,6f699f128416e8d55d6ab74976e964caec98b157,sodb/chen2022spatiotemporal_E16.5_E1S3.MOSTA.h5ad,2019168941,037b350c78c2429a99deaafb8626993c64a5278df2052749853369ba00b1c3d6,https://huggingface.co/datasets/Toycat/SToCorpus-88M/resolve/6f699f128416e8d55d6ab74976e964caec98b157/sodb/chen2022spatiotemporal_E16.5_E1S3.MOSTA.h5ad
Toycat/SToCorpus-88M,6f699f128416e8d55d6ab74976e964caec98b157,sodb/chen2022spatiotemporal_E16.5_E1S3_cell_bin.h5ad,1273756105,d46de7c8a72eea420ccada51f31454d0f50872f0596e3db8afbb35833e706098,https://huggingface.co/datasets/Toycat/SToCorpus-88M/resolve/6f699f128416e8d55d6ab74976e964caec98b157/sodb/chen2022spatiotemporal_E16.5_E1S3_cell_bin.h5ad
Toycat/SToCorpus-88M,6f699f128416e8d55d6ab74976e964caec98b157,sodb/chen2022spatiotemporal_E16.5_E1S3_cell_bin_whole_brain.h5ad,310521037,1bec04c480221bdc2deca0d93e2b9fbb19e9e4c696ec55337e4ba5634eaed8e0,https://huggingface.co/datasets/Toycat/SToCorpus-88M/resolve/6f699f128416e8d55d6ab74976e964caec98b157/sodb/chen2022spatiotemporal_E16.5_E1S3_cell_bin_whole_brain.h5ad
Toycat/SToCorpus-88M,6f699f128416e8d55d6ab74976e964caec98b157,sodb/chen2022spatiotemporal_E16.5_E1S4.MOSTA.h5ad,1724012067,2083e4763489e4a1fdfbd5a77cf57c7c7be46eede2f399dba9c7effb7a2180f9,https://huggingface.co/datasets/Toycat/SToCorpus-88M/resolve/6f699f128416e8d55d6ab74976e964caec98b157/sodb/chen2022spatiotemporal_E16.5_E1S4.MOSTA.h5ad
Toycat/SToCorpus-88M,6f699f128416e8d55d6ab74976e964caec98b157,sodb/chen2022spatiotemporal_E16.5_E1S5.MOSTA.h5ad,1542259395,1afa97848f8688540679826a6c96f8a2cb41ec1ad4474b79844458bbb4db62a6,https://huggingface.co/datasets/Toycat/SToCorpus-88M/resolve/6f699f128416e8d55d6ab74976e964caec98b157/sodb/chen2022spatiotemporal_E16.5_E1S5.MOSTA.h5ad
Toycat/SToCorpus-88M,6f699f128416e8d55d6ab74976e964caec98b157,sodb/chen2022spatiotemporal_E16.5_E2S1.MOSTA.h5ad,804388725,383c8efad081ceaf59667614619e50a3e3558d0554deec7083f564b78efb504e,https://huggingface.co/datasets/Toycat/SToCorpus-88M/resolve/6f699f128416e8d55d6ab74976e964caec98b157/sodb/chen2022spatiotemporal_E16.5_E2S1.MOSTA.h5ad
Toycat/SToCorpus-88M,6f699f128416e8d55d6ab74976e964caec98b157,sodb/chen2022spatiotemporal_E16.5_E2S10.MOSTA.h5ad,1278875526,0ff1d6ff04b0d79d10a9b578b9e33d5b26741e3eb740f0feeefd78ba2735d591,https://huggingface.co/datasets/Toycat/SToCorpus-88M/resolve/6f699f128416e8d55d6ab74976e964caec98b157/sodb/chen2022spatiotemporal_E16.5_E2S10.MOSTA.h5ad
Toycat/SToCorpus-88M,6f699f128416e8d55d6ab74976e964caec98b157,sodb/chen2022spatiotemporal_E16.5_E2S11.MOSTA.h5ad,1167346215,ddca6034536384595fc4e97a58202c49566abef9ba83f9488c38b76311f73003,https://huggingface.co/datasets/Toycat/SToCorpus-88M/resolve/6f699f128416e8d55d6ab74976e964caec98b157/sodb/chen2022spatiotemporal_E16.5_E2S11.MOSTA.h5ad
Toycat/SToCorpus-88M,6f699f128416e8d55d6ab74976e964caec98b157,sodb/chen2022spatiotemporal_E16.5_E2S12.MOSTA.h5ad,939998463,b93c2932030808cb29029ad8b033164c919a952847577561c21787039f51a49c,https://huggingface.co/datasets/Toycat/SToCorpus-88M/resolve/6f699f128416e8d55d6ab74976e964caec98b157/sodb/chen2022spatiotemporal_E16.5_E2S12.MOSTA.h5ad
Toycat/SToCorpus-88M,6f699f128416e8d55d6ab74976e964caec98b157,sodb/chen2022spatiotemporal_E16.5_E2S13.MOSTA.h5ad,977611162,40de32aff413d58695fa81d330202ff8286d1b02577b70e28349b42772237ea0,https://huggingface.co/datasets/Toycat/SToCorpus-88M/resolve/6f699f128416e8d55d6ab74976e964caec98b157/sodb/chen2022spatiotemporal_E16.5_E2S13.MOSTA.h5ad
Toycat/SToCorpus-88M,6f699f128416e8d55d6ab74976e964caec98b157,sodb/chen2022spatiotemporal_E16.5_E2S2.MOSTA.h5ad,1114237426,c60421e166dad144ec34d15e34820befed42daaaacc3b4935847a068c2067de7,https://huggingface.co/datasets/Toycat/SToCorpus-88M/resolve/6f699f128416e8d55d6ab74976e964caec98b157/sodb/chen2022spatiotemporal_E16.5_E2S2.MOSTA.h5ad
Toycat/SToCorpus-88M,6f699f128416e8d55d6ab74976e964caec98b157,sodb/chen2022spatiotemporal_E16.5_E2S3.MOSTA.h5ad,1053927613,01289d4746c4035ae07a98d17b31aff90cd4731aae73493bf772e827f3493116,https://huggingface.co/datasets/Toycat/SToCorpus-88M/resolve/6f699f128416e8d55d6ab74976e964caec98b157/sodb/chen2022spatiotemporal_E16.5_E2S3.MOSTA.h5ad
Toycat/SToCorpus-88M,6f699f128416e8d55d6ab74976e964caec98b157,sodb/chen2022spatiotemporal_E16.5_E2S4.MOSTA.h5ad,1099174856,04bb232060a62aa71a625fd83b78a83891300844f68654560f51a8c92d99dad3,https://huggingface.co/datasets/Toycat/SToCorpus-88M/resolve/6f699f128416e8d55d6ab74976e964caec98b157/sodb/chen2022spatiotemporal_E16.5_E2S4.MOSTA.h5ad
Toycat/SToCorpus-88M,6f699f128416e8d55d6ab74976e964caec98b157,sodb/chen2022spatiotemporal_E16.5_E2S5.MOSTA.h5ad,1537410153,70580c3c4321c18b82e20acb365d1b1c7c40d7e8467faa916fbcc9f2b8b1319b,https://huggingface.co/datasets/Toycat/SToCorpus-88M/resolve/6f699f128416e8d55d6ab74976e964caec98b157/sodb/chen2022spatiotemporal_E16.5_E2S5.MOSTA.h5ad
Toycat/SToCorpus-88M,6f699f128416e8d55d6ab74976e964caec98b157,sodb/chen2022spatiotemporal_E16.5_E2S6.MOSTA.h5ad,1372408603,7953321f55aef831a89fe1c8e4edb747d9ba6be4caa852a110333b44758017ae,https://huggingface.co/datasets/Toycat/SToCorpus-88M/resolve/6f699f128416e8d55d6ab74976e964caec98b157/sodb/chen2022spatiotemporal_E16.5_E2S6.MOSTA.h5ad
Toycat/SToCorpus-88M,6f699f128416e8d55d6ab74976e964caec98b157,sodb/chen2022spatiotemporal_E16.5_E2S7.MOSTA.h5ad,1588730631,a1040cda45c6298e8c363dd2a71932281b8b9f66102ce44b721abd9b71712d87,https://huggingface.co/datasets/Toycat/SToCorpus-88M/resolve/6f699f128416e8d55d6ab74976e964caec98b157/sodb/chen2022spatiotemporal_E16.5_E2S7.MOSTA.h5ad
Toycat/SToCorpus-88M,6f699f128416e8d55d6ab74976e964caec98b157,sodb/chen2022spatiotemporal_E16.5_E2S8.MOSTA.h5ad,1496488564,6ea0742bf36150f83349d93f659fceb40c3a1b9f27877defde583507292fbbac,https://huggingface.co/datasets/Toycat/SToCorpus-88M/resolve/6f699f128416e8d55d6ab74976e964caec98b157/sodb/chen2022spatiotemporal_E16.5_E2S8.MOSTA.h5ad
Toycat/SToCorpus-88M,6f699f128416e8d55d6ab74976e964caec98b157,sodb/chen2022spatiotemporal_E16.5_E2S9.MOSTA.h5ad,1943881807,e33a7c5254052d67e168e6e25342fc0c415608b2172afc4cf62f363aafb253c1,https://huggingface.co/datasets/Toycat/SToCorpus-88M/resolve/6f699f128416e8d55d6ab74976e964caec98b157/sodb/chen2022spatiotemporal_E16.5_E2S9.MOSTA.h5ad
Toycat/SToCorpus-88M,6f699f128416e8d55d6ab74976e964caec98b157,sodb/chen2022spatiotemporal_E9.5_E1S1.MOSTA.h5ad,173038291,7487b21e5c73342e40268a7bfcb46df4b7acb81897ff39de93eded3c8f8669b0,https://huggingface.co/datasets/Toycat/SToCorpus-88M/resolve/6f699f128416e8d55d6ab74976e964caec98b157/sodb/chen2022spatiotemporal_E9.5_E1S1.MOSTA.h5ad
Toycat/SToCorpus-88M,6f699f128416e8d55d6ab74976e964caec98b157,sodb/chen2022spatiotemporal_E9.5_E2S1.MOSTA.h5ad,148231900,9f234e8c9ae29fc757ba12b6ed2ce5e1f63dd37bcf89f70bd78955c803b57a3d,https://huggingface.co/datasets/Toycat/SToCorpus-88M/resolve/6f699f128416e8d55d6ab74976e964caec98b157/sodb/chen2022spatiotemporal_E9.5_E2S1.MOSTA.h5ad
Toycat/SToCorpus-88M,6f699f128416e8d55d6ab74976e964caec98b157,sodb/chen2022spatiotemporal_E9.5_E2S2.MOSTA.h5ad,111951938,aae623a70ac34ecf34c89aac0cd15d77eb5c1a7cb9a0f5346b0bf2043143a3ea,https://huggingface.co/datasets/Toycat/SToCorpus-88M/resolve/6f699f128416e8d55d6ab74976e964caec98b157/sodb/chen2022spatiotemporal_E9.5_E2S2.MOSTA.h5ad
Toycat/SToCorpus-88M,6f699f128416e8d55d6ab74976e964caec98b157,sodb/chen2022spatiotemporal_E9.5_E2S3.MOSTA.h5ad,135548293,afacb82dd1e9b960eaec0db6e4a798f73f0cfba4a16a8bff8c0f18dc7375ab5a,https://huggingface.co/datasets/Toycat/SToCorpus-88M/resolve/6f699f128416e8d55d6ab74976e964caec98b157/sodb/chen2022spatiotemporal_E9.5_E2S3.MOSTA.h5ad
Toycat/SToCorpus-88M,6f699f128416e8d55d6ab74976e964caec98b157,sodb/chen2022spatiotemporal_E9.5_E2S4.MOSTA.h5ad,112271347,4945abfe516ba50adbfd14519ab3891cff7f83c8e47646488f9cbf86ebf40976,https://huggingface.co/datasets/Toycat/SToCorpus-88M/resolve/6f699f128416e8d55d6ab74976e964caec98b157/sodb/chen2022spatiotemporal_E9.5_E2S4.MOSTA.h5ad
Toycat/SToCorpus-88M,6f699f128416e8d55d6ab74976e964caec98b157,sodb/chen2022spatiotemporal_Mouse_brain.h5ad,427197176,32d6d32c27973cb40669200b2502a398b8bbda41e70cf035d4564345757caeaf,https://huggingface.co/datasets/Toycat/SToCorpus-88M/resolve/6f699f128416e8d55d6ab74976e964caec98b157/sodb/chen2022spatiotemporal_Mouse_brain.h5ad
Toycat/SToCorpus-88M,6f699f128416e8d55d6ab74976e964caec98b157,sodb/chen2022spatiotemporal_Mouse_brain_cell_bin.h5ad,334803426,037e3c4da1d0a14cfbc4f10df8bddad0482c71e2de7812e0406bfd584093350a,https://huggingface.co/datasets/Toycat/SToCorpus-88M/resolve/6f699f128416e8d55d6ab74976e964caec98b157/sodb/chen2022spatiotemporal_Mouse_brain_cell_bin.h5ad
Toycat/SToCorpus-88M,6f699f128416e8d55d6ab74976e964caec98b157,sodb/chen2022spatiotemporal_Mouse_olfa_S1.h5ad,533292594,efc019b255bef65691f0852396b0c4ab8eedaa4da2de275322bf7b55d210cf26,https://huggingface.co/datasets/Toycat/SToCorpus-88M/resolve/6f699f128416e8d55d6ab74976e964caec98b157/sodb/chen2022spatiotemporal_Mouse_olfa_S1.h5ad
Toycat/SToCorpus-88M,6f699f128416e8d55d6ab74976e964caec98b157,sodb/chen2022spatiotemporal_Mouse_olfa_S2.h5ad,508949511,13aec207d5b0bd28f1b3b0b6b16d12a6cdddc0d75a5d9337f0e65c4263438a02,https://huggingface.co/datasets/Toycat/SToCorpus-88M/resolve/6f699f128416e8d55d6ab74976e964caec98b157/sodb/chen2022spatiotemporal_Mouse_olfa_S2.h5ad
Toycat/SToCorpus-88M,6f699f128416e8d55d6ab74976e964caec98b157,sodb/liu2022spatiotemporal_spatial_sixtime_slice_stereoseq.h5ad,35535348,f0353bdf55b96b1f137cbd8228517156b580b083a7bf754c414d71eaa718e8e5,https://huggingface.co/datasets/Toycat/SToCorpus-88M/resolve/6f699f128416e8d55d6ab74976e964caec98b157/sodb/liu2022spatiotemporal_spatial_sixtime_slice_stereoseq.h5ad
Toycat/SToCorpus-88M,6f699f128416e8d55d6ab74976e964caec98b157,sodb/liu2022spatiotemporal_zf10_stereoseq.h5ad,30474780,213119ad57f4f6e97ef51363af53e86ba0124bb0a3329c82bd1b202d1cb92935,https://huggingface.co/datasets/Toycat/SToCorpus-88M/resolve/6f699f128416e8d55d6ab74976e964caec98b157/sodb/liu2022spatiotemporal_zf10_stereoseq.h5ad
Toycat/SToCorpus-88M,6f699f128416e8d55d6ab74976e964caec98b157,sodb/liu2022spatiotemporal_zf12_stereoseq.h5ad,27905410,4d076761769ae7239a6c3d17e8a51c0497f54cb35037d4b3c2ce0a2c397aedfb,https://huggingface.co/datasets/Toycat/SToCorpus-88M/resolve/6f699f128416e8d55d6ab74976e964caec98b157/sodb/liu2022spatiotemporal_zf12_stereoseq.h5ad
Toycat/SToCorpus-88M,6f699f128416e8d55d6ab74976e964caec98b157,sodb/liu2022spatiotemporal_zf18_stereoseq.h5ad,85997504,4635957578b33477f2db824c3875974f57d8fc81df34406aa65ceef30c19bb80,https://huggingface.co/datasets/Toycat/SToCorpus-88M/resolve/6f699f128416e8d55d6ab74976e964caec98b157/sodb/liu2022spatiotemporal_zf18_stereoseq.h5ad
Toycat/SToCorpus-88M,6f699f128416e8d55d6ab74976e964caec98b157,sodb/liu2022spatiotemporal_zf24_stereoseq.h5ad,228078870,f415f7bb7ad2a02af20fee5fd8299954c36df2141a4544577be72b5c66c2833b,https://huggingface.co/datasets/Toycat/SToCorpus-88M/resolve/6f699f128416e8d55d6ab74976e964caec98b157/sodb/liu2022spatiotemporal_zf24_stereoseq.h5ad
Toycat/SToCorpus-88M,6f699f128416e8d55d6ab74976e964caec98b157,sodb/liu2022spatiotemporal_zf3_stereoseq.h5ad,20894664,0fe4bee79d61420f91a8fd2928e085acb608d596dc41215ea65d09db39d5e049,https://huggingface.co/datasets/Toycat/SToCorpus-88M/resolve/6f699f128416e8d55d6ab74976e964caec98b157/sodb/liu2022spatiotemporal_zf3_stereoseq.h5ad
Toycat/SToCorpus-88M,6f699f128416e8d55d6ab74976e964caec98b157,sodb/liu2022spatiotemporal_zf5_stereoseq.h5ad,9672992,a5b5fd6acb02f1dd3916a0819bdbe119bce6364c2fa3fa55f8f87cca2b79ea07,https://huggingface.co/datasets/Toycat/SToCorpus-88M/resolve/6f699f128416e8d55d6ab74976e964caec98b157/sodb/liu2022spatiotemporal_zf5_stereoseq.h5ad
Toycat/SToCorpus-88M,6f699f128416e8d55d6ab74976e964caec98b157,sodb/moffitt2018molecular_moffitt2018molecular_merFISH_mouse_hypothalamic_preoptic_region_1.h5ad,5770334,04e6dc783a9d657e302809de37e2b6799249b25ddad3410c26b1b5b7c658fc73,https://huggingface.co/datasets/Toycat/SToCorpus-88M/resolve/6f699f128416e8d55d6ab74976e964caec98b157/sodb/moffitt2018molecular_moffitt2018molecular_merFISH_mouse_hypothalamic_preoptic_region_1.h5ad
Toycat/SToCorpus-88M,6f699f128416e8d55d6ab74976e964caec98b157,sodb/moffitt2018molecular_moffitt2018molecular_merFISH_mouse_hypothalamic_preoptic_region_10.h5ad,4799298,03a48b13404c7c6ac60331ee31fc28869a42301a11bdfbaebb1c0242ca0d7d2d,https://huggingface.co/datasets/Toycat/SToCorpus-88M/resolve/6f699f128416e8d55d6ab74976e964caec98b157/sodb/moffitt2018molecular_moffitt2018molecular_merFISH_mouse_hypothalamic_preoptic_region_10.h5ad
Toycat/SToCorpus-88M,6f699f128416e8d55d6ab74976e964caec98b157,sodb/moffitt2018molecular_moffitt2018molecular_merFISH_mouse_hypothalamic_preoptic_region_100.h5ad,4867130,9750250490633eab9b6d6b5794c767e04b7147d3a81beff98b3917a2c6fa628f,https://huggingface.co/datasets/Toycat/SToCorpus-88M/resolve/6f699f128416e8d55d6ab74976e964caec98b157/sodb/moffitt2018molecular_moffitt2018molecular_merFISH_mouse_hypothalamic_preoptic_region_100.h5ad
Toycat/SToCorpus-88M,6f699f128416e8d55d6ab74976e964caec98b157,sodb/moffitt2018molecular_moffitt2018molecular_merFISH_mouse_hypothalamic_preoptic_region_101.h5ad,4679344,5588e152191ea9c089b3d1f13fe63f331b90f45daed21d8186ba674a65d84b41,https://huggingface.co/datasets/Toycat/SToCorpus-88M/resolve/6f699f128416e8d55d6ab74976e964caec98b157/sodb/moffitt2018molecular_moffitt2018molecular_merFISH_mouse_hypothalamic_preoptic_region_101.h5ad
Toycat/SToCorpus-88M,6f699f128416e8d55d6ab74976e964caec98b157,sodb/moffitt2018molecular_moffitt2018molecular_merFISH_mouse_hypothalamic_preoptic_region_102.h5ad,4422074,350da261ee7df6762ebc57e9e3a859a83c2c2f3428e299161c8490068042aa5c,https://huggingface.co/datasets/Toycat/SToCorpus-88M/resolve/6f699f128416e8d55d6ab74976e964caec98b157/sodb/moffitt2018molecular_moffitt2018molecular_merFISH_mouse_hypothalamic_preoptic_region_102.h5ad
Toycat/SToCorpus-88M,6f699f128416e8d55d6ab74976e964caec98b157,sodb/moffitt2018molecular_moffitt2018molecular_merFISH_mouse_hypothalamic_preoptic_region_103.h5ad,3977970,dca614a84d62c9444d722cd5bdc2a1b728a0d0613c143785b7dd24dc2f28901d,https://huggingface.co/datasets/Toycat/SToCorpus-88M/resolve/6f699f128416e8d55d6ab74976e964caec98b157/sodb/moffitt2018molecular_moffitt2018molecular_merFISH_mouse_hypothalamic_preoptic_region_103.h5ad
Toycat/SToCorpus-88M,6f699f128416e8d55d6ab74976e964caec98b157,sodb/moffitt2018molecular_moffitt2018molecular_merFISH_mouse_hypothalamic_preoptic_region_104.h5ad,4729230,d77398cf1cf02f9cfae18899ead917aecc690501be94efe7da146570cbd2a5e1,https://huggingface.co/datasets/Toycat/SToCorpus-88M/resolve/6f699f128416e8d55d6ab74976e964caec98b157/sodb/moffitt2018molecular_moffitt2018molecular_merFISH_mouse_hypothalamic_preoptic_region_104.h5ad
Toycat/SToCorpus-88M,6f699f128416e8d55d6ab74976e964caec98b157,sodb/moffitt2018molecular_moffitt2018molecular_merFISH_mouse_hypothalamic_preoptic_region_105.h5ad,4419486,1a7b7d2b63c9898e11cf852d91caa89a9b02db21d75fc3ee2582b4d4cb706842,https://huggingface.co/datasets/Toycat/SToCorpus-88M/resolve/6f699f128416e8d55d6ab74976e964caec98b157/sodb/moffitt2018molecular_moffitt2018molecular_merFISH_mouse_hypothalamic_preoptic_region_105.h5ad
Toycat/SToCorpus-88M,6f699f128416e8d55d6ab74976e964caec98b157,sodb/moffitt2018molecular_moffitt2018molecular_merFISH_mouse_hypothalamic_preoptic_region_106.h5ad,4424822,ea3abde2ade58d2d44ec9b84027d9510bfd97b0d4b62d5197e3831b3f1a19c08,https://huggingface.co/datasets/Toycat/SToCorpus-88M/resolve/6f699f128416e8d55d6ab74976e964caec98b157/sodb/moffitt2018molecular_moffitt2018molecular_merFISH_mouse_hypothalamic_preoptic_region_106.h5ad
Toycat/SToCorpus-88M,6f699f128416e8d55d6ab74976e964caec98b157,sodb/moffitt2018molecular_moffitt2018molecular_merFISH_mouse_hypothalamic_preoptic_region_107.h5ad,3813160,12e2010780d12238972479090692061b14a937705682eaafddff183749b28cb6,https://huggingface.co/datasets/Toycat/SToCorpus-88M/resolve/6f699f128416e8d55d6ab74976e964caec98b157/sodb/moffitt2018molecular_moffitt2018molecular_merFISH_mouse_hypothalamic_preoptic_region_107.h5ad
Toycat/SToCorpus-88M,6f699f128416e8d55d6ab74976e964caec98b157,sodb/moffitt2018molecular_moffitt2018molecular_merFISH_mouse_hypothalamic_preoptic_region_108.h5ad,4646142,da205a8cd92c5bbb69a1f44a5cf1d469f8c0cc7787ce444eb6ea81062dcd631d,https://huggingface.co/datasets/Toycat/SToCorpus-88M/resolve/6f699f128416e8d55d6ab74976e964caec98b157/sodb/moffitt2018molecular_moffitt2018molecular_merFISH_mouse_hypothalamic_preoptic_region_108.h5ad
Toycat/SToCorpus-88M,6f699f128416e8d55d6ab74976e964caec98b157,sodb/moffitt2018molecular_moffitt2018molecular_merFISH_mouse_hypothalamic_preoptic_region_109.h5ad,4872250,5723cea61a1dc22b9e0ac3e69019596036849eb1845cdb421e6068dd972e2df9,https://huggingface.co/datasets/Toycat/SToCorpus-88M/resolve/6f699f128416e8d55d6ab74976e964caec98b157/sodb/moffitt2018molecular_moffitt2018molecular_merFISH_mouse_hypothalamic_preoptic_region_109.h5ad
Toycat/SToCorpus-88M,6f699f128416e8d55d6ab74976e964caec98b157,sodb/moffitt2018molecular_moffitt2018molecular_merFISH_mouse_hypothalamic_preoptic_region_11.h5ad,4396004,73c309dd3c0f14042ffb688d43b469e6b1ae9411caee7e208a7e73be55b5ae0f,https://huggingface.co/datasets/Toycat/SToCorpus-88M/resolve/6f699f128416e8d55d6ab74976e964caec98b157/sodb/moffitt2018molecular_moffitt2018molecular_merFISH_mouse_hypothalamic_preoptic_region_11.h5ad
Toycat/SToCorpus-88M,6f699f128416e8d55d6ab74976e964caec98b157,sodb/moffitt2018molecular_moffitt2018molecular_merFISH_mouse_hypothalamic_preoptic_region_110.h5ad,4677166,b689c77c206b5e2a7be835c66a6250d110f6d5b40ee7d01a28a629c5732636af,https://huggingface.co/datasets/Toycat/SToCorpus-88M/resolve/6f699f128416e8d55d6ab74976e964caec98b157/sodb/moffitt2018molecular_moffitt2018molecular_merFISH_mouse_hypothalamic_preoptic_region_110.h5ad
Toycat/SToCorpus-88M,6f699f128416e8d55d6ab74976e964caec98b157,sodb/moffitt2018molecular_moffitt2018molecular_merFISH_mouse_hypothalamic_preoptic_region_111.h5ad,4289346,b188a033f592513b28ebfd5a1c86f6755c10ee48972156f3604cd55dfc338546,https://huggingface.co/datasets/Toycat/SToCorpus-88M/resolve/6f699f128416e8d55d6ab74976e964caec98b157/sodb/moffitt2018molecular_moffitt2018molecular_merFISH_mouse_hypothalamic_preoptic_region_111.h5ad
Toycat/SToCorpus-88M,6f699f128416e8d55d6ab74976e964caec98b157,sodb/moffitt2018molecular_moffitt2018molecular_merFISH_mouse_hypothalamic_preoptic_region_112.h5ad,4332470,3fac77c75d9e216cd952dffb5dcd8b82c99d334b61fa7491f0cba88dabe243b2,https://huggingface.co/datasets/Toycat/SToCorpus-88M/resolve/6f699f128416e8d55d6ab74976e964caec98b157/sodb/moffitt2018molecular_moffitt2018molecular_merFISH_mouse_hypothalamic_preoptic_region_112.h5ad
Toycat/SToCorpus-88M,6f699f128416e8d55d6ab74976e964caec98b157,sodb/moffitt2018molecular_moffitt2018molecular_merFISH_mouse_hypothalamic_preoptic_region_113.h5ad,4213968,522e2e69395c69c3d7d9b2915cbea5865086472a10306d3e453d0e32594a4bfe,https://huggingface.co/datasets/Toycat/SToCorpus-88M/resolve/6f699f128416e8d55d6ab74976e964caec98b157/sodb/moffitt2018molecular_moffitt2018molecular_merFISH_mouse_hypothalamic_preoptic_region_113.h5ad
Toycat/SToCorpus-88M,6f699f128416e8d55d6ab74976e964caec98b157,sodb/moffitt2018molecular_moffitt2018molecular_merFISH_mouse_hypothalamic_preoptic_region_114.h5ad,3938020,a82feca8c977ab8b8c94f455f1facb0543628da501271f7bed2b6c63642187d1,https://huggingface.co/datasets/Toycat/SToCorpus-88M/resolve/6f699f128416e8d55d6ab74976e964caec98b157/sodb/moffitt2018molecular_moffitt2018molecular_merFISH_mouse_hypothalamic_preoptic_region_114.h5ad
Toycat/SToCorpus-88M,6f699f128416e8d55d6ab74976e964caec98b157,sodb/moffitt2018molecular_moffitt2018molecular_merFISH_mouse_hypothalamic_preoptic_region_115.h5ad,3714754,c861d8577570b7271857d848306da9750d61b70276c3e52d1bd8535ed456eb9d,https://huggingface.co/datasets/Toycat/SToCorpus-88M/resolve/6f699f128416e8d55d6ab74976e964caec98b157/sodb/moffitt2018molecular_moffitt2018molecular_merFISH_mouse_hypothalamic_preoptic_region_115.h5ad
Toycat/SToCorpus-88M,6f699f128416e8d55d6ab74976e964caec98b157,sodb/moffitt2018molecular_moffitt2018molecular_merFISH_mouse_hypothalamic_preoptic_region_116.h5ad,4537890,9fe983a2b4a931c0231aa5b0d050c55b730d8732a853632de2a2e691be49c93f,https://huggingface.co/datasets/Toycat/SToCorpus-88M/resolve/6f699f128416e8d55d6ab74976e964caec98b157/sodb/moffitt2018molecular_moffitt2018molecular_merFISH_mouse_hypothalamic_preoptic_region_116.h5ad
Toycat/SToCorpus-88M,6f699f128416e8d55d6ab74976e964caec98b157,sodb/moffitt2018molecular_moffitt2018molecular_merFISH_mouse_hypothalamic_preoptic_region_117.h5ad,4611800,8fbf7ac0e7b182f14e8eb86a03a24b9b5be037cc8856bd2f031fdfe3abe8b581,https://huggingface.co/datasets/Toycat/SToCorpus-88M/resolve/6f699f128416e8d55d6ab74976e964caec98b157/sodb/moffitt2018molecular_moffitt2018molecular_merFISH_mouse_hypothalamic_preoptic_region_117.h5ad
Toycat/SToCorpus-88M,6f699f128416e8d55d6ab74976e964caec98b157,sodb/moffitt2018molecular_moffitt2018molecular_merFISH_mouse_hypothalamic_preoptic_region_118.h5ad,4532980,bc7670083dec47d023c379f128fc0a2a4d2f2e3f7ce44b2faa1af348ca508a70,https://huggingface.co/datasets/Toycat/SToCorpus-88M/resolve/6f699f128416e8d55d6ab74976e964caec98b157/sodb/moffitt2018molecular_moffitt2018molecular_merFISH_mouse_hypothalamic_preoptic_region_118.h5ad
Toycat/SToCorpus-88M,6f699f128416e8d55d6ab74976e964caec98b157,sodb/moffitt2018molecular_moffitt2018molecular_merFISH_mouse_hypothalamic_preoptic_region_119.h5ad,4738608,76202729261167042d8fe09ed45de16970813e3752893f39e21b0da7d72ac233,https://huggingface.co/datasets/Toycat/SToCorpus-88M/resolve/6f699f128416e8d55d6ab74976e964caec98b157/sodb/moffitt2018molecular_moffitt2018molecular_merFISH_mouse_hypothalamic_preoptic_region_119.h5ad
Toycat/SToCorpus-88M,6f699f128416e8d55d6ab74976e964caec98b157,sodb/moffitt2018molecular_moffitt2018molecular_merFISH_mouse_hypothalamic_preoptic_region_12.h5ad,4398672,b2a706cd08bea570b25c9e1d1fd2f4621ad47ad0403d65e0ca8ed4c729a692d1,https://huggingface.co/datasets/Toycat/SToCorpus-88M/resolve/6f699f128416e8d55d6ab74976e964caec98b157/sodb/moffitt2018molecular_moffitt2018molecular_merFISH_mouse_hypothalamic_preoptic_region_12.h5ad
Toycat/SToCorpus-88M,6f699f128416e8d55d6ab74976e964caec98b157,sodb/moffitt2018molecular_moffitt2018molecular_merFISH_mouse_hypothalamic_preoptic_region_120.h5ad,4232622,a01834c24f2519948379cda9671eb7e66f28a8e9c2091e36459500d5d9eea658,https://huggingface.co/datasets/Toycat/SToCorpus-88M/resolve/6f699f128416e8d55d6ab74976e964caec98b157/sodb/moffitt2018molecular_moffitt2018molecular_merFISH_mouse_hypothalamic_preoptic_region_120.h5ad
Toycat/SToCorpus-88M,6f699f128416e8d55d6ab74976e964caec98b157,sodb/moffitt2018molecular_moffitt2018molecular_merFISH_mouse_hypothalamic_preoptic_region_121.h5ad,4168014,57079c647371c84afaba668ca0e2decddb29b121c4d6c24f04f041abc7cbbc9d,https://huggingface.co/datasets/Toycat/SToCorpus-88M/resolve/6f699f128416e8d55d6ab74976e964caec98b157/sodb/moffitt2018molecular_moffitt2018molecular_merFISH_mouse_hypothalamic_preoptic_region_121.h5ad
Toycat/SToCorpus-88M,6f699f128416e8d55d6ab74976e964caec98b157,sodb/moffitt2018molecular_moffitt2018molecular_merFISH_mouse_hypothalamic_preoptic_region_122.h5ad,4375492,4bbad042d09b3d34cd77067ebbf2b16a7409b23d7d88f5378c833c7f82cbfb47,https://huggingface.co/datasets/Toycat/SToCorpus-88M/resolve/6f699f128416e8d55d6ab74976e964caec98b157/sodb/moffitt2018molecular_moffitt2018molecular_merFISH_mouse_hypothalamic_preoptic_region_122.h5ad
Toycat/SToCorpus-88M,6f699f128416e8d55d6ab74976e964caec98b157,sodb/moffitt2018molecular_moffitt2018molecular_merFISH_mouse_hypothalamic_preoptic_region_123.h5ad,4667236,dee00c71cc4d3dd4ef12a8300ddfb49210856e7d1b6c4a818e2d5ecd62e040c4,https://huggingface.co/datasets/Toycat/SToCorpus-88M/resolve/6f699f128416e8d55d6ab74976e964caec98b157/sodb/moffitt2018molecular_moffitt2018molecular_merFISH_mouse_hypothalamic_preoptic_region_123.h5ad
Toycat/SToCorpus-88M,6f699f128416e8d55d6ab74976e964caec98b157,sodb/moffitt2018molecular_moffitt2018molecular_merFISH_mouse_hypothalamic_preoptic_region_124.h5ad,4895008,1152996a08c02c34b18dfdf051efe60500b83243c57c035a43a171aff579e642,https://huggingface.co/datasets/Toycat/SToCorpus-88M/resolve/6f699f128416e8d55d6ab74976e964caec98b157/sodb/moffitt2018molecular_moffitt2018molecular_merFISH_mouse_hypothalamic_preoptic_region_124.h5ad
Toycat/SToCorpus-88M,6f699f128416e8d55d6ab74976e964caec98b157,sodb/moffitt2018molecular_moffitt2018molecular_merFISH_mouse_hypothalamic_preoptic_region_125.h5ad,4153384,6e9dac0c1207d0f47c9d8e11ecdf33c6c824070fefdb30a7a3b225753d145fc4,https://huggingface.co/datasets/Toycat/SToCorpus-88M/resolve/6f699f128416e8d55d6ab74976e964caec98b157/sodb/moffitt2018molecular_moffitt2018molecular_merFISH_mouse_hypothalamic_preoptic_region_125.h5ad
Toycat/SToCorpus-88M,6f699f128416e8d55d6ab74976e964caec98b157,sodb/moffitt2018molecular_moffitt2018molecular_merFISH_mouse_hypothalamic_preoptic_region_126.h5ad,4511192,28087e2b4c4c8d10778de6c6a86df045d91b2311d1ed7c2562148c5005745aaf,https://huggingface.co/datasets/Toycat/SToCorpus-88M/resolve/6f699f128416e8d55d6ab74976e964caec98b157/sodb/moffitt2018molecular_moffitt2018molecular_merFISH_mouse_hypothalamic_preoptic_region_126.h5ad
Toycat/SToCorpus-88M,6f699f128416e8d55d6ab74976e964caec98b157,sodb/moffitt2018molecular_moffitt2018molecular_merFISH_mouse_hypothalamic_preoptic_region_127.h5ad,4960376,608b80b791bb33a037bce9d60d0d9b97369628908ec3ad54cbbf5d581ff00745,https://huggingface.co/datasets/Toycat/SToCorpus-88M/resolve/6f699f128416e8d55d6ab74976e964caec98b157/sodb/moffitt2018molecular_moffitt2018molecular_merFISH_mouse_hypothalamic_preoptic_region_127.h5ad
Toycat/SToCorpus-88M,6f699f128416e8d55d6ab74976e964caec98b157,sodb/moffitt2018molecular_moffitt2018molecular_merFISH_mouse_hypothalamic_preoptic_region_128.h5ad,4969598,2d5a97cebc734e86856536cef3cbb60a0176dbccc14815359d9c655138648e83,https://huggingface.co/datasets/Toycat/SToCorpus-88M/resolve/6f699f128416e8d55d6ab74976e964caec98b157/sodb/moffitt2018molecular_moffitt2018molecular_merFISH_mouse_hypothalamic_preoptic_region_128.h5ad
Toycat/SToCorpus-88M,6f699f128416e8d55d6ab74976e964caec98b157,sodb/moffitt2018molecular_moffitt2018molecular_merFISH_mouse_hypothalamic_preoptic_region_129.h5ad,4173262,248ebf40ce20b2bfd1aa10dd24bfd5273e9fc8cb49a7fa3c77d0d066cd83551b,https://huggingface.co/datasets/Toycat/SToCorpus-88M/resolve/6f699f128416e8d55d6ab74976e964caec98b157/sodb/moffitt2018molecular_moffitt2018molecular_merFISH_mouse_hypothalamic_preoptic_region_129.h5ad
Toycat/SToCorpus-88M,6f699f128416e8d55d6ab74976e964caec98b157,sodb/moffitt2018molecular_moffitt2018molecular_merFISH_mouse_hypothalamic_preoptic_region_13.h5ad,4997874,c48eb1a1c7becdab1062395e44ab506059d934a329a74645068795ca2d1855c6,https://huggingface.co/datasets/Toycat/SToCorpus-88M/resolve/6f699f128416e8d55d6ab74976e964caec98b157/sodb/moffitt2018molecular_moffitt2018molecular_merFISH_mouse_hypothalamic_preoptic_region_13.h5ad
Toycat/SToCorpus-88M,6f699f128416e8d55d6ab74976e964caec98b157,sodb/moffitt2018molecular_moffitt2018molecular_merFISH_mouse_hypothalamic_preoptic_region_130.h5ad,4445858,f2753c49781ac104e2f8ae2932bc398f6e935a19934682eba3361d355665b892,https://huggingface.co/datasets/Toycat/SToCorpus-88M/resolve/6f699f128416e8d55d6ab74976e964caec98b157/sodb/moffitt2018molecular_moffitt2018molecular_merFISH_mouse_hypothalamic_preoptic_region_130.h5ad
Toycat/SToCorpus-88M,6f699f128416e8d55d6ab74976e964caec98b157,sodb/moffitt2018molecular_moffitt2018molecular_merFISH_mouse_hypothalamic_preoptic_region_131.h5ad,4259392,358e37e76ebbf821cf1e4d84612971576f2a958c954716b9569b9f1371b262fd,https://huggingface.co/datasets/Toycat/SToCorpus-88M/resolve/6f699f128416e8d55d6ab74976e964caec98b157/sodb/moffitt2018molecular_moffitt2018molecular_merFISH_mouse_hypothalamic_preoptic_region_131.h5ad
Toycat/SToCorpus-88M,6f699f128416e8d55d6ab74976e964caec98b157,sodb/moffitt2018molecular_moffitt2018molecular_merFISH_mouse_hypothalamic_preoptic_region_132.h5ad,4691420,fbfec1a67e26ba0b0c3f4ceb333c13e7bc475760a5008874d98a40169f06488a,https://huggingface.co/datasets/Toycat/SToCorpus-88M/resolve/6f699f128416e8d55d6ab74976e964caec98b157/sodb/moffitt2018molecular_moffitt2018molecular_merFISH_mouse_hypothalamic_preoptic_region_132.h5ad
Toycat/SToCorpus-88M,6f699f128416e8d55d6ab74976e964caec98b157,sodb/moffitt2018molecular_moffitt2018molecular_merFISH_mouse_hypothalamic_preoptic_region_133.h5ad,4369696,f7138da1e02c4a24372c01ae4214eac240c89c1ecbc6ae2d1e2dac6c5f835ce2,https://huggingface.co/datasets/Toycat/SToCorpus-88M/resolve/6f699f128416e8d55d6ab74976e964caec98b157/sodb/moffitt2018molecular_moffitt2018molecular_merFISH_mouse_hypothalamic_preoptic_region_133.h5ad
Toycat/SToCorpus-88M,6f699f128416e8d55d6ab74976e964caec98b157,sodb/moffitt2018molecular_moffitt2018molecular_merFISH_mouse_hypothalamic_preoptic_region_134.h5ad,4264124,219e0f2a57a11a1ab69c261d32a92c749d049d541cfed90049acd4d83a2c2117,https://huggingface.co/datasets/Toycat/SToCorpus-88M/resolve/6f699f128416e8d55d6ab74976e964caec98b157/sodb/moffitt2018molecular_moffitt2018molecular_merFISH_mouse_hypothalamic_preoptic_region_134.h5ad
Toycat/SToCorpus-88M,6f699f128416e8d55d6ab74976e964caec98b157,sodb/moffitt2018molecular_moffitt2018molecular_merFISH_mouse_hypothalamic_preoptic_region_135.h5ad,3944814,c61c32b92d7f359ad7779213bd9f3410779fc58a37d623d591821f649e02751e,https://huggingface.co/datasets/Toycat/SToCorpus-88M/resolve/6f699f128416e8d55d6ab74976e964caec98b157/sodb/moffitt2018molecular_moffitt2018molecular_merFISH_mouse_hypothalamic_preoptic_region_135.h5ad
Toycat/SToCorpus-88M,6f699f128416e8d55d6ab74976e964caec98b157,sodb/moffitt2018molecular_moffitt2018molecular_merFISH_mouse_hypothalamic_preoptic_region_136.h5ad,4851266,d6d7f1acb9da83809b6631042f12e02c6e41583772b87748511cae061a09dc9e,https://huggingface.co/datasets/Toycat/SToCorpus-88M/resolve/6f699f128416e8d55d6ab74976e964caec98b157/sodb/moffitt2018molecular_moffitt2018molecular_merFISH_mouse_hypothalamic_preoptic_region_136.h5ad
Toycat/SToCorpus-88M,6f699f128416e8d55d6ab74976e964caec98b157,sodb/moffitt2018molecular_moffitt2018molecular_merFISH_mouse_hypothalamic_preoptic_region_137.h5ad,4771790,abf29786bbde82eaacb9f663cfe2f55cbfb5585b1356999dba4262a52d7d268c,https://huggingface.co/datasets/Toycat/SToCorpus-88M/resolve/6f699f128416e8d55d6ab74976e964caec98b157/sodb/moffitt2018molecular_moffitt2018molecular_merFISH_mouse_hypothalamic_preoptic_region_137.h5ad
Toycat/SToCorpus-88M,6f699f128416e8d55d6ab74976e964caec98b157,sodb/moffitt2018molecular_moffitt2018molecular_merFISH_mouse_hypothalamic_preoptic_region_138.h5ad,3877866,608f5e47217ac323a23f182d24efd556b775820c50ae8b26b1d11353b266cbf3,https://huggingface.co/datasets/Toycat/SToCorpus-88M/resolve/6f699f128416e8d55d6ab74976e964caec98b157/sodb/moffitt2018molecular_moffitt2018molecular_merFISH_mouse_hypothalamic_preoptic_region_138.h5ad
Toycat/SToCorpus-88M,6f699f128416e8d55d6ab74976e964caec98b157,sodb/moffitt2018molecular_moffitt2018molecular_merFISH_mouse_hypothalamic_preoptic_region_139.h5ad,3892886,1f67a1e26c920b7312114f85ad17722cfa7070295f39d64c034c269a91c0564c,https://huggingface.co/datasets/Toycat/SToCorpus-88M/resolve/6f699f128416e8d55d6ab74976e964caec98b157/sodb/moffitt2018molecular_moffitt2018molecular_merFISH_mouse_hypothalamic_preoptic_region_139.h5ad
Toycat/SToCorpus-88M,6f699f128416e8d55d6ab74976e964caec98b157,sodb/moffitt2018molecular_moffitt2018molecular_merFISH_mouse_hypothalamic_preoptic_region_14.h5ad,5219082,a2cfae11d5b95f3639e5079d1680f98414a9272e698ef1324e895cf153f61c67,https://huggingface.co/datasets/Toycat/SToCorpus-88M/resolve/6f699f128416e8d55d6ab74976e964caec98b157/sodb/moffitt2018molecular_moffitt2018molecular_merFISH_mouse_hypothalamic_preoptic_region_14.h5ad
Toycat/SToCorpus-88M,6f699f128416e8d55d6ab74976e964caec98b157,sodb/moffitt2018molecular_moffitt2018molecular_merFISH_mouse_hypothalamic_preoptic_region_140.h5ad,4457624,9d7b387cb43458ea5cfc0fd28b546fb30c1824bfe900e1dd31818338242243e9,https://huggingface.co/datasets/Toycat/SToCorpus-88M/resolve/6f699f128416e8d55d6ab74976e964caec98b157/sodb/moffitt2018molecular_moffitt2018molecular_merFISH_mouse_hypothalamic_preoptic_region_140.h5ad
Toycat/SToCorpus-88M,6f699f128416e8d55d6ab74976e964caec98b157,sodb/moffitt2018molecular_moffitt2018molecular_merFISH_mouse_hypothalamic_preoptic_region_141.h5ad,4683418,2f5f542490e04214eeccc1f0f10517876a8513ffd5490c8f1dc4ec643a6f878d,https://huggingface.co/datasets/Toycat/SToCorpus-88M/resolve/6f699f128416e8d55d6ab74976e964caec98b157/sodb/moffitt2018molecular_moffitt2018molecular_merFISH_mouse_hypothalamic_preoptic_region_141.h5ad
Toycat/SToCorpus-88M,6f699f128416e8d55d6ab74976e964caec98b157,sodb/moffitt2018molecular_moffitt2018molecular_merFISH_mouse_hypothalamic_preoptic_region_142.h5ad,4685636,977a7f58fcab2eb9f59de89006bec34f329753e7689800ebe05536abc76c12d2,https://huggingface.co/datasets/Toycat/SToCorpus-88M/resolve/6f699f128416e8d55d6ab74976e964caec98b157/sodb/moffitt2018molecular_moffitt2018molecular_merFISH_mouse_hypothalamic_preoptic_region_142.h5ad
Toycat/SToCorpus-88M,6f699f128416e8d55d6ab74976e964caec98b157,sodb/moffitt2018molecular_moffitt2018molecular_merFISH_mouse_hypothalamic_preoptic_region_143.h5ad,4194344,8064a1dc09c6100373bea661d82384cf973604fff92cdf34ecb3b31ff6c04411,https://huggingface.co/datasets/Toycat/SToCorpus-88M/resolve/6f699f128416e8d55d6ab74976e964caec98b157/sodb/moffitt2018molecular_moffitt2018molecular_merFISH_mouse_hypothalamic_preoptic_region_143.h5ad
Toycat/SToCorpus-88M,6f699f128416e8d55d6ab74976e964caec98b157,sodb/moffitt2018molecular_moffitt2018molecular_merFISH_mouse_hypothalamic_preoptic_region_144.h5ad,4037580,d4ae8768670eba6d7681cb1c5259297dc95fc80b6feee24770cec7a26ad6312a,https://huggingface.co/datasets/Toycat/SToCorpus-88M/resolve/6f699f128416e8d55d6ab74976e964caec98b157/sodb/moffitt2018molecular_moffitt2018molecular_merFISH_mouse_hypothalamic_preoptic_region_144.h5ad
Toycat/SToCorpus-88M,6f699f128416e8d55d6ab74976e964caec98b157,sodb/moffitt2018molecular_moffitt2018molecular_merFISH_mouse_hypothalamic_preoptic_region_145.h5ad,3893798,b01d97d2fdcbebda32597d236fd77f656bbc9a1be75612112fab085af1d22949,https://huggingface.co/datasets/Toycat/SToCorpus-88M/resolve/6f699f128416e8d55d6ab74976e964caec98b157/sodb/moffitt2018molecular_moffitt2018molecular_merFISH_mouse_hypothalamic_preoptic_region_145.h5ad
Toycat/SToCorpus-88M,6f699f128416e8d55d6ab74976e964caec98b157,sodb/moffitt2018molecular_moffitt2018molecular_merFISH_mouse_hypothalamic_preoptic_region_146.h5ad,4443336,7ee88745fff8018fd362ffa7d865b513be602dee52fcb5eb4206383647d81dc7,https://huggingface.co/datasets/Toycat/SToCorpus-88M/resolve/6f699f128416e8d55d6ab74976e964caec98b157/sodb/moffitt2018molecular_moffitt2018molecular_merFISH_mouse_hypothalamic_preoptic_region_146.h5ad
Toycat/SToCorpus-88M,6f699f128416e8d55d6ab74976e964caec98b157,sodb/moffitt2018molecular_moffitt2018molecular_merFISH_mouse_hypothalamic_preoptic_region_147.h5ad,4271706,390e5402d9d79b476b2925e167048b6645b6578eac63e1632852fc9c38078838,https://huggingface.co/datasets/Toycat/SToCorpus-88M/resolve/6f699f128416e8d55d6ab74976e964caec98b157/sodb/moffitt2018molecular_moffitt2018molecular_merFISH_mouse_hypothalamic_preoptic_region_147.h5ad
Toycat/SToCorpus-88M,6f699f128416e8d55d6ab74976e964caec98b157,sodb/moffitt2018molecular_moffitt2018molecular_merFISH_mouse_hypothalamic_preoptic_region_148.h5ad,4033180,4d20f494de201fb25ae24454b28ba0bc5674a07b128e733abbf83b89a94dad50,https://huggingface.co/datasets/Toycat/SToCorpus-88M/resolve/6f699f128416e8d55d6ab74976e964caec98b157/sodb/moffitt2018molecular_moffitt2018molecular_merFISH_mouse_hypothalamic_preoptic_region_148.h5ad
Toycat/SToCorpus-88M,6f699f128416e8d55d6ab74976e964caec98b157,sodb/moffitt2018molecular_moffitt2018molecular_merFISH_mouse_hypothalamic_preoptic_region_149.h5ad,4259000,fcf9da68d71af1c39f3707a7016dfa9b1be052acdcdf631825fd73d47f45ca9a,https://huggingface.co/datasets/Toycat/SToCorpus-88M/resolve/6f699f128416e8d55d6ab74976e964caec98b157/sodb/moffitt2018molecular_moffitt2018molecular_merFISH_mouse_hypothalamic_preoptic_region_149.h5ad
Toycat/SToCorpus-88M,6f699f128416e8d55d6ab74976e964caec98b157,sodb/moffitt2018molecular_moffitt2018molecular_merFISH_mouse_hypothalamic_preoptic_region_15.h5ad,5392552,387794a3a38f6c15548d95edf1830610012349cae3bb2214bbd98269e545d69c,https://huggingface.co/datasets/Toycat/SToCorpus-88M/resolve/6f699f128416e8d55d6ab74976e964caec98b157/sodb/moffitt2018molecular_moffitt2018molecular_merFISH_mouse_hypothalamic_preoptic_region_15.h5ad
Toycat/SToCorpus-88M,6f699f128416e8d55d6ab74976e964caec98b157,sodb/moffitt2018molecular_moffitt2018molecular_merFISH_mouse_hypothalamic_preoptic_region_150.h5ad,4901862,7f88090f129b6dc5dfea3c7278a0b8dc49c646ecbffc8332ead0ed1cc3983610,https://huggingface.co/datasets/Toycat/SToCorpus-88M/resolve/6f699f128416e8d55d6ab74976e964caec98b157/sodb/moffitt2018molecular_moffitt2018molecular_merFISH_mouse_hypothalamic_preoptic_region_150.h5ad
Toycat/SToCorpus-88M,6f699f128416e8d55d6ab74976e964caec98b157,sodb/moffitt2018molecular_moffitt2018molecular_merFISH_mouse_hypothalamic_preoptic_region_151.h5ad,4732810,7e620180132a38df7da5ec19ffba266130fbfdee3a6a1c111bc72d29ca737324,https://huggingface.co/datasets/Toycat/SToCorpus-88M/resolve/6f699f128416e8d55d6ab74976e964caec98b157/sodb/moffitt2018molecular_moffitt2018molecular_merFISH_mouse_hypothalamic_preoptic_region_151.h5ad
Toycat/SToCorpus-88M,6f699f128416e8d55d6ab74976e964caec98b157,sodb/moffitt2018molecular_moffitt2018molecular_merFISH_mouse_hypothalamic_preoptic_region_152.h5ad,4303480,5b1ec91bf09831a83aaaa8f53d0770858d04305718af04655b3ac2c423bb5680,https://huggingface.co/datasets/Toycat/SToCorpus-88M/resolve/6f699f128416e8d55d6ab74976e964caec98b157/sodb/moffitt2018molecular_moffitt2018molecular_merFISH_mouse_hypothalamic_preoptic_region_152.h5ad
Toycat/SToCorpus-88M,6f699f128416e8d55d6ab74976e964caec98b157,sodb/moffitt2018molecular_moffitt2018molecular_merFISH_mouse_hypothalamic_preoptic_region_153.h5ad,4220970,a12901303bfb1b247df907c020cd06e72f308afb87eb7b2a20313852a3bf1b6b,https://huggingface.co/datasets/Toycat/SToCorpus-88M/resolve/6f699f128416e8d55d6ab74976e964caec98b157/sodb/moffitt2018molecular_moffitt2018molecular_merFISH_mouse_hypothalamic_preoptic_region_153.h5ad
Toycat/SToCorpus-88M,6f699f128416e8d55d6ab74976e964caec98b157,sodb/moffitt2018molecular_moffitt2018molecular_merFISH_mouse_hypothalamic_preoptic_region_154.h5ad,4356676,bea6989b9a0ce220e31fb062eece5871c3caee5539181dde897fd84dabe95ac2,https://huggingface.co/datasets/Toycat/SToCorpus-88M/resolve/6f699f128416e8d55d6ab74976e964caec98b157/sodb/moffitt2018molecular_moffitt2018molecular_merFISH_mouse_hypothalamic_preoptic_region_154.h5ad
Toycat/SToCorpus-88M,6f699f128416e8d55d6ab74976e964caec98b157,sodb/moffitt2018molecular_moffitt2018molecular_merFISH_mouse_hypothalamic_preoptic_region_155.h5ad,4143352,ad8a741333f49e0830642085059fe58dd10550a7260aa0bba6c96d7048eda035,https://huggingface.co/datasets/Toycat/SToCorpus-88M/resolve/6f699f128416e8d55d6ab74976e964caec98b157/sodb/moffitt2018molecular_moffitt2018molecular_merFISH_mouse_hypothalamic_preoptic_region_155.h5ad
Toycat/SToCorpus-88M,6f699f128416e8d55d6ab74976e964caec98b157,sodb/moffitt2018molecular_moffitt2018molecular_merFISH_mouse_hypothalamic_preoptic_region_156.h5ad,4025768,0ebfa68acf069a629f5bc6213c715aec57278ac06e088b16c999624041f8df69,https://huggingface.co/datasets/Toycat/SToCorpus-88M/resolve/6f699f128416e8d55d6ab74976e964caec98b157/sodb/moffitt2018molecular_moffitt2018molecular_merFISH_mouse_hypothalamic_preoptic_region_156.h5ad
Toycat/SToCorpus-88M,6f699f128416e8d55d6ab74976e964caec98b157,sodb/moffitt2018molecular_moffitt2018molecular_merFISH_mouse_hypothalamic_preoptic_region_157.h5ad,3896350,96b7cbd1672047b29ebac5aa24c754fb105fe78d67e0e572c1922f463262a903,https://huggingface.co/datasets/Toycat/SToCorpus-88M/resolve/6f699f128416e8d55d6ab74976e964caec98b157/sodb/moffitt2018molecular_moffitt2018molecular_merFISH_mouse_hypothalamic_preoptic_region_157.h5ad
Toycat/SToCorpus-88M,6f699f128416e8d55d6ab74976e964caec98b157,sodb/moffitt2018molecular_moffitt2018molecular_merFISH_mouse_hypothalamic_preoptic_region_158.h5ad,4577912,353b5829a70887ef7fb8ff98d1d608ec7d40a0eb234b19d41b573fa38317e0ba,https://huggingface.co/datasets/Toycat/SToCorpus-88M/resolve/6f699f128416e8d55d6ab74976e964caec98b157/sodb/moffitt2018molecular_moffitt2018molecular_merFISH_mouse_hypothalamic_preoptic_region_158.h5ad
Toycat/SToCorpus-88M,6f699f128416e8d55d6ab74976e964caec98b157,sodb/moffitt2018molecular_moffitt2018molecular_merFISH_mouse_hypothalamic_preoptic_region_159.h5ad,4574178,67c4d1bd125bf4a42f935dac9d6ad1b7a7673cc0197302db06904ec8d1fb18e6,https://huggingface.co/datasets/Toycat/SToCorpus-88M/resolve/6f699f128416e8d55d6ab74976e964caec98b157/sodb/moffitt2018molecular_moffitt2018molecular_merFISH_mouse_hypothalamic_preoptic_region_159.h5ad
Toycat/SToCorpus-88M,6f699f128416e8d55d6ab74976e964caec98b157,sodb/moffitt2018molecular_moffitt2018molecular_merFISH_mouse_hypothalamic_preoptic_region_16.h5ad,5299210,48c49318d1915d36b2e9cee7db4919d599778016530e4dea7c151782584dc331,https://huggingface.co/datasets/Toycat/SToCorpus-88M/resolve/6f699f128416e8d55d6ab74976e964caec98b157/sodb/moffitt2018molecular_moffitt2018molecular_merFISH_mouse_hypothalamic_preoptic_region_16.h5ad
Toycat/SToCorpus-88M,6f699f128416e8d55d6ab74976e964caec98b157,sodb/moffitt2018molecular_moffitt2018molecular_merFISH_mouse_hypothalamic_preoptic_region_160.h5ad,4293410,e17face4ee4fb8341bb9bed4189126a15362c000ee328fba2166b7fe4615eb59,https://huggingface.co/datasets/Toycat/SToCorpus-88M/resolve/6f699f128416e8d55d6ab74976e964caec98b157/sodb/moffitt2018molecular_moffitt2018molecular_merFISH_mouse_hypothalamic_preoptic_region_160.h5ad
Toycat/SToCorpus-88M,6f699f128416e8d55d6ab74976e964caec98b157,sodb/moffitt2018molecular_moffitt2018molecular_merFISH_mouse_hypothalamic_preoptic_region_161.h5ad,4026752,0c75c17b269322c5f772da2427716758d02b308e8ef54e68c649edd63f3346bf,https://huggingface.co/datasets/Toycat/SToCorpus-88M/resolve/6f699f128416e8d55d6ab74976e964caec98b157/sodb/moffitt2018molecular_moffitt2018molecular_merFISH_mouse_hypothalamic_preoptic_region_161.h5ad
Toycat/SToCorpus-88M,6f699f128416e8d55d6ab74976e964caec98b157,sodb/moffitt2018molecular_moffitt2018molecular_merFISH_mouse_hypothalamic_preoptic_region_162.h5ad,4684960,9aa69b71a9423e4ba87ca2ab8c1227df403987c8e19643fc176cb35bf984f569,https://huggingface.co/datasets/Toycat/SToCorpus-88M/resolve/6f699f128416e8d55d6ab74976e964caec98b157/sodb/moffitt2018molecular_moffitt2018molecular_merFISH_mouse_hypothalamic_preoptic_region_162.h5ad
Toycat/SToCorpus-88M,6f699f128416e8d55d6ab74976e964caec98b157,sodb/moffitt2018molecular_moffitt2018molecular_merFISH_mouse_hypothalamic_preoptic_region_163.h5ad,4576668,a06a61425269707099e7137bdf19111bc7c9d1f7f81176d693277fcf9f11015d,https://huggingface.co/datasets/Toycat/SToCorpus-88M/resolve/6f699f128416e8d55d6ab74976e964caec98b157/sodb/moffitt2018molecular_moffitt2018molecular_merFISH_mouse_hypothalamic_preoptic_region_163.h5ad
Toycat/SToCorpus-88M,6f699f128416e8d55d6ab74976e964caec98b157,sodb/moffitt2018molecular_moffitt2018molecular_merFISH_mouse_hypothalamic_preoptic_region_164.h5ad,4642818,3d668cf07710ed4c47a2618009f1b304981bc047d6328394df90ee99787f3ae6,https://huggingface.co/datasets/Toycat/SToCorpus-88M/resolve/6f699f128416e8d55d6ab74976e964caec98b157/sodb/moffitt2018molecular_moffitt2018molecular_merFISH_mouse_hypothalamic_preoptic_region_164.h5ad
Toycat/SToCorpus-88M,6f699f128416e8d55d6ab74976e964caec98b157,sodb/moffitt2018molecular_moffitt2018molecular_merFISH_mouse_hypothalamic_preoptic_region_165.h5ad,4299100,4ad3b9af7e07e4aed3d9904861dc2771835c32e8e27b6b399d374e804724a766,https://huggingface.co/datasets/Toycat/SToCorpus-88M/resolve/6f699f128416e8d55d6ab74976e964caec98b157/sodb/moffitt2018molecular_moffitt2018molecular_merFISH_mouse_hypothalamic_preoptic_region_165.h5ad
Toycat/SToCorpus-88M,6f699f128416e8d55d6ab74976e964caec98b157,sodb/moffitt2018molecular_moffitt2018molecular_merFISH_mouse_hypothalamic_preoptic_region_166.h5ad,4451196,7eb644f27f06c66e9b77a8dd01cc012a0ee3bc9dc8472f47c4d7a2351d633ff8,https://huggingface.co/datasets/Toycat/SToCorpus-88M/resolve/6f699f128416e8d55d6ab74976e964caec98b157/sodb/moffitt2018molecular_moffitt2018molecular_merFISH_mouse_hypothalamic_preoptic_region_166.h5ad
Toycat/SToCorpus-88M,6f699f128416e8d55d6ab74976e964caec98b157,sodb/moffitt2018molecular_moffitt2018molecular_merFISH_mouse_hypothalamic_preoptic_region_167.h5ad,4475414,98ab35e3ca090b958f692ee5b31bd9c58aad671d22bf410a1800cf4a7463ad84,https://huggingface.co/datasets/Toycat/SToCorpus-88M/resolve/6f699f128416e8d55d6ab74976e964caec98b157/sodb/moffitt2018molecular_moffitt2018molecular_merFISH_mouse_hypothalamic_preoptic_region_167.h5ad
Toycat/SToCorpus-88M,6f699f128416e8d55d6ab74976e964caec98b157,sodb/moffitt2018molecular_moffitt2018molecular_merFISH_mouse_hypothalamic_preoptic_region_168.h5ad,3883376,a8eb46ab8635883cf92ddd8298fed10e5efa54a0f3a6e12863319f64beced824,https://huggingface.co/datasets/Toycat/SToCorpus-88M/resolve/6f699f128416e8d55d6ab74976e964caec98b157/sodb/moffitt2018molecular_moffitt2018molecular_merFISH_mouse_hypothalamic_preoptic_region_168.h5ad
Toycat/SToCorpus-88M,6f699f128416e8d55d6ab74976e964caec98b157,sodb/moffitt2018molecular_moffitt2018molecular_merFISH_mouse_hypothalamic_preoptic_region_169.h5ad,3747452,a6e5fd7d7ef0ace68c9a6fb7118f2ced8c209cd6a05cf975ef3ff26096647bba,https://huggingface.co/datasets/Toycat/SToCorpus-88M/resolve/6f699f128416e8d55d6ab74976e964caec98b157/sodb/moffitt2018molecular_moffitt2018molecular_merFISH_mouse_hypothalamic_preoptic_region_169.h5ad
Toycat/SToCorpus-88M,6f699f128416e8d55d6ab74976e964caec98b157,sodb/moffitt2018molecular_moffitt2018molecular_merFISH_mouse_hypothalamic_preoptic_region_17.h5ad,4970962,dcaa4cc0c3835e6eeff2e5657344a315f273ff631141c94fe9f1832182f288e3,https://huggingface.co/datasets/Toycat/SToCorpus-88M/resolve/6f699f128416e8d55d6ab74976e964caec98b157/sodb/moffitt2018molecular_moffitt2018molecular_merFISH_mouse_hypothalamic_preoptic_region_17.h5ad
Toycat/SToCorpus-88M,6f699f128416e8d55d6ab74976e964caec98b157,sodb/moffitt2018molecular_moffitt2018molecular_merFISH_mouse_hypothalamic_preoptic_region_170.h5ad,4609050,43aa406eda00a46cfb3d14e8f00d099a9c287536005399787be5a407306f5c8a,https://huggingface.co/datasets/Toycat/SToCorpus-88M/resolve/6f699f128416e8d55d6ab74976e964caec98b157/sodb/moffitt2018molecular_moffitt2018molecular_merFISH_mouse_hypothalamic_preoptic_region_170.h5ad
Toycat/SToCorpus-88M,6f699f128416e8d55d6ab74976e964caec98b157,sodb/moffitt2018molecular_moffitt2018molecular_merFISH_mouse_hypothalamic_preoptic_region_171.h5ad,3958984,404db7b43f955e0a52ffe8068136b26dcc61bd3657f91aa7399c53329110ea83,https://huggingface.co/datasets/Toycat/SToCorpus-88M/resolve/6f699f128416e8d55d6ab74976e964caec98b157/sodb/moffitt2018molecular_moffitt2018molecular_merFISH_mouse_hypothalamic_preoptic_region_171.h5ad
Toycat/SToCorpus-88M,6f699f128416e8d55d6ab74976e964caec98b157,sodb/moffitt2018molecular_moffitt2018molecular_merFISH_mouse_hypothalamic_preoptic_region_172.h5ad,4566546,4851b91ad525c90e4fc50530d6d5ea02b94ff23ac9573bc571a81cb4067fdad0,https://huggingface.co/datasets/Toycat/SToCorpus-88M/resolve/6f699f128416e8d55d6ab74976e964caec98b157/sodb/moffitt2018molecular_moffitt2018molecular_merFISH_mouse_hypothalamic_preoptic_region_172.h5ad
Toycat/SToCorpus-88M,6f699f128416e8d55d6ab74976e964caec98b157,sodb/moffitt2018molecular_moffitt2018molecular_merFISH_mouse_hypothalamic_preoptic_region_173.h5ad,4236760,bb50bf3f851fef8feebedbe08cbe0562621f6d97cf820263a22f07ed10e47b4d,https://huggingface.co/datasets/Toycat/SToCorpus-88M/resolve/6f699f128416e8d55d6ab74976e964caec98b157/sodb/moffitt2018molecular_moffitt2018molecular_merFISH_mouse_hypothalamic_preoptic_region_173.h5ad
Toycat/SToCorpus-88M,6f699f128416e8d55d6ab74976e964caec98b157,sodb/moffitt2018molecular_moffitt2018molecular_merFISH_mouse_hypothalamic_preoptic_region_174.h5ad,4458606,c832827df35a719d7c18fd6e73ffc600de98a99ecbede7a8380a66f71a0c0cbb,https://huggingface.co/datasets/Toycat/SToCorpus-88M/resolve/6f699f128416e8d55d6ab74976e964caec98b157/sodb/moffitt2018molecular_moffitt2018molecular_merFISH_mouse_hypothalamic_preoptic_region_174.h5ad
Toycat/SToCorpus-88M,6f699f128416e8d55d6ab74976e964caec98b157,sodb/moffitt2018molecular_moffitt2018molecular_merFISH_mouse_hypothalamic_preoptic_region_175.h5ad,4668268,a42fb4d416a2a54837432226eafa463729ab8b27201acf261d24a4d80fbb832b,https://huggingface.co/datasets/Toycat/SToCorpus-88M/resolve/6f699f128416e8d55d6ab74976e964caec98b157/sodb/moffitt2018molecular_moffitt2018molecular_merFISH_mouse_hypothalamic_preoptic_region_175.h5ad
Toycat/SToCorpus-88M,6f699f128416e8d55d6ab74976e964caec98b157,sodb/moffitt2018molecular_moffitt2018molecular_merFISH_mouse_hypothalamic_preoptic_region_176.h5ad,4349116,585e0486164604769295bae926caa949d868f6b7e13a375028506c4d52fe6dcc,https://huggingface.co/datasets/Toycat/SToCorpus-88M/resolve/6f699f128416e8d55d6ab74976e964caec98b157/sodb/moffitt2018molecular_moffitt2018molecular_merFISH_mouse_hypothalamic_preoptic_region_176.h5ad
Toycat/SToCorpus-88M,6f699f128416e8d55d6ab74976e964caec98b157,sodb/moffitt2018molecular_moffitt2018molecular_merFISH_mouse_hypothalamic_preoptic_region_177.h5ad,4124662,f0f8035f765f6e33cad7b82cf71467a214db3aaaadbde8257a01d2197db01773,https://huggingface.co/datasets/Toycat/SToCorpus-88M/resolve/6f699f128416e8d55d6ab74976e964caec98b157/sodb/moffitt2018molecular_moffitt2018molecular_merFISH_mouse_hypothalamic_preoptic_region_177.h5ad
Toycat/SToCorpus-88M,6f699f128416e8d55d6ab74976e964caec98b157,sodb/moffitt2018molecular_moffitt2018molecular_merFISH_mouse_hypothalamic_preoptic_region_178.h5ad,4647330,8e944630f887a59eac6988d719ca5bf8e30f55bb0b7efff0bd59b30e76c3fde6,https://huggingface.co/datasets/Toycat/SToCorpus-88M/resolve/6f699f128416e8d55d6ab74976e964caec98b157/sodb/moffitt2018molecular_moffitt2018molecular_merFISH_mouse_hypothalamic_preoptic_region_178.h5ad
Toycat/SToCorpus-88M,6f699f128416e8d55d6ab74976e964caec98b157,sodb/moffitt2018molecular_moffitt2018molecular_merFISH_mouse_hypothalamic_preoptic_region_179.h5ad,4630258,462e29070c3cb200c240e3aac20e84dbd9f2a6745a21bbac2a245bdef6c23aed,https://huggingface.co/datasets/Toycat/SToCorpus-88M/resolve/6f699f128416e8d55d6ab74976e964caec98b157/sodb/moffitt2018molecular_moffitt2018molecular_merFISH_mouse_hypothalamic_preoptic_region_179.h5ad
Toycat/SToCorpus-88M,6f699f128416e8d55d6ab74976e964caec98b157,sodb/moffitt2018molecular_moffitt2018molecular_merFISH_mouse_hypothalamic_preoptic_region_18.h5ad,4758262,7f723f4b6a29641322f9daac9947fc118f3fa33528007cec66e339b76b8ed20d,https://huggingface.co/datasets/Toycat/SToCorpus-88M/resolve/6f699f128416e8d55d6ab74976e964caec98b157/sodb/moffitt2018molecular_moffitt2018molecular_merFISH_mouse_hypothalamic_preoptic_region_18.h5ad
Toycat/SToCorpus-88M,6f699f128416e8d55d6ab74976e964caec98b157,sodb/moffitt2018molecular_moffitt2018molecular_merFISH_mouse_hypothalamic_preoptic_region_180.h5ad,4438414,8d327fecde27ac2c4052284ac3f8f12c6f5a001d196c125a7ab83725871224f4,https://huggingface.co/datasets/Toycat/SToCorpus-88M/resolve/6f699f128416e8d55d6ab74976e964caec98b157/sodb/moffitt2018molecular_moffitt2018molecular_merFISH_mouse_hypothalamic_preoptic_region_180.h5ad
Toycat/SToCorpus-88M,6f699f128416e8d55d6ab74976e964caec98b157,sodb/moffitt2018molecular_moffitt2018molecular_merFISH_mouse_hypothalamic_preoptic_region_181.h5ad,4242506,11b3570ccc733bacee4ecca0b5e95aa0dc8f5a3d3a3d10ed4d2b4f71b6a05fec,https://huggingface.co/datasets/Toycat/SToCorpus-88M/resolve/6f699f128416e8d55d6ab74976e964caec98b157/sodb/moffitt2018molecular_moffitt2018molecular_merFISH_mouse_hypothalamic_preoptic_region_181.h5ad
Toycat/SToCorpus-88M,6f699f128416e8d55d6ab74976e964caec98b157,sodb/moffitt2018molecular_moffitt2018molecular_merFISH_mouse_hypothalamic_preoptic_region_19.h5ad,4875734,d98d7e474cc6cb0971ef476f193d002bc8d7029047bb0459063b06a01eb4f4bc,https://huggingface.co/datasets/Toycat/SToCorpus-88M/resolve/6f699f128416e8d55d6ab74976e964caec98b157/sodb/moffitt2018molecular_moffitt2018molecular_merFISH_mouse_hypothalamic_preoptic_region_19.h5ad
Toycat/SToCorpus-88M,6f699f128416e8d55d6ab74976e964caec98b157,sodb/moffitt2018molecular_moffitt2018molecular_merFISH_mouse_hypothalamic_preoptic_region_2.h5ad,5578896,9553a8ae9e1bf2580bac3a4aedfabf6ee56de8f5c9d98a20615430fa28aaddf8,https://huggingface.co/datasets/Toycat/SToCorpus-88M/resolve/6f699f128416e8d55d6ab74976e964caec98b157/sodb/moffitt2018molecular_moffitt2018molecular_merFISH_mouse_hypothalamic_preoptic_region_2.h5ad
Toycat/SToCorpus-88M,6f699f128416e8d55d6ab74976e964caec98b157,sodb/moffitt2018molecular_moffitt2018molecular_merFISH_mouse_hypothalamic_preoptic_region_20.h5ad,4535046,298bc8085cdee8fac0e495fb7dfbe8bb7a148b38acd632eb29ed687fa3c0975f,https://huggingface.co/datasets/Toycat/SToCorpus-88M/resolve/6f699f128416e8d55d6ab74976e964caec98b157/sodb/moffitt2018molecular_moffitt2018molecular_merFISH_mouse_hypothalamic_preoptic_region_20.h5ad
Toycat/SToCorpus-88M,6f699f128416e8d55d6ab74976e964caec98b157,sodb/moffitt2018molecular_moffitt2018molecular_merFISH_mouse_hypothalamic_preoptic_region_21.h5ad,4851034,3067f94cc3c2380f8eadd1c5fe5b0b6b2820157cb150cfbb320d0d3fbc32f005,https://huggingface.co/datasets/Toycat/SToCorpus-88M/resolve/6f699f128416e8d55d6ab74976e964caec98b157/sodb/moffitt2018molecular_moffitt2018molecular_merFISH_mouse_hypothalamic_preoptic_region_21.h5ad
Toycat/SToCorpus-88M,6f699f128416e8d55d6ab74976e964caec98b157,sodb/moffitt2018molecular_moffitt2018molecular_merFISH_mouse_hypothalamic_preoptic_region_22.h5ad,4346680,db53232fd2b762fd9b721e4eb9600480e5c7d10c8fbb82b9c41a1dd735506772,https://huggingface.co/datasets/Toycat/SToCorpus-88M/resolve/6f699f128416e8d55d6ab74976e964caec98b157/sodb/moffitt2018molecular_moffitt2018molecular_merFISH_mouse_hypothalamic_preoptic_region_22.h5ad
Toycat/SToCorpus-88M,6f699f128416e8d55d6ab74976e964caec98b157,sodb/moffitt2018molecular_moffitt2018molecular_merFISH_mouse_hypothalamic_preoptic_region_23.h5ad,4458398,f5f9bf645e1a0de4addadcb48d79cd78a9ab748954e06e7721e22618d43e4923,https://huggingface.co/datasets/Toycat/SToCorpus-88M/resolve/6f699f128416e8d55d6ab74976e964caec98b157/sodb/moffitt2018molecular_moffitt2018molecular_merFISH_mouse_hypothalamic_preoptic_region_23.h5ad
Toycat/SToCorpus-88M,6f699f128416e8d55d6ab74976e964caec98b157,sodb/moffitt2018molecular_moffitt2018molecular_merFISH_mouse_hypothalamic_preoptic_region_24.h5ad,4414704,7130963cce7befcfdb89384dbb47f70853a3088fb8f9822c1b5f6759d8830e73,https://huggingface.co/datasets/Toycat/SToCorpus-88M/resolve/6f699f128416e8d55d6ab74976e964caec98b157/sodb/moffitt2018molecular_moffitt2018molecular_merFISH_mouse_hypothalamic_preoptic_region_24.h5ad
Toycat/SToCorpus-88M,6f699f128416e8d55d6ab74976e964caec98b157,sodb/moffitt2018molecular_moffitt2018molecular_merFISH_mouse_hypothalamic_preoptic_region_25.h5ad,5105968,e8a6e37b556d756c4fdd704f0d843bc1c2bf9d8489e6801e2e8f861a4de3dd44,https://huggingface.co/datasets/Toycat/SToCorpus-88M/resolve/6f699f128416e8d55d6ab74976e964caec98b157/sodb/moffitt2018molecular_moffitt2018molecular_merFISH_mouse_hypothalamic_preoptic_region_25.h5ad
Toycat/SToCorpus-88M,6f699f128416e8d55d6ab74976e964caec98b157,sodb/moffitt2018molecular_moffitt2018molecular_merFISH_mouse_hypothalamic_preoptic_region_26.h5ad,5225396,ed03cec7b04075afa761427658b72b977b94dd0f38da5a79bfb59911c2ca91df,https://huggingface.co/datasets/Toycat/SToCorpus-88M/resolve/6f699f128416e8d55d6ab74976e964caec98b157/sodb/moffitt2018molecular_moffitt2018molecular_merFISH_mouse_hypothalamic_preoptic_region_26.h5ad
Toycat/SToCorpus-88M,6f699f128416e8d55d6ab74976e964caec98b157,sodb/moffitt2018molecular_moffitt2018molecular_merFISH_mouse_hypothalamic_preoptic_region_27.h5ad,4820158,05b4341c2d19302c132263339fb1306b0396f88ea4d7e5149776585a1e779d6b,https://huggingface.co/datasets/Toycat/SToCorpus-88M/resolve/6f699f128416e8d55d6ab74976e964caec98b157/sodb/moffitt2018molecular_moffitt2018molecular_merFISH_mouse_hypothalamic_preoptic_region_27.h5ad
Toycat/SToCorpus-88M,6f699f128416e8d55d6ab74976e964caec98b157,sodb/moffitt2018molecular_moffitt2018molecular_merFISH_mouse_hypothalamic_preoptic_region_28.h5ad,4838144,c609061417e91defa433d24458a90d769b67760308a52f35130352bcd6395877,https://huggingface.co/datasets/Toycat/SToCorpus-88M/resolve/6f699f128416e8d55d6ab74976e964caec98b157/sodb/moffitt2018molecular_moffitt2018molecular_merFISH_mouse_hypothalamic_preoptic_region_28.h5ad
Toycat/SToCorpus-88M,6f699f128416e8d55d6ab74976e964caec98b157,sodb/moffitt2018molecular_moffitt2018molecular_merFISH_mouse_hypothalamic_preoptic_region_29.h5ad,4579826,55124aa9c09d12ff08bbc711df25116d00f421bbd87f390d4286cffb5a3b2929,https://huggingface.co/datasets/Toycat/SToCorpus-88M/resolve/6f699f128416e8d55d6ab74976e964caec98b157/sodb/moffitt2018molecular_moffitt2018molecular_merFISH_mouse_hypothalamic_preoptic_region_29.h5ad
Toycat/SToCorpus-88M,6f699f128416e8d55d6ab74976e964caec98b157,sodb/moffitt2018molecular_moffitt2018molecular_merFISH_mouse_hypothalamic_preoptic_region_3.h5ad,5731378,c9bd1f40d7213d9295629bc7d4ceb31878287aa814390bdd52c042e31aaaffc8,https://huggingface.co/datasets/Toycat/SToCorpus-88M/resolve/6f699f128416e8d55d6ab74976e964caec98b157/sodb/moffitt2018molecular_moffitt2018molecular_merFISH_mouse_hypothalamic_preoptic_region_3.h5ad
Toycat/SToCorpus-88M,6f699f128416e8d55d6ab74976e964caec98b157,sodb/moffitt2018molecular_moffitt2018molecular_merFISH_mouse_hypothalamic_preoptic_region_30.h5ad,4478338,2ba4750caea013763e22c443c775420f5bed408daeb3c52e09a8b4fa9860496e,https://huggingface.co/datasets/Toycat/SToCorpus-88M/resolve/6f699f128416e8d55d6ab74976e964caec98b157/sodb/moffitt2018molecular_moffitt2018molecular_merFISH_mouse_hypothalamic_preoptic_region_30.h5ad
Toycat/SToCorpus-88M,6f699f128416e8d55d6ab74976e964caec98b157,sodb/moffitt2018molecular_moffitt2018molecular_merFISH_mouse_hypothalamic_preoptic_region_31.h5ad,5305392,ade0ae3c8db0623fa1be042d336c26095b943dd8e93cda604d1b2774f7954651,https://huggingface.co/datasets/Toycat/SToCorpus-88M/resolve/6f699f128416e8d55d6ab74976e964caec98b157/sodb/moffitt2018molecular_moffitt2018molecular_merFISH_mouse_hypothalamic_preoptic_region_31.h5ad
Toycat/SToCorpus-88M,6f699f128416e8d55d6ab74976e964caec98b157,sodb/moffitt2018molecular_moffitt2018molecular_merFISH_mouse_hypothalamic_preoptic_region_32.h5ad,4846604,9ced24376bfaf5d1b70e49b9f68b27e5167d76234bf7f676d25fed810459772a,https://huggingface.co/datasets/Toycat/SToCorpus-88M/resolve/6f699f128416e8d55d6ab74976e964caec98b157/sodb/moffitt2018molecular_moffitt2018molecular_merFISH_mouse_hypothalamic_preoptic_region_32.h5ad
Toycat/SToCorpus-88M,6f699f128416e8d55d6ab74976e964caec98b157,sodb/moffitt2018molecular_moffitt2018molecular_merFISH_mouse_hypothalamic_preoptic_region_33.h5ad,4860440,5e02e7d208795f9b604edad5dc6bce7b286a05b499c394269eee1b2930a21475,https://huggingface.co/datasets/Toycat/SToCorpus-88M/resolve/6f699f128416e8d55d6ab74976e964caec98b157/sodb/moffitt2018molecular_moffitt2018molecular_merFISH_mouse_hypothalamic_preoptic_region_33.h5ad
Toycat/SToCorpus-88M,6f699f128416e8d55d6ab74976e964caec98b157,sodb/moffitt2018molecular_moffitt2018molecular_merFISH_mouse_hypothalamic_preoptic_region_34.h5ad,3622494,00478902b622836f85a4ce6753d554192beeb25673a312729e0a1f79c63c4326,https://huggingface.co/datasets/Toycat/SToCorpus-88M/resolve/6f699f128416e8d55d6ab74976e964caec98b157/sodb/moffitt2018molecular_moffitt2018molecular_merFISH_mouse_hypothalamic_preoptic_region_34.h5ad
Toycat/SToCorpus-88M,6f699f128416e8d55d6ab74976e964caec98b157,sodb/moffitt2018molecular_moffitt2018molecular_merFISH_mouse_hypothalamic_preoptic_region_35.h5ad,4679468,fa7a75339576fa941867975591629693f872bab0d11133bc6a91e70e13305331,https://huggingface.co/datasets/Toycat/SToCorpus-88M/resolve/6f699f128416e8d55d6ab74976e964caec98b157/sodb/moffitt2018molecular_moffitt2018molecular_merFISH_mouse_hypothalamic_preoptic_region_35.h5ad
Toycat/SToCorpus-88M,6f699f128416e8d55d6ab74976e964caec98b157,sodb/moffitt2018molecular_moffitt2018molecular_merFISH_mouse_hypothalamic_preoptic_region_36.h5ad,4869402,49e5e8b96a9da8d0f626690c0d5841727d713d776d73b3add302cad6d92e79d0,https://huggingface.co/datasets/Toycat/SToCorpus-88M/resolve/6f699f128416e8d55d6ab74976e964caec98b157/sodb/moffitt2018molecular_moffitt2018molecular_merFISH_mouse_hypothalamic_preoptic_region_36.h5ad
Toycat/SToCorpus-88M,6f699f128416e8d55d6ab74976e964caec98b157,sodb/moffitt2018molecular_moffitt2018molecular_merFISH_mouse_hypothalamic_preoptic_region_37.h5ad,4179294,332807955e1b63b97da00492d30dd31ab7536077b8490fc92ec37a639c9598c0,https://huggingface.co/datasets/Toycat/SToCorpus-88M/resolve/6f699f128416e8d55d6ab74976e964caec98b157/sodb/moffitt2018molecular_moffitt2018molecular_merFISH_mouse_hypothalamic_preoptic_region_37.h5ad
Toycat/SToCorpus-88M,6f699f128416e8d55d6ab74976e964caec98b157,sodb/moffitt2018molecular_moffitt2018molecular_merFISH_mouse_hypothalamic_preoptic_region_38.h5ad,4589574,322ea1b73805b7e2ccf22f8687a943b8d1e596f47c033fed9eed633abd22671a,https://huggingface.co/datasets/Toycat/SToCorpus-88M/resolve/6f699f128416e8d55d6ab74976e964caec98b157/sodb/moffitt2018molecular_moffitt2018molecular_merFISH_mouse_hypothalamic_preoptic_region_38.h5ad
Toycat/SToCorpus-88M,6f699f128416e8d55d6ab74976e964caec98b157,sodb/moffitt2018molecular_moffitt2018molecular_merFISH_mouse_hypothalamic_preoptic_region_39.h5ad,4582714,3d027281aacb291e574da388d285d04dd33dd340a473621e0415a94df48790a0,https://huggingface.co/datasets/Toycat/SToCorpus-88M/resolve/6f699f128416e8d55d6ab74976e964caec98b157/sodb/moffitt2018molecular_moffitt2018molecular_merFISH_mouse_hypothalamic_preoptic_region_39.h5ad
Toycat/SToCorpus-88M,6f699f128416e8d55d6ab74976e964caec98b157,sodb/moffitt2018molecular_moffitt2018molecular_merFISH_mouse_hypothalamic_preoptic_region_4.h5ad,5821726,e428b5fafc8215f56cfc0ad39c437b1c8505e0221e6718e4fb8beaae3cd0ce44,https://huggingface.co/datasets/Toycat/SToCorpus-88M/resolve/6f699f128416e8d55d6ab74976e964caec98b157/sodb/moffitt2018molecular_moffitt2018molecular_merFISH_mouse_hypothalamic_preoptic_region_4.h5ad
Toycat/SToCorpus-88M,6f699f128416e8d55d6ab74976e964caec98b157,sodb/moffitt2018molecular_moffitt2018molecular_merFISH_mouse_hypothalamic_preoptic_region_40.h5ad,4142920,1ad459bab24512daad4deda182268a4be556b564f5dede32ea060d55209f720d,https://huggingface.co/datasets/Toycat/SToCorpus-88M/resolve/6f699f128416e8d55d6ab74976e964caec98b157/sodb/moffitt2018molecular_moffitt2018molecular_merFISH_mouse_hypothalamic_preoptic_region_40.h5ad
Toycat/SToCorpus-88M,6f699f128416e8d55d6ab74976e964caec98b157,sodb/moffitt2018molecular_moffitt2018molecular_merFISH_mouse_hypothalamic_preoptic_region_41.h5ad,4296286,ec6c029886f60d72edc52e736d14f1da3553df628313a524516f2a0e30912456,https://huggingface.co/datasets/Toycat/SToCorpus-88M/resolve/6f699f128416e8d55d6ab74976e964caec98b157/sodb/moffitt2018molecular_moffitt2018molecular_merFISH_mouse_hypothalamic_preoptic_region_41.h5ad
Toycat/SToCorpus-88M,6f699f128416e8d55d6ab74976e964caec98b157,sodb/moffitt2018molecular_moffitt2018molecular_merFISH_mouse_hypothalamic_preoptic_region_42.h5ad,4397890,51fe0cc5482aa0cac6da5f6c874df01e3dc498e2e985ebedaf09f5ae17cac752,https://huggingface.co/datasets/Toycat/SToCorpus-88M/resolve/6f699f128416e8d55d6ab74976e964caec98b157/sodb/moffitt2018molecular_moffitt2018molecular_merFISH_mouse_hypothalamic_preoptic_region_42.h5ad
Toycat/SToCorpus-88M,6f699f128416e8d55d6ab74976e964caec98b157,sodb/moffitt2018molecular_moffitt2018molecular_merFISH_mouse_hypothalamic_preoptic_region_43.h5ad,4244162,c408a2b948f17ce69a4868dbbe36489bc96fff59c82205ab3fe1cb6184db74ef,https://huggingface.co/datasets/Toycat/SToCorpus-88M/resolve/6f699f128416e8d55d6ab74976e964caec98b157/sodb/moffitt2018molecular_moffitt2018molecular_merFISH_mouse_hypothalamic_preoptic_region_43.h5ad
Toycat/SToCorpus-88M,6f699f128416e8d55d6ab74976e964caec98b157,sodb/moffitt2018molecular_moffitt2018molecular_merFISH_mouse_hypothalamic_preoptic_region_44.h5ad,4067430,5faf3de47f65b51887a6a4624d0894078d77f62d225812fc4d37bd6a824173d4,https://huggingface.co/datasets/Toycat/SToCorpus-88M/resolve/6f699f128416e8d55d6ab74976e964caec98b157/sodb/moffitt2018molecular_moffitt2018molecular_merFISH_mouse_hypothalamic_preoptic_region_44.h5ad
Toycat/SToCorpus-88M,6f699f128416e8d55d6ab74976e964caec98b157,sodb/moffitt2018molecular_moffitt2018molecular_merFISH_mouse_hypothalamic_preoptic_region_45.h5ad,3920970,b4c536a2be25f10dbe4178a0e84e7addfc339f295ed672c0d2e057150a9f963c,https://huggingface.co/datasets/Toycat/SToCorpus-88M/resolve/6f699f128416e8d55d6ab74976e964caec98b157/sodb/moffitt2018molecular_moffitt2018molecular_merFISH_mouse_hypothalamic_preoptic_region_45.h5ad
Toycat/SToCorpus-88M,6f699f128416e8d55d6ab74976e964caec98b157,sodb/moffitt2018molecular_moffitt2018molecular_merFISH_mouse_hypothalamic_preoptic_region_46.h5ad,3485766,d104d0dbecb96574371dcf6377cbb0cf2aa8c047827b53abe77a8191a57bc4a1,https://huggingface.co/datasets/Toycat/SToCorpus-88M/resolve/6f699f128416e8d55d6ab74976e964caec98b157/sodb/moffitt2018molecular_moffitt2018molecular_merFISH_mouse_hypothalamic_preoptic_region_46.h5ad
Toycat/SToCorpus-88M,6f699f128416e8d55d6ab74976e964caec98b157,sodb/moffitt2018molecular_moffitt2018molecular_merFISH_mouse_hypothalamic_preoptic_region_47.h5ad,3470974,81c4b9b1229dbfac23f5584b5d15ddbc0c738e475f30a74237eb139ba4cf6a47,https://huggingface.co/datasets/Toycat/SToCorpus-88M/resolve/6f699f128416e8d55d6ab74976e964caec98b157/sodb/moffitt2018molecular_moffitt2018molecular_merFISH_mouse_hypothalamic_preoptic_region_47.h5ad
Toycat/SToCorpus-88M,6f699f128416e8d55d6ab74976e964caec98b157,sodb/moffitt2018molecular_moffitt2018molecular_merFISH_mouse_hypothalamic_preoptic_region_48.h5ad,4918640,f49e2d00f3c9da86efd37bffc825e552d8ee6cf9bb80d6d968e32c23acdb16bd,https://huggingface.co/datasets/Toycat/SToCorpus-88M/resolve/6f699f128416e8d55d6ab74976e964caec98b157/sodb/moffitt2018molecular_moffitt2018molecular_merFISH_mouse_hypothalamic_preoptic_region_48.h5ad
Toycat/SToCorpus-88M,6f699f128416e8d55d6ab74976e964caec98b157,sodb/moffitt2018molecular_moffitt2018molecular_merFISH_mouse_hypothalamic_preoptic_region_49.h5ad,4941476,6f50d050748ebaf354d95b2a8fafe10e09567e7e5f600848ff375bf34e8a670a,https://huggingface.co/datasets/Toycat/SToCorpus-88M/resolve/6f699f128416e8d55d6ab74976e964caec98b157/sodb/moffitt2018molecular_moffitt2018molecular_merFISH_mouse_hypothalamic_preoptic_region_49.h5ad
Toycat/SToCorpus-88M,6f699f128416e8d55d6ab74976e964caec98b157,sodb/moffitt2018molecular_moffitt2018molecular_merFISH_mouse_hypothalamic_preoptic_region_5.h5ad,5486998,5e1d2b15903e4bf284794b6977efe5902cc5e172d2413d8e74929b876dd516c5,https://huggingface.co/datasets/Toycat/SToCorpus-88M/resolve/6f699f128416e8d55d6ab74976e964caec98b157/sodb/moffitt2018molecular_moffitt2018molecular_merFISH_mouse_hypothalamic_preoptic_region_5.h5ad
Toycat/SToCorpus-88M,6f699f128416e8d55d6ab74976e964caec98b157,sodb/moffitt2018molecular_moffitt2018molecular_merFISH_mouse_hypothalamic_preoptic_region_50.h5ad,4912174,a34271fde99b425c11f4bcd8d64140520857f9203f8762cf6a791e8c3de39dac,https://huggingface.co/datasets/Toycat/SToCorpus-88M/resolve/6f699f128416e8d55d6ab74976e964caec98b157/sodb/moffitt2018molecular_moffitt2018molecular_merFISH_mouse_hypothalamic_preoptic_region_50.h5ad
Toycat/SToCorpus-88M,6f699f128416e8d55d6ab74976e964caec98b157,sodb/moffitt2018molecular_moffitt2018molecular_merFISH_mouse_hypothalamic_preoptic_region_51.h5ad,4964930,66c2180c8c4b4f9d508736b6ec816c9d344899da611bb44ab707c1dd59369bf9,https://huggingface.co/datasets/Toycat/SToCorpus-88M/resolve/6f699f128416e8d55d6ab74976e964caec98b157/sodb/moffitt2018molecular_moffitt2018molecular_merFISH_mouse_hypothalamic_preoptic_region_51.h5ad
Toycat/SToCorpus-88M,6f699f128416e8d55d6ab74976e964caec98b157,sodb/moffitt2018molecular_moffitt2018molecular_merFISH_mouse_hypothalamic_preoptic_region_52.h5ad,4936788,b6cec7504a27c3e5296e8ed3c9874efe010a09baf2fc0c64b49688d6a55c2e28,https://huggingface.co/datasets/Toycat/SToCorpus-88M/resolve/6f699f128416e8d55d6ab74976e964caec98b157/sodb/moffitt2018molecular_moffitt2018molecular_merFISH_mouse_hypothalamic_preoptic_region_52.h5ad
Toycat/SToCorpus-88M,6f699f128416e8d55d6ab74976e964caec98b157,sodb/moffitt2018molecular_moffitt2018molecular_merFISH_mouse_hypothalamic_preoptic_region_53.h5ad,4867364,46f062cfdbc7a22ef34ee1f80237602e9c371485e294d1707c9df3c1697aa7ea,https://huggingface.co/datasets/Toycat/SToCorpus-88M/resolve/6f699f128416e8d55d6ab74976e964caec98b157/sodb/moffitt2018molecular_moffitt2018molecular_merFISH_mouse_hypothalamic_preoptic_region_53.h5ad
Toycat/SToCorpus-88M,6f699f128416e8d55d6ab74976e964caec98b157,sodb/moffitt2018molecular_moffitt2018molecular_merFISH_mouse_hypothalamic_preoptic_region_54.h5ad,4793308,ca4aae7b30a9d8719b456aeb1f85bda563255621a5da1ba30aca66a0a1c5b315,https://huggingface.co/datasets/Toycat/SToCorpus-88M/resolve/6f699f128416e8d55d6ab74976e964caec98b157/sodb/moffitt2018molecular_moffitt2018molecular_merFISH_mouse_hypothalamic_preoptic_region_54.h5ad
Toycat/SToCorpus-88M,6f699f128416e8d55d6ab74976e964caec98b157,sodb/moffitt2018molecular_moffitt2018molecular_merFISH_mouse_hypothalamic_preoptic_region_55.h5ad,4301306,caceb6ac87d01feccc080a62cd10c306c35e06912417901caa609be66dbc820e,https://huggingface.co/datasets/Toycat/SToCorpus-88M/resolve/6f699f128416e8d55d6ab74976e964caec98b157/sodb/moffitt2018molecular_moffitt2018molecular_merFISH_mouse_hypothalamic_preoptic_region_55.h5ad
Toycat/SToCorpus-88M,6f699f128416e8d55d6ab74976e964caec98b157,sodb/moffitt2018molecular_moffitt2018molecular_merFISH_mouse_hypothalamic_preoptic_region_56.h5ad,4696976,d4a5be9d92ed50c2d0e5a0343e7750bca83e5917b61c767fd2606f61359515d0,https://huggingface.co/datasets/Toycat/SToCorpus-88M/resolve/6f699f128416e8d55d6ab74976e964caec98b157/sodb/moffitt2018molecular_moffitt2018molecular_merFISH_mouse_hypothalamic_preoptic_region_56.h5ad
Toycat/SToCorpus-88M,6f699f128416e8d55d6ab74976e964caec98b157,sodb/moffitt2018molecular_moffitt2018molecular_merFISH_mouse_hypothalamic_preoptic_region_57.h5ad,4532760,d2b1d3ebda707e41e3171f52db826f24b071fd1d9ee311cdabb74cd9fbbc1171,https://huggingface.co/datasets/Toycat/SToCorpus-88M/resolve/6f699f128416e8d55d6ab74976e964caec98b157/sodb/moffitt2018molecular_moffitt2018molecular_merFISH_mouse_hypothalamic_preoptic_region_57.h5ad
Toycat/SToCorpus-88M,6f699f128416e8d55d6ab74976e964caec98b157,sodb/moffitt2018molecular_moffitt2018molecular_merFISH_mouse_hypothalamic_preoptic_region_58.h5ad,4648412,6eba540252ea27663638dc153c8d789426f32d954c97fabbd1e889842f0c88fd,https://huggingface.co/datasets/Toycat/SToCorpus-88M/resolve/6f699f128416e8d55d6ab74976e964caec98b157/sodb/moffitt2018molecular_moffitt2018molecular_merFISH_mouse_hypothalamic_preoptic_region_58.h5ad
Toycat/SToCorpus-88M,6f699f128416e8d55d6ab74976e964caec98b157,sodb/moffitt2018molecular_moffitt2018molecular_merFISH_mouse_hypothalamic_preoptic_region_59.h5ad,4781022,90170fe892938cc4d219e9d662786fe0c477827fdd56411a5a4a3aa1826745f8,https://huggingface.co/datasets/Toycat/SToCorpus-88M/resolve/6f699f128416e8d55d6ab74976e964caec98b157/sodb/moffitt2018molecular_moffitt2018molecular_merFISH_mouse_hypothalamic_preoptic_region_59.h5ad
Toycat/SToCorpus-88M,6f699f128416e8d55d6ab74976e964caec98b157,sodb/moffitt2018molecular_moffitt2018molecular_merFISH_mouse_hypothalamic_preoptic_region_6.h5ad,5379684,c1f94c3aab35d0fc166a8730c2ce8ef9c393c9fc0b9edcc58d6213c9d14ea731,https://huggingface.co/datasets/Toycat/SToCorpus-88M/resolve/6f699f128416e8d55d6ab74976e964caec98b157/sodb/moffitt2018molecular_moffitt2018molecular_merFISH_mouse_hypothalamic_preoptic_region_6.h5ad
Toycat/SToCorpus-88M,6f699f128416e8d55d6ab74976e964caec98b157,sodb/moffitt2018molecular_moffitt2018molecular_merFISH_mouse_hypothalamic_preoptic_region_60.h5ad,4531464,62f6bf2f50cd1f8569b60214e3583381e6b12badf27195a381f511af76c2f634,https://huggingface.co/datasets/Toycat/SToCorpus-88M/resolve/6f699f128416e8d55d6ab74976e964caec98b157/sodb/moffitt2018molecular_moffitt2018molecular_merFISH_mouse_hypothalamic_preoptic_region_60.h5ad
Toycat/SToCorpus-88M,6f699f128416e8d55d6ab74976e964caec98b157,sodb/moffitt2018molecular_moffitt2018molecular_merFISH_mouse_hypothalamic_preoptic_region_61.h5ad,4971354,97594870ba9b29d43ce82f56874a4afcfea4d03702c5b2be142bf77d425a93d8,https://huggingface.co/datasets/Toycat/SToCorpus-88M/resolve/6f699f128416e8d55d6ab74976e964caec98b157/sodb/moffitt2018molecular_moffitt2018molecular_merFISH_mouse_hypothalamic_preoptic_region_61.h5ad
Toycat/SToCorpus-88M,6f699f128416e8d55d6ab74976e964caec98b157,sodb/moffitt2018molecular_moffitt2018molecular_merFISH_mouse_hypothalamic_preoptic_region_62.h5ad,5043026,e02612b8c407655ea42ed5568e62398b4a3e561bbc47dde007234b6757da1a80,https://huggingface.co/datasets/Toycat/SToCorpus-88M/resolve/6f699f128416e8d55d6ab74976e964caec98b157/sodb/moffitt2018molecular_moffitt2018molecular_merFISH_mouse_hypothalamic_preoptic_region_62.h5ad
Toycat/SToCorpus-88M,6f699f128416e8d55d6ab74976e964caec98b157,sodb/moffitt2018molecular_moffitt2018molecular_merFISH_mouse_hypothalamic_preoptic_region_63.h5ad,4962676,5a9e9c3fa563065776ed0fc0299f7da01c963e426dde881fdae5edfe0a25de61,https://huggingface.co/datasets/Toycat/SToCorpus-88M/resolve/6f699f128416e8d55d6ab74976e964caec98b157/sodb/moffitt2018molecular_moffitt2018molecular_merFISH_mouse_hypothalamic_preoptic_region_63.h5ad
Toycat/SToCorpus-88M,6f699f128416e8d55d6ab74976e964caec98b157,sodb/moffitt2018molecular_moffitt2018molecular_merFISH_mouse_hypothalamic_preoptic_region_64.h5ad,5507046,2d2982227094cc3e5451bec5a04e4e6aad1beed0ec34194b4b53c0ab6203f413,https://huggingface.co/datasets/Toycat/SToCorpus-88M/resolve/6f699f128416e8d55d6ab74976e964caec98b157/sodb/moffitt2018molecular_moffitt2018molecular_merFISH_mouse_hypothalamic_preoptic_region_64.h5ad
Toycat/SToCorpus-88M,6f699f128416e8d55d6ab74976e964caec98b157,sodb/moffitt2018molecular_moffitt2018molecular_merFISH_mouse_hypothalamic_preoptic_region_65.h5ad,5356674,5a65f3d869a1add7d23fee19ca31044fa6e3a8af48ad2c402ff08f744f74e329,https://huggingface.co/datasets/Toycat/SToCorpus-88M/resolve/6f699f128416e8d55d6ab74976e964caec98b157/sodb/moffitt2018molecular_moffitt2018molecular_merFISH_mouse_hypothalamic_preoptic_region_65.h5ad
Toycat/SToCorpus-88M,6f699f128416e8d55d6ab74976e964caec98b157,sodb/moffitt2018molecular_moffitt2018molecular_merFISH_mouse_hypothalamic_preoptic_region_66.h5ad,5261748,a71759d25a2f6b91786431dce12e851f7f1369bb1150ad35fcc596a702124cde,https://huggingface.co/datasets/Toycat/SToCorpus-88M/resolve/6f699f128416e8d55d6ab74976e964caec98b157/sodb/moffitt2018molecular_moffitt2018molecular_merFISH_mouse_hypothalamic_preoptic_region_66.h5ad
Toycat/SToCorpus-88M,6f699f128416e8d55d6ab74976e964caec98b157,sodb/moffitt2018molecular_moffitt2018molecular_merFISH_mouse_hypothalamic_preoptic_region_67.h5ad,5356940,b148998fa5db609c6798418ea15113f2dced7c842edcc4d33b5258b05c9b00df,https://huggingface.co/datasets/Toycat/SToCorpus-88M/resolve/6f699f128416e8d55d6ab74976e964caec98b157/sodb/moffitt2018molecular_moffitt2018molecular_merFISH_mouse_hypothalamic_preoptic_region_67.h5ad
Toycat/SToCorpus-88M,6f699f128416e8d55d6ab74976e964caec98b157,sodb/moffitt2018molecular_moffitt2018molecular_merFISH_mouse_hypothalamic_preoptic_region_68.h5ad,5248714,2ec67816e8e5e0f0dc432762773c473f70e40c128a38860bd5353414b15f5d00,https://huggingface.co/datasets/Toycat/SToCorpus-88M/resolve/6f699f128416e8d55d6ab74976e964caec98b157/sodb/moffitt2018molecular_moffitt2018molecular_merFISH_mouse_hypothalamic_preoptic_region_68.h5ad
Toycat/SToCorpus-88M,6f699f128416e8d55d6ab74976e964caec98b157,sodb/moffitt2018molecular_moffitt2018molecular_merFISH_mouse_hypothalamic_preoptic_region_69.h5ad,5175722,5a3b664864e47e254308efaf852657faba21da52ee0b3e5eab984905400c3bbd,https://huggingface.co/datasets/Toycat/SToCorpus-88M/resolve/6f699f128416e8d55d6ab74976e964caec98b157/sodb/moffitt2018molecular_moffitt2018molecular_merFISH_mouse_hypothalamic_preoptic_region_69.h5ad
Toycat/SToCorpus-88M,6f699f128416e8d55d6ab74976e964caec98b157,sodb/moffitt2018molecular_moffitt2018molecular_merFISH_mouse_hypothalamic_preoptic_region_7.h5ad,5252698,7fd03c65dd9ba77866e8b3875432c2a476259d7a99acbb7df269ab0e2d0cd84a,https://huggingface.co/datasets/Toycat/SToCorpus-88M/resolve/6f699f128416e8d55d6ab74976e964caec98b157/sodb/moffitt2018molecular_moffitt2018molecular_merFISH_mouse_hypothalamic_preoptic_region_7.h5ad
Toycat/SToCorpus-88M,6f699f128416e8d55d6ab74976e964caec98b157,sodb/moffitt2018molecular_moffitt2018molecular_merFISH_mouse_hypothalamic_preoptic_region_70.h5ad,5266856,6def411408109695e9a701c99035edbb37c1485d7e2d99cb5ca92207f89cb54a,https://huggingface.co/datasets/Toycat/SToCorpus-88M/resolve/6f699f128416e8d55d6ab74976e964caec98b157/sodb/moffitt2018molecular_moffitt2018molecular_merFISH_mouse_hypothalamic_preoptic_region_70.h5ad
Toycat/SToCorpus-88M,6f699f128416e8d55d6ab74976e964caec98b157,sodb/moffitt2018molecular_moffitt2018molecular_merFISH_mouse_hypothalamic_preoptic_region_71.h5ad,5161454,ac742f460d88a40c65fecf39a498d41310d802c2656b8b9e9a6e51f28d3319dc,https://huggingface.co/datasets/Toycat/SToCorpus-88M/resolve/6f699f128416e8d55d6ab74976e964caec98b157/sodb/moffitt2018molecular_moffitt2018molecular_merFISH_mouse_hypothalamic_preoptic_region_71.h5ad
Toycat/SToCorpus-88M,6f699f128416e8d55d6ab74976e964caec98b157,sodb/moffitt2018molecular_moffitt2018molecular_merFISH_mouse_hypothalamic_preoptic_region_72.h5ad,4598534,a1e96d4961280b7f86cba51b539504a2a476cf682a0ac3a487db051373466139,https://huggingface.co/datasets/Toycat/SToCorpus-88M/resolve/6f699f128416e8d55d6ab74976e964caec98b157/sodb/moffitt2018molecular_moffitt2018molecular_merFISH_mouse_hypothalamic_preoptic_region_72.h5ad
Toycat/SToCorpus-88M,6f699f128416e8d55d6ab74976e964caec98b157,sodb/moffitt2018molecular_moffitt2018molecular_merFISH_mouse_hypothalamic_preoptic_region_73.h5ad,5317624,c0bc5291d82a133d43820c234694428ebcfc4feb246fd6bacdab937ca04af001,https://huggingface.co/datasets/Toycat/SToCorpus-88M/resolve/6f699f128416e8d55d6ab74976e964caec98b157/sodb/moffitt2018molecular_moffitt2018molecular_merFISH_mouse_hypothalamic_preoptic_region_73.h5ad
Toycat/SToCorpus-88M,6f699f128416e8d55d6ab74976e964caec98b157,sodb/moffitt2018molecular_moffitt2018molecular_merFISH_mouse_hypothalamic_preoptic_region_74.h5ad,4944058,8dd0941dd49da4fb76429633f5ef6d5e3a37a7dec41c1c00ab307260068907c8,https://huggingface.co/datasets/Toycat/SToCorpus-88M/resolve/6f699f128416e8d55d6ab74976e964caec98b157/sodb/moffitt2018molecular_moffitt2018molecular_merFISH_mouse_hypothalamic_preoptic_region_74.h5ad
Toycat/SToCorpus-88M,6f699f128416e8d55d6ab74976e964caec98b157,sodb/moffitt2018molecular_moffitt2018molecular_merFISH_mouse_hypothalamic_preoptic_region_75.h5ad,4928078,8db41b8cc90b26c500e85d1d8d00effc32c4acafd228174eca7ec8e60bedc99a,https://huggingface.co/datasets/Toycat/SToCorpus-88M/resolve/6f699f128416e8d55d6ab74976e964caec98b157/sodb/moffitt2018molecular_moffitt2018molecular_merFISH_mouse_hypothalamic_preoptic_region_75.h5ad
Toycat/SToCorpus-88M,6f699f128416e8d55d6ab74976e964caec98b157,sodb/moffitt2018molecular_moffitt2018molecular_merFISH_mouse_hypothalamic_preoptic_region_76.h5ad,5217826,d839fca07dde040e4e68b8c5699efa239b7ade5c6cc0f9eda604135b8980da9f,https://huggingface.co/datasets/Toycat/SToCorpus-88M/resolve/6f699f128416e8d55d6ab74976e964caec98b157/sodb/moffitt2018molecular_moffitt2018molecular_merFISH_mouse_hypothalamic_preoptic_region_76.h5ad
Toycat/SToCorpus-88M,6f699f128416e8d55d6ab74976e964caec98b157,sodb/moffitt2018molecular_moffitt2018molecular_merFISH_mouse_hypothalamic_preoptic_region_77.h5ad,5054820,3d96ad76a3545bbcd119904723e7a23a99f7ffdba7e999619142d8b855a360d4,https://huggingface.co/datasets/Toycat/SToCorpus-88M/resolve/6f699f128416e8d55d6ab74976e964caec98b157/sodb/moffitt2018molecular_moffitt2018molecular_merFISH_mouse_hypothalamic_preoptic_region_77.h5ad
Toycat/SToCorpus-88M,6f699f128416e8d55d6ab74976e964caec98b157,sodb/moffitt2018molecular_moffitt2018molecular_merFISH_mouse_hypothalamic_preoptic_region_78.h5ad,4862210,fc2afdf822d6b6df9d756969526c993ddcffc344127376674409d985caf65a91,https://huggingface.co/datasets/Toycat/SToCorpus-88M/resolve/6f699f128416e8d55d6ab74976e964caec98b157/sodb/moffitt2018molecular_moffitt2018molecular_merFISH_mouse_hypothalamic_preoptic_region_78.h5ad
Toycat/SToCorpus-88M,6f699f128416e8d55d6ab74976e964caec98b157,sodb/moffitt2018molecular_moffitt2018molecular_merFISH_mouse_hypothalamic_preoptic_region_79.h5ad,4704578,adde56f706ca4a6a470088dc695fc7544969942ea75d02914fedecd4bf6ab622,https://huggingface.co/datasets/Toycat/SToCorpus-88M/resolve/6f699f128416e8d55d6ab74976e964caec98b157/sodb/moffitt2018molecular_moffitt2018molecular_merFISH_mouse_hypothalamic_preoptic_region_79.h5ad
Toycat/SToCorpus-88M,6f699f128416e8d55d6ab74976e964caec98b157,sodb/moffitt2018molecular_moffitt2018molecular_merFISH_mouse_hypothalamic_preoptic_region_8.h5ad,5084600,743f446a76611c8466607c87a48f896110a484646a131e5201ae3d36f514a869,https://huggingface.co/datasets/Toycat/SToCorpus-88M/resolve/6f699f128416e8d55d6ab74976e964caec98b157/sodb/moffitt2018molecular_moffitt2018molecular_merFISH_mouse_hypothalamic_preoptic_region_8.h5ad
Toycat/SToCorpus-88M,6f699f128416e8d55d6ab74976e964caec98b157,sodb/moffitt2018molecular_moffitt2018molecular_merFISH_mouse_hypothalamic_preoptic_region_80.h5ad,4828676,0737a8ea068248d698b108c79f561c93e214968c0bd62d28fa38d058ae94712b,https://huggingface.co/datasets/Toycat/SToCorpus-88M/resolve/6f699f128416e8d55d6ab74976e964caec98b157/sodb/moffitt2018molecular_moffitt2018molecular_merFISH_mouse_hypothalamic_preoptic_region_80.h5ad
Toycat/SToCorpus-88M,6f699f128416e8d55d6ab74976e964caec98b157,sodb/moffitt2018molecular_moffitt2018molecular_merFISH_mouse_hypothalamic_preoptic_region_81.h5ad,5060078,ed78ba02a3689d2992730e90a34d1384e223c79deb02433ae33dbf8104bdedc2,https://huggingface.co/datasets/Toycat/SToCorpus-88M/resolve/6f699f128416e8d55d6ab74976e964caec98b157/sodb/moffitt2018molecular_moffitt2018molecular_merFISH_mouse_hypothalamic_preoptic_region_81.h5ad
Toycat/SToCorpus-88M,6f699f128416e8d55d6ab74976e964caec98b157,sodb/moffitt2018molecular_moffitt2018molecular_merFISH_mouse_hypothalamic_preoptic_region_82.h5ad,5236134,319f03e9232baf86f1b9cca364fd48330a8d0ab474e3188e560d2a8fc9d2ff70,https://huggingface.co/datasets/Toycat/SToCorpus-88M/resolve/6f699f128416e8d55d6ab74976e964caec98b157/sodb/moffitt2018molecular_moffitt2018molecular_merFISH_mouse_hypothalamic_preoptic_region_82.h5ad
Toycat/SToCorpus-88M,6f699f128416e8d55d6ab74976e964caec98b157,sodb/moffitt2018molecular_moffitt2018molecular_merFISH_mouse_hypothalamic_preoptic_region_83.h5ad,5208794,1f0b0754407c6ec039833aa7805600ee73b3d64ef2fdb338f526a901122f3caa,https://huggingface.co/datasets/Toycat/SToCorpus-88M/resolve/6f699f128416e8d55d6ab74976e964caec98b157/sodb/moffitt2018molecular_moffitt2018molecular_merFISH_mouse_hypothalamic_preoptic_region_83.h5ad
Toycat/SToCorpus-88M,6f699f128416e8d55d6ab74976e964caec98b157,sodb/moffitt2018molecular_moffitt2018molecular_merFISH_mouse_hypothalamic_preoptic_region_84.h5ad,4787750,c8e3a42401f95ea38709819373c32328156b388641977b6b8e97b13aa6e30719,https://huggingface.co/datasets/Toycat/SToCorpus-88M/resolve/6f699f128416e8d55d6ab74976e964caec98b157/sodb/moffitt2018molecular_moffitt2018molecular_merFISH_mouse_hypothalamic_preoptic_region_84.h5ad
Toycat/SToCorpus-88M,6f699f128416e8d55d6ab74976e964caec98b157,sodb/moffitt2018molecular_moffitt2018molecular_merFISH_mouse_hypothalamic_preoptic_region_85.h5ad,4793568,cbcf6d09922dd0d3ce000834ef6028b4dea286ffaef0a3b84c140d33e1e365d4,https://huggingface.co/datasets/Toycat/SToCorpus-88M/resolve/6f699f128416e8d55d6ab74976e964caec98b157/sodb/moffitt2018molecular_moffitt2018molecular_merFISH_mouse_hypothalamic_preoptic_region_85.h5ad
Toycat/SToCorpus-88M,6f699f128416e8d55d6ab74976e964caec98b157,sodb/moffitt2018molecular_moffitt2018molecular_merFISH_mouse_hypothalamic_preoptic_region_86.h5ad,4391956,536eccfec7224413519acb76aa7325b7da630a1424142a0fd783c8bcfb001aba,https://huggingface.co/datasets/Toycat/SToCorpus-88M/resolve/6f699f128416e8d55d6ab74976e964caec98b157/sodb/moffitt2018molecular_moffitt2018molecular_merFISH_mouse_hypothalamic_preoptic_region_86.h5ad
Toycat/SToCorpus-88M,6f699f128416e8d55d6ab74976e964caec98b157,sodb/moffitt2018molecular_moffitt2018molecular_merFISH_mouse_hypothalamic_preoptic_region_87.h5ad,4725650,36260f78f10b552aedbb6c20eb5d12432cfed07005e4625b46aa7dcd4170a575,https://huggingface.co/datasets/Toycat/SToCorpus-88M/resolve/6f699f128416e8d55d6ab74976e964caec98b157/sodb/moffitt2018molecular_moffitt2018molecular_merFISH_mouse_hypothalamic_preoptic_region_87.h5ad
Toycat/SToCorpus-88M,6f699f128416e8d55d6ab74976e964caec98b157,sodb/moffitt2018molecular_moffitt2018molecular_merFISH_mouse_hypothalamic_preoptic_region_88.h5ad,4803672,801db2c9841ae47bd3c662e88ed6d65381fbc2aa0b7c01c70e9b28470b1fa1f1,https://huggingface.co/datasets/Toycat/SToCorpus-88M/resolve/6f699f128416e8d55d6ab74976e964caec98b157/sodb/moffitt2018molecular_moffitt2018molecular_merFISH_mouse_hypothalamic_preoptic_region_88.h5ad
Toycat/SToCorpus-88M,6f699f128416e8d55d6ab74976e964caec98b157,sodb/moffitt2018molecular_moffitt2018molecular_merFISH_mouse_hypothalamic_preoptic_region_89.h5ad,4095374,416ee33831e73f9ea80bce8a3a0607462db3ef402492feebea49259820b1390f,https://huggingface.co/datasets/Toycat/SToCorpus-88M/resolve/6f699f128416e8d55d6ab74976e964caec98b157/sodb/moffitt2018molecular_moffitt2018molecular_merFISH_mouse_hypothalamic_preoptic_region_89.h5ad
Toycat/SToCorpus-88M,6f699f128416e8d55d6ab74976e964caec98b157,sodb/moffitt2018molecular_moffitt2018molecular_merFISH_mouse_hypothalamic_preoptic_region_9.h5ad,4612202,9ba33956e888afdb975f40deda96dd97b7d12074676e8efa73d059f7fa2eaa4d,https://huggingface.co/datasets/Toycat/SToCorpus-88M/resolve/6f699f128416e8d55d6ab74976e964caec98b157/sodb/moffitt2018molecular_moffitt2018molecular_merFISH_mouse_hypothalamic_preoptic_region_9.h5ad
Toycat/SToCorpus-88M,6f699f128416e8d55d6ab74976e964caec98b157,sodb/moffitt2018molecular_moffitt2018molecular_merFISH_mouse_hypothalamic_preoptic_region_90.h5ad,4428434,f6d2ebe62c91d6eb79a998eecf2dbaf0d4a3ad8f6889171aea0a585578d093d4,https://huggingface.co/datasets/Toycat/SToCorpus-88M/resolve/6f699f128416e8d55d6ab74976e964caec98b157/sodb/moffitt2018molecular_moffitt2018molecular_merFISH_mouse_hypothalamic_preoptic_region_90.h5ad
Toycat/SToCorpus-88M,6f699f128416e8d55d6ab74976e964caec98b157,sodb/moffitt2018molecular_moffitt2018molecular_merFISH_mouse_hypothalamic_preoptic_region_91.h5ad,4565068,f2fc261a1c0433a3ba6c2ca2622b2c9c61d1f6f67ffce03e369062660eafb77b,https://huggingface.co/datasets/Toycat/SToCorpus-88M/resolve/6f699f128416e8d55d6ab74976e964caec98b157/sodb/moffitt2018molecular_moffitt2018molecular_merFISH_mouse_hypothalamic_preoptic_region_91.h5ad
Toycat/SToCorpus-88M,6f699f128416e8d55d6ab74976e964caec98b157,sodb/moffitt2018molecular_moffitt2018molecular_merFISH_mouse_hypothalamic_preoptic_region_92.h5ad,4747980,693a316ef7a8a8f3273a5ce12538a703a5fef35f25b8d2d390d299eedd5e4c02,https://huggingface.co/datasets/Toycat/SToCorpus-88M/resolve/6f699f128416e8d55d6ab74976e964caec98b157/sodb/moffitt2018molecular_moffitt2018molecular_merFISH_mouse_hypothalamic_preoptic_region_92.h5ad
Toycat/SToCorpus-88M,6f699f128416e8d55d6ab74976e964caec98b157,sodb/moffitt2018molecular_moffitt2018molecular_merFISH_mouse_hypothalamic_preoptic_region_93.h5ad,4478930,c3567e180856da1e251b7798db7e74cc43b680b92b6547f7bfe31c93408a8fdb,https://huggingface.co/datasets/Toycat/SToCorpus-88M/resolve/6f699f128416e8d55d6ab74976e964caec98b157/sodb/moffitt2018molecular_moffitt2018molecular_merFISH_mouse_hypothalamic_preoptic_region_93.h5ad
Toycat/SToCorpus-88M,6f699f128416e8d55d6ab74976e964caec98b157,sodb/moffitt2018molecular_moffitt2018molecular_merFISH_mouse_hypothalamic_preoptic_region_94.h5ad,4472600,4353ad83719cc42a67b27baabc19f95a3cd76c2133aaf1ac95dbf704c951b1d0,https://huggingface.co/datasets/Toycat/SToCorpus-88M/resolve/6f699f128416e8d55d6ab74976e964caec98b157/sodb/moffitt2018molecular_moffitt2018molecular_merFISH_mouse_hypothalamic_preoptic_region_94.h5ad
Toycat/SToCorpus-88M,6f699f128416e8d55d6ab74976e964caec98b157,sodb/moffitt2018molecular_moffitt2018molecular_merFISH_mouse_hypothalamic_preoptic_region_95.h5ad,4308932,ac22279e3413acfa212b6b3bb4872040b5e7f9828070bc6169b69a4dfa9f33a5,https://huggingface.co/datasets/Toycat/SToCorpus-88M/resolve/6f699f128416e8d55d6ab74976e964caec98b157/sodb/moffitt2018molecular_moffitt2018molecular_merFISH_mouse_hypothalamic_preoptic_region_95.h5ad
Toycat/SToCorpus-88M,6f699f128416e8d55d6ab74976e964caec98b157,sodb/moffitt2018molecular_moffitt2018molecular_merFISH_mouse_hypothalamic_preoptic_region_96.h5ad,4435232,d80d05a73c4e65070b58ee848ec7497c40ae59864c0a6a66b4bd6fd0c5e995e7,https://huggingface.co/datasets/Toycat/SToCorpus-88M/resolve/6f699f128416e8d55d6ab74976e964caec98b157/sodb/moffitt2018molecular_moffitt2018molecular_merFISH_mouse_hypothalamic_preoptic_region_96.h5ad
Toycat/SToCorpus-88M,6f699f128416e8d55d6ab74976e964caec98b157,sodb/moffitt2018molecular_moffitt2018molecular_merFISH_mouse_hypothalamic_preoptic_region_97.h5ad,4130242,6aba51847a2b2f76a53fa9ec3cf48207dbb14a2332fdcee537704050a6a13854,https://huggingface.co/datasets/Toycat/SToCorpus-88M/resolve/6f699f128416e8d55d6ab74976e964caec98b157/sodb/moffitt2018molecular_moffitt2018molecular_merFISH_mouse_hypothalamic_preoptic_region_97.h5ad
Toycat/SToCorpus-88M,6f699f128416e8d55d6ab74976e964caec98b157,sodb/moffitt2018molecular_moffitt2018molecular_merFISH_mouse_hypothalamic_preoptic_region_98.h5ad,3944262,54dec2a351bf2f5dc5c7098c3877638c5b567edbb75071fdffa9987c5aea067b,https://huggingface.co/datasets/Toycat/SToCorpus-88M/resolve/6f699f128416e8d55d6ab74976e964caec98b157/sodb/moffitt2018molecular_moffitt2018molecular_merFISH_mouse_hypothalamic_preoptic_region_98.h5ad
Toycat/SToCorpus-88M,6f699f128416e8d55d6ab74976e964caec98b157,sodb/moffitt2018molecular_moffitt2018molecular_merFISH_mouse_hypothalamic_preoptic_region_99.h5ad,3770812,d78473b8d5fed8c7b441025f732e187b5320b5c61296984514fa30c6a9cafdc7,https://huggingface.co/datasets/Toycat/SToCorpus-88M/resolve/6f699f128416e8d55d6ab74976e964caec98b157/sodb/moffitt2018molecular_moffitt2018molecular_merFISH_mouse_hypothalamic_preoptic_region_99.h5ad
Toycat/SToCorpus-88M,6f699f128416e8d55d6ab74976e964caec98b157,sodb/stickels2020highly_stickels2021highly_Slide-seqV2_Mouse_Cerebellum_SCP948.h5ad,94180472,37cb9e1abc0736375f98ccc92d045cd91f50a9275ddbab79d783c44752bf2028,https://huggingface.co/datasets/Toycat/SToCorpus-88M/resolve/6f699f128416e8d55d6ab74976e964caec98b157/sodb/stickels2020highly_stickels2021highly_Slide-seqV2_Mouse_Cerebellum_SCP948.h5ad
Toycat/SToCorpus-88M,6f699f128416e8d55d6ab74976e964caec98b157,sodb/stickels2020highly_stickels2021highly_Slide-seqV2_Mouse_Hippocampus_Puck_191204_01.h5ad,105068405,16db8ffeedba462bf8a2e52053556f04546f4f7d92d040395b43e5032a2a8642,https://huggingface.co/datasets/Toycat/SToCorpus-88M/resolve/6f699f128416e8d55d6ab74976e964caec98b157/sodb/stickels2020highly_stickels2021highly_Slide-seqV2_Mouse_Hippocampus_Puck_191204_01.h5ad
Toycat/SToCorpus-88M,6f699f128416e8d55d6ab74976e964caec98b157,sodb/stickels2020highly_stickels2021highly_Slide-seqV2_Mouse_Hippocampus_Puck_200115_08.h5ad,197054272,1b5e0cad1510b72d4e05619e6106e44c23e064b562e0ed2b970b84fc18b6b3dd,https://huggingface.co/datasets/Toycat/SToCorpus-88M/resolve/6f699f128416e8d55d6ab74976e964caec98b157/sodb/stickels2020highly_stickels2021highly_Slide-seqV2_Mouse_Hippocampus_Puck_200115_08.h5ad
Toycat/SToCorpus-88M,6f699f128416e8d55d6ab74976e964caec98b157,sodb/stickels2020highly_stickels2021highly_Slide-seqV2_Mouse_SomatosensoryCortex_Puck_200306_03.h5ad,132241014,9aaa4109ada34c43e83240330a5f9fd2199f6c9c3ec64af3af3abe5e2bf7fe6b,https://huggingface.co/datasets/Toycat/SToCorpus-88M/resolve/6f699f128416e8d55d6ab74976e964caec98b157/sodb/stickels2020highly_stickels2021highly_Slide-seqV2_Mouse_SomatosensoryCortex_Puck_200306_03.h5ad
Toycat/SToCorpus-88M,6f699f128416e8d55d6ab74976e964caec98b157,sodb/stickels2020highly_stickels2021highly_SlideSeqV2_Mouse_Olfactory_bulb_Puck_200127_15.h5ad,68428532,41ead41c1c295076714a451a6a1f8e899cafd7893c70a1df31ea6caccdd0f3de,https://huggingface.co/datasets/Toycat/SToCorpus-88M/resolve/6f699f128416e8d55d6ab74976e964caec98b157/sodb/stickels2020highly_stickels2021highly_SlideSeqV2_Mouse_Olfactory_bulb_Puck_200127_15.h5ad
Toycat/SToCorpus-88M,6f699f128416e8d55d6ab74976e964caec98b157,sodb/wang2022high_E14-16h_a_count_normal_stereoseq.h5ad,83681669,3324302b371cb1a5fc5d7b95b3d61f2f6b5d33ba7e6ef3012f2f8686ff3170f4,https://huggingface.co/datasets/Toycat/SToCorpus-88M/resolve/6f699f128416e8d55d6ab74976e964caec98b157/sodb/wang2022high_E14-16h_a_count_normal_stereoseq.h5ad
Toycat/SToCorpus-88M,6f699f128416e8d55d6ab74976e964caec98b157,sodb/wang2022high_E16-18h_a_count_normal_stereoseq.h5ad,52628098,d1f3a79ee81d7059ac02d837ef9c1312a64b4b1386a0f98f740911ccf8ffcc96,https://huggingface.co/datasets/Toycat/SToCorpus-88M/resolve/6f699f128416e8d55d6ab74976e964caec98b157/sodb/wang2022high_E16-18h_a_count_normal_stereoseq.h5ad
Toycat/SToCorpus-88M,6f699f128416e8d55d6ab74976e964caec98b157,sodb/wang2022high_L1_a_count_normal_stereoseq.h5ad,57524391,5100b09b42f037d4ef39ba1ac5668e63c78e70d81052fc1df7b06e92b490d215,https://huggingface.co/datasets/Toycat/SToCorpus-88M/resolve/6f699f128416e8d55d6ab74976e964caec98b157/sodb/wang2022high_L1_a_count_normal_stereoseq.h5ad
Toycat/SToCorpus-88M,6f699f128416e8d55d6ab74976e964caec98b157,sodb/wang2022high_L2_a_count_normal_stereoseq.h5ad,169192050,ca5ef58558c24c3d6ae35057b97ea6c8b78d6fcfcee18ae8cbbf9ff1fd33e25f,https://huggingface.co/datasets/Toycat/SToCorpus-88M/resolve/6f699f128416e8d55d6ab74976e964caec98b157/sodb/wang2022high_L2_a_count_normal_stereoseq.h5ad
Toycat/SToCorpus-88M,6f699f128416e8d55d6ab74976e964caec98b157,sodb/wang2022high_L3_b_count_normal_stereoseq.h5ad,466949718,ec952d933281340fdf395abb2468a9ea93ef8d7694262c19e5dd0e7b76c484bb,https://huggingface.co/datasets/Toycat/SToCorpus-88M/resolve/6f699f128416e8d55d6ab74976e964caec98b157/sodb/wang2022high_L3_b_count_normal_stereoseq.h5ad
Toycat/SToCorpus-88M,6f699f128416e8d55d6ab74976e964caec98b157,sodb/wei2022single_10DPI_1.h5ad,113907912,8e600f384911ca9a6e101a45e758da5565a3434825a7cf7801385cd6301719f8,https://huggingface.co/datasets/Toycat/SToCorpus-88M/resolve/6f699f128416e8d55d6ab74976e964caec98b157/sodb/wei2022single_10DPI_1.h5ad
Toycat/SToCorpus-88M,6f699f128416e8d55d6ab74976e964caec98b157,sodb/wei2022single_10DPI_2.h5ad,121245356,589ad7eb5a4993b818fbad55f6ced9324fc50dd27acdd7ecd7783a76e96f5d26,https://huggingface.co/datasets/Toycat/SToCorpus-88M/resolve/6f699f128416e8d55d6ab74976e964caec98b157/sodb/wei2022single_10DPI_2.h5ad
Toycat/SToCorpus-88M,6f699f128416e8d55d6ab74976e964caec98b157,sodb/wei2022single_10DPI_3.h5ad,129018626,d67b2a6a788bb50f3446f187a5e29175db4b56fdc592b0e634fd9d61da1b4e2c,https://huggingface.co/datasets/Toycat/SToCorpus-88M/resolve/6f699f128416e8d55d6ab74976e964caec98b157/sodb/wei2022single_10DPI_3.h5ad
Toycat/SToCorpus-88M,6f699f128416e8d55d6ab74976e964caec98b157,sodb/wei2022single_10DPIs.h5ad,357084968,ae75b858b67894e0a6c78a6edb6b8a5bdf94a239c2a723417cc10add509cd0b3,https://huggingface.co/datasets/Toycat/SToCorpus-88M/resolve/6f699f128416e8d55d6ab74976e964caec98b157/sodb/wei2022single_10DPIs.h5ad
Toycat/SToCorpus-88M,6f699f128416e8d55d6ab74976e964caec98b157,sodb/wei2022single_15DPI_1.h5ad,137645494,bad9cea2c16f4c49bdcea317d6f6944f539fa757628eab99ab475ae4cf4fb7bb,https://huggingface.co/datasets/Toycat/SToCorpus-88M/resolve/6f699f128416e8d55d6ab74976e964caec98b157/sodb/wei2022single_15DPI_1.h5ad
Toycat/SToCorpus-88M,6f699f128416e8d55d6ab74976e964caec98b157,sodb/wei2022single_15DPI_2.h5ad,148330785,878a427ab7d4aaace9052e98d78879ef7537136a2c1cebf13214a4cd98863e14,https://huggingface.co/datasets/Toycat/SToCorpus-88M/resolve/6f699f128416e8d55d6ab74976e964caec98b157/sodb/wei2022single_15DPI_2.h5ad
Toycat/SToCorpus-88M,6f699f128416e8d55d6ab74976e964caec98b157,sodb/wei2022single_15DPI_3.h5ad,113463014,bf7964dced77882070ccefadce8287d438e500a9240232ded8adbb0ea8e1c15e,https://huggingface.co/datasets/Toycat/SToCorpus-88M/resolve/6f699f128416e8d55d6ab74976e964caec98b157/sodb/wei2022single_15DPI_3.h5ad
Toycat/SToCorpus-88M,6f699f128416e8d55d6ab74976e964caec98b157,sodb/wei2022single_15DPI_4.h5ad,162101390,07bfa0fb0c2e528bdecf6464c27b34c1b0db52135162f64dfaa61148fca0ad46,https://huggingface.co/datasets/Toycat/SToCorpus-88M/resolve/6f699f128416e8d55d6ab74976e964caec98b157/sodb/wei2022single_15DPI_4.h5ad
Toycat/SToCorpus-88M,6f699f128416e8d55d6ab74976e964caec98b157,sodb/wei2022single_15DPIs.h5ad,552223345,0d47d3fb1b839a100d657813654a999928e986f2b75f260d27864c6be5264110,https://huggingface.co/datasets/Toycat/SToCorpus-88M/resolve/6f699f128416e8d55d6ab74976e964caec98b157/sodb/wei2022single_15DPIs.h5ad
Toycat/SToCorpus-88M,6f699f128416e8d55d6ab74976e964caec98b157,sodb/wei2022single_20DPI_1.h5ad,143059030,51d9a5240e3f610cfc075d3a44a10ca6410ef0f0dffed6ffb241399db5e8c56e,https://huggingface.co/datasets/Toycat/SToCorpus-88M/resolve/6f699f128416e8d55d6ab74976e964caec98b157/sodb/wei2022single_20DPI_1.h5ad
Toycat/SToCorpus-88M,6f699f128416e8d55d6ab74976e964caec98b157,sodb/wei2022single_20DPI_2.h5ad,176397324,41aa625798ed9fddc5778b28095a93bd175a995e68957a83eebadfa73bfdc7fb,https://huggingface.co/datasets/Toycat/SToCorpus-88M/resolve/6f699f128416e8d55d6ab74976e964caec98b157/sodb/wei2022single_20DPI_2.h5ad
Toycat/SToCorpus-88M,6f699f128416e8d55d6ab74976e964caec98b157,sodb/wei2022single_20DPI_3.h5ad,143936554,b56f829671dda3fc4e23120fe8b132fb70618c2b251b4962bb6076e13f3327ac,https://huggingface.co/datasets/Toycat/SToCorpus-88M/resolve/6f699f128416e8d55d6ab74976e964caec98b157/sodb/wei2022single_20DPI_3.h5ad
Toycat/SToCorpus-88M,6f699f128416e8d55d6ab74976e964caec98b157,sodb/wei2022single_20DPIs.h5ad,455971298,cdac065da942d76ab19538b04c42b5c42d441ad556babb5b2a63fccfedea4060,https://huggingface.co/datasets/Toycat/SToCorpus-88M/resolve/6f699f128416e8d55d6ab74976e964caec98b157/sodb/wei2022single_20DPIs.h5ad
Toycat/SToCorpus-88M,6f699f128416e8d55d6ab74976e964caec98b157,sodb/wei2022single_2DPI_1.h5ad,118847068,f67d3843f005e6dcd40285b4a279be8f5283f52475f9ab13234293bf03b733ac,https://huggingface.co/datasets/Toycat/SToCorpus-88M/resolve/6f699f128416e8d55d6ab74976e964caec98b157/sodb/wei2022single_2DPI_1.h5ad
Toycat/SToCorpus-88M,6f699f128416e8d55d6ab74976e964caec98b157,sodb/wei2022single_2DPI_2.h5ad,108023506,51f2d31c8a49a7471127f0ca4811d7eb2f220d140bdfeb4f3296e2b89747ab61,https://huggingface.co/datasets/Toycat/SToCorpus-88M/resolve/6f699f128416e8d55d6ab74976e964caec98b157/sodb/wei2022single_2DPI_2.h5ad
Toycat/SToCorpus-88M,6f699f128416e8d55d6ab74976e964caec98b157,sodb/wei2022single_2DPI_3.h5ad,118995140,2bd0c801dbc8de9c2bd7578cdda2b21beb0e298fc5054ed9ddf69dd4b5ea8be9,https://huggingface.co/datasets/Toycat/SToCorpus-88M/resolve/6f699f128416e8d55d6ab74976e964caec98b157/sodb/wei2022single_2DPI_3.h5ad
Toycat/SToCorpus-88M,6f699f128416e8d55d6ab74976e964caec98b157,sodb/wei2022single_2DPIs.h5ad,338503008,bcbff133a5e27df0b2319b74de0461535326dff7badb2e253086be8fe0447a4e,https://huggingface.co/datasets/Toycat/SToCorpus-88M/resolve/6f699f128416e8d55d6ab74976e964caec98b157/sodb/wei2022single_2DPIs.h5ad
Toycat/SToCorpus-88M,6f699f128416e8d55d6ab74976e964caec98b157,sodb/wei2022single_30DPI.h5ad,96404662,f8fcd9dfbc361598f11c56885b3884604b1b74bbb011bcf607c1d7fed00af430,https://huggingface.co/datasets/Toycat/SToCorpus-88M/resolve/6f699f128416e8d55d6ab74976e964caec98b157/sodb/wei2022single_30DPI.h5ad
Toycat/SToCorpus-88M,6f699f128416e8d55d6ab74976e964caec98b157,sodb/wei2022single_5DPI_1.h5ad,115963840,3282f12fc05efd137a03adeaa2bc7f97567c2a91d7f06222305a392ce3f4e37d,https://huggingface.co/datasets/Toycat/SToCorpus-88M/resolve/6f699f128416e8d55d6ab74976e964caec98b157/sodb/wei2022single_5DPI_1.h5ad
Toycat/SToCorpus-88M,6f699f128416e8d55d6ab74976e964caec98b157,sodb/wei2022single_5DPI_3.h5ad,120126606,f2807776b83ab93b6a5e88bbee08f5e5b6544e9122c0c706e898c2e1d8bf8a55,https://huggingface.co/datasets/Toycat/SToCorpus-88M/resolve/6f699f128416e8d55d6ab74976e964caec98b157/sodb/wei2022single_5DPI_3.h5ad
Toycat/SToCorpus-88M,6f699f128416e8d55d6ab74976e964caec98b157,sodb/wei2022single_5DPIs.h5ad,353590848,1325ccb9be0b2bbd897f2a9294697b2b44b50bba523d1fd6cffe4e5b22038066,https://huggingface.co/datasets/Toycat/SToCorpus-88M/resolve/6f699f128416e8d55d6ab74976e964caec98b157/sodb/wei2022single_5DPIs.h5ad
Toycat/SToCorpus-88M,6f699f128416e8d55d6ab74976e964caec98b157,sodb/wei2022single_60DPI.h5ad,101003496,cc661e9ab02d6eb65130d78627c8b5a63e60e89a6f1aee3c832277a066fbd9b1,https://huggingface.co/datasets/Toycat/SToCorpus-88M/resolve/6f699f128416e8d55d6ab74976e964caec98b157/sodb/wei2022single_60DPI.h5ad
Toycat/SToCorpus-88M,6f699f128416e8d55d6ab74976e964caec98b157,sodb/wei2022single_Adult.h5ad,103069159,73729a05a743f43579969686f3b27ca7669d981b5f98c81a42559a8a7cf4ade9,https://huggingface.co/datasets/Toycat/SToCorpus-88M/resolve/6f699f128416e8d55d6ab74976e964caec98b157/sodb/wei2022single_Adult.h5ad
Toycat/SToCorpus-88M,6f699f128416e8d55d6ab74976e964caec98b157,sodb/wei2022single_Control_Juv.h5ad,63636268,803910b09af8c4da4cbb473023c17e353ecc5506c828d44476692b9d9947a0df,https://huggingface.co/datasets/Toycat/SToCorpus-88M/resolve/6f699f128416e8d55d6ab74976e964caec98b157/sodb/wei2022single_Control_Juv.h5ad
Toycat/SToCorpus-88M,6f699f128416e8d55d6ab74976e964caec98b157,sodb/wei2022single_Development.h5ad,405308412,64a50f7fa6e6e0f0e049bedfddd456795584622ff466f595ae3ab4e5fe9fda50,https://huggingface.co/datasets/Toycat/SToCorpus-88M/resolve/6f699f128416e8d55d6ab74976e964caec98b157/sodb/wei2022single_Development.h5ad
Toycat/SToCorpus-88M,6f699f128416e8d55d6ab74976e964caec98b157,sodb/wei2022single_Meta.h5ad,78045140,a68e772c250da3feb942eeaab0c36886445b738c9d76a03c0b3d3bfc8751bc00,https://huggingface.co/datasets/Toycat/SToCorpus-88M/resolve/6f699f128416e8d55d6ab74976e964caec98b157/sodb/wei2022single_Meta.h5ad
Toycat/SToCorpus-88M,6f699f128416e8d55d6ab74976e964caec98b157,sodb/wei2022single_Regeneration.h5ad,725964828,e8717db9406a122d25c57386c5e0e0b78b40507730eaec32645565600b73c3ac,https://huggingface.co/datasets/Toycat/SToCorpus-88M/resolve/6f699f128416e8d55d6ab74976e964caec98b157/sodb/wei2022single_Regeneration.h5ad
Toycat/SToCorpus-88M,6f699f128416e8d55d6ab74976e964caec98b157,sodb/wei2022single_Stage44.h5ad,10517966,04b1fb94758c9d761c44f63eeac0dae1947f0fee1c888d4eca2c47dd4a75a032,https://huggingface.co/datasets/Toycat/SToCorpus-88M/resolve/6f699f128416e8d55d6ab74976e964caec98b157/sodb/wei2022single_Stage44.h5ad
Toycat/SToCorpus-88M,6f699f128416e8d55d6ab74976e964caec98b157,sodb/wei2022single_Stage54.h5ad,62552950,1f39a7d2d93e24f06b2a541484252bd2cc08a7e5bc08f675f38c7c457823dc59,https://huggingface.co/datasets/Toycat/SToCorpus-88M/resolve/6f699f128416e8d55d6ab74976e964caec98b157/sodb/wei2022single_Stage54.h5ad
Toycat/SToCorpus-88M,6f699f128416e8d55d6ab74976e964caec98b157,sodb/wei2022single_Stage57.h5ad,112384194,c4567f0dfd189527c2f8a3ff154d9c736f14bc8869b789559a8344c237a3adc6,https://huggingface.co/datasets/Toycat/SToCorpus-88M/resolve/6f699f128416e8d55d6ab74976e964caec98b157/sodb/wei2022single_Stage57.h5ad
Toycat/SToCorpus-88M,6f699f128416e8d55d6ab74976e964caec98b157,sodb/xia2019spatial_ER.h5ad,42567339,a1e8b2b6d97739a997e7998fcde2eb09d86f2778ba5b4a12e25b6355b6f93c45,https://huggingface.co/datasets/Toycat/SToCorpus-88M/resolve/6f699f128416e8d55d6ab74976e964caec98b157/sodb/xia2019spatial_ER.h5ad
Toycat/SToCorpus-88M,6f699f128416e8d55d6ab74976e964caec98b157,sodb/xia2019spatial_nucleus.h5ad,42567339,a1e8b2b6d97739a997e7998fcde2eb09d86f2778ba5b4a12e25b6355b6f93c45,https://huggingface.co/datasets/Toycat/SToCorpus-88M/resolve/6f699f128416e8d55d6ab74976e964caec98b157/sodb/xia2019spatial_nucleus.h5ad
Toycat/SToCorpus-88M,6f699f128416e8d55d6ab74976e964caec98b157,sodb/xia2019spatial_total.h5ad,42567339,a1e8b2b6d97739a997e7998fcde2eb09d86f2778ba5b4a12e25b6355b6f93c45,https://huggingface.co/datasets/Toycat/SToCorpus-88M/resolve/6f699f128416e8d55d6ab74976e964caec98b157/sodb/xia2019spatial_total.h5ad
Toycat/SToCorpus-88M,6f699f128416e8d55d6ab74976e964caec98b157,sodb/zhang2021spatially_mouse1_slice1.h5ad,2268762,c33bd7d26c49b969823206e6d022653d62e10c50bdfe61aa15fa75222797c0ea,https://huggingface.co/datasets/Toycat/SToCorpus-88M/resolve/6f699f128416e8d55d6ab74976e964caec98b157/sodb/zhang2021spatially_mouse1_slice1.h5ad
Toycat/SToCorpus-88M,6f699f128416e8d55d6ab74976e964caec98b157,sodb/zhang2021spatially_mouse1_slice10.h5ad,2295597,933510df7a9e84149ba1f27273d5a1b838d2565850bcafd97c4c11b893ebb9dc,https://huggingface.co/datasets/Toycat/SToCorpus-88M/resolve/6f699f128416e8d55d6ab74976e964caec98b157/sodb/zhang2021spatially_mouse1_slice10.h5ad
Toycat/SToCorpus-88M,6f699f128416e8d55d6ab74976e964caec98b157,sodb/zhang2021spatially_mouse1_slice102.h5ad,6542713,d5d9538ba0f25cab87030a66038c4bf2dd470ff0130a81cf22627d6fe8a61229,https://huggingface.co/datasets/Toycat/SToCorpus-88M/resolve/6f699f128416e8d55d6ab74976e964caec98b157/sodb/zhang2021spatially_mouse1_slice102.h5ad
Toycat/SToCorpus-88M,6f699f128416e8d55d6ab74976e964caec98b157,sodb/zhang2021spatially_mouse1_slice112.h5ad,4728868,626763fe15d3aa5ab580b85e0ba4a20e671160ad8913c0b891910310f8b28e4a,https://huggingface.co/datasets/Toycat/SToCorpus-88M/resolve/6f699f128416e8d55d6ab74976e964caec98b157/sodb/zhang2021spatially_mouse1_slice112.h5ad
Toycat/SToCorpus-88M,6f699f128416e8d55d6ab74976e964caec98b157,sodb/zhang2021spatially_mouse1_slice122.h5ad,5706371,6a131f986318d8083262a0037bc698d0aa4f1ff1b957d26ec0198ab88e69f774,https://huggingface.co/datasets/Toycat/SToCorpus-88M/resolve/6f699f128416e8d55d6ab74976e964caec98b157/sodb/zhang2021spatially_mouse1_slice122.h5ad
Toycat/SToCorpus-88M,6f699f128416e8d55d6ab74976e964caec98b157,sodb/zhang2021spatially_mouse1_slice131.h5ad,4663007,4ac8ae0d39cd7cdf052e515460b15ec437e57aff16e6755953e0475b60a5b464,https://huggingface.co/datasets/Toycat/SToCorpus-88M/resolve/6f699f128416e8d55d6ab74976e964caec98b157/sodb/zhang2021spatially_mouse1_slice131.h5ad
Toycat/SToCorpus-88M,6f699f128416e8d55d6ab74976e964caec98b157,sodb/zhang2021spatially_mouse1_slice153.h5ad,6869736,0c4187adbb68e0120cfd4e71dc32b675fb0e00d049d2ace4197716d1f091e498,https://huggingface.co/datasets/Toycat/SToCorpus-88M/resolve/6f699f128416e8d55d6ab74976e964caec98b157/sodb/zhang2021spatially_mouse1_slice153.h5ad
Toycat/SToCorpus-88M,6f699f128416e8d55d6ab74976e964caec98b157,sodb/zhang2021spatially_mouse1_slice162.h5ad,6752401,d6de65782770f6223a73e4940ad2baa5252b0e625bdfc257010b5786233d92b4,https://huggingface.co/datasets/Toycat/SToCorpus-88M/resolve/6f699f128416e8d55d6ab74976e964caec98b157/sodb/zhang2021spatially_mouse1_slice162.h5ad
Toycat/SToCorpus-88M,6f699f128416e8d55d6ab74976e964caec98b157,sodb/zhang2021spatially_mouse1_slice170.h5ad,6283913,f5d6a6e2115072ce69ba1397ad17b76386c628fbbb49792b72ae2068b42226fe,https://huggingface.co/datasets/Toycat/SToCorpus-88M/resolve/6f699f128416e8d55d6ab74976e964caec98b157/sodb/zhang2021spatially_mouse1_slice170.h5ad
Toycat/SToCorpus-88M,6f699f128416e8d55d6ab74976e964caec98b157,sodb/zhang2021spatially_mouse1_slice180.h5ad,6016088,4b1bcb7b2ca63a2fc7471b207f52b46206f6c420582e3a3d5159a95e63e032a7,https://huggingface.co/datasets/Toycat/SToCorpus-88M/resolve/6f699f128416e8d55d6ab74976e964caec98b157/sodb/zhang2021spatially_mouse1_slice180.h5ad
Toycat/SToCorpus-88M,6f699f128416e8d55d6ab74976e964caec98b157,sodb/zhang2021spatially_mouse1_slice190.h5ad,5498182,2c9b2ce2f59ef771058dd2a12d3942ebaacf818688e28a3e116ea73e94f7d620,https://huggingface.co/datasets/Toycat/SToCorpus-88M/resolve/6f699f128416e8d55d6ab74976e964caec98b157/sodb/zhang2021spatially_mouse1_slice190.h5ad
Toycat/SToCorpus-88M,6f699f128416e8d55d6ab74976e964caec98b157,sodb/zhang2021spatially_mouse1_slice200.h5ad,2150415,128b9c91eb4ec6e405d75a12cc98cf9b383f53bd9d65ce444409feee63be112b,https://huggingface.co/datasets/Toycat/SToCorpus-88M/resolve/6f699f128416e8d55d6ab74976e964caec98b157/sodb/zhang2021spatially_mouse1_slice200.h5ad
Toycat/SToCorpus-88M,6f699f128416e8d55d6ab74976e964caec98b157,sodb/zhang2021spatially_mouse1_slice201.h5ad,6038341,4e212872ec74586eda2f41d74cdaaa799ef751380aefdacf78e859025a4211bb,https://huggingface.co/datasets/Toycat/SToCorpus-88M/resolve/6f699f128416e8d55d6ab74976e964caec98b157/sodb/zhang2021spatially_mouse1_slice201.h5ad
Toycat/SToCorpus-88M,6f699f128416e8d55d6ab74976e964caec98b157,sodb/zhang2021spatially_mouse1_slice21.h5ad,1933811,2d3312bfbe18d2fe06224e284f6a65fdf31f281c9f1eccf1f7818730bfd944ac,https://huggingface.co/datasets/Toycat/SToCorpus-88M/resolve/6f699f128416e8d55d6ab74976e964caec98b157/sodb/zhang2021spatially_mouse1_slice21.h5ad
Toycat/SToCorpus-88M,6f699f128416e8d55d6ab74976e964caec98b157,sodb/zhang2021spatially_mouse1_slice212.h5ad,6275645,25f5df7c4a856f9b8c1edbc5b3b08d6eacdd11375fad5852fefe013d4a3910de,https://huggingface.co/datasets/Toycat/SToCorpus-88M/resolve/6f699f128416e8d55d6ab74976e964caec98b157/sodb/zhang2021spatially_mouse1_slice212.h5ad
Toycat/SToCorpus-88M,6f699f128416e8d55d6ab74976e964caec98b157,sodb/zhang2021spatially_mouse1_slice221.h5ad,5583905,0b4f2bb60b357ac9de47fc684193e646272647c683aefad03808f2e5d6d60193,https://huggingface.co/datasets/Toycat/SToCorpus-88M/resolve/6f699f128416e8d55d6ab74976e964caec98b157/sodb/zhang2021spatially_mouse1_slice221.h5ad
Toycat/SToCorpus-88M,6f699f128416e8d55d6ab74976e964caec98b157,sodb/zhang2021spatially_mouse1_slice232.h5ad,5144485,5476c0ab23cb8ca2de96a7614b9ecbfb3b29a3bb2fca6042f6cb7f5b3946e6f8,https://huggingface.co/datasets/Toycat/SToCorpus-88M/resolve/6f699f128416e8d55d6ab74976e964caec98b157/sodb/zhang2021spatially_mouse1_slice232.h5ad
Toycat/SToCorpus-88M,6f699f128416e8d55d6ab74976e964caec98b157,sodb/zhang2021spatially_mouse1_slice241.h5ad,3908564,f75390f844c075f8256cea36ea3423301b3c9b654abe932a3e216c22ccdbb05a,https://huggingface.co/datasets/Toycat/SToCorpus-88M/resolve/6f699f128416e8d55d6ab74976e964caec98b157/sodb/zhang2021spatially_mouse1_slice241.h5ad
Toycat/SToCorpus-88M,6f699f128416e8d55d6ab74976e964caec98b157,sodb/zhang2021spatially_mouse1_slice251.h5ad,4158295,f89574ebbcab5f4ead0aa7cde4c89e082c838d7b5c32e86e8821b91646e9ff49,https://huggingface.co/datasets/Toycat/SToCorpus-88M/resolve/6f699f128416e8d55d6ab74976e964caec98b157/sodb/zhang2021spatially_mouse1_slice251.h5ad
Toycat/SToCorpus-88M,6f699f128416e8d55d6ab74976e964caec98b157,sodb/zhang2021spatially_mouse1_slice260.h5ad,5480499,cba3edcc62d198252897bb5335d59f3f068451bb5a61d3d75ec50d9e30c11367,https://huggingface.co/datasets/Toycat/SToCorpus-88M/resolve/6f699f128416e8d55d6ab74976e964caec98b157/sodb/zhang2021spatially_mouse1_slice260.h5ad
Toycat/SToCorpus-88M,6f699f128416e8d55d6ab74976e964caec98b157,sodb/zhang2021spatially_mouse1_slice271.h5ad,3349353,49834267fdf78cd35905453437b488464ecc16e40fb66fd74ed716af03df32c4,https://huggingface.co/datasets/Toycat/SToCorpus-88M/resolve/6f699f128416e8d55d6ab74976e964caec98b157/sodb/zhang2021spatially_mouse1_slice271.h5ad
Toycat/SToCorpus-88M,6f699f128416e8d55d6ab74976e964caec98b157,sodb/zhang2021spatially_mouse1_slice283.h5ad,3696340,73a37b1d46b2d458aab8dbd2855e18528a5ba62336c391cff97ac5a3c0e3e140,https://huggingface.co/datasets/Toycat/SToCorpus-88M/resolve/6f699f128416e8d55d6ab74976e964caec98b157/sodb/zhang2021spatially_mouse1_slice283.h5ad
Toycat/SToCorpus-88M,6f699f128416e8d55d6ab74976e964caec98b157,sodb/zhang2021spatially_mouse1_slice291.h5ad,3973439,22e2fb19ece49d67723959573a72c56fc6a5ae0155cbe5bfbb78d4ce51cb71bc,https://huggingface.co/datasets/Toycat/SToCorpus-88M/resolve/6f699f128416e8d55d6ab74976e964caec98b157/sodb/zhang2021spatially_mouse1_slice291.h5ad
Toycat/SToCorpus-88M,6f699f128416e8d55d6ab74976e964caec98b157,sodb/zhang2021spatially_mouse1_slice301.h5ad,3902576,85eccf74cfc45be11fcc9e7d6bce406dcd0552508df9976c50d8989fa5144958,https://huggingface.co/datasets/Toycat/SToCorpus-88M/resolve/6f699f128416e8d55d6ab74976e964caec98b157/sodb/zhang2021spatially_mouse1_slice301.h5ad
Toycat/SToCorpus-88M,6f699f128416e8d55d6ab74976e964caec98b157,sodb/zhang2021spatially_mouse1_slice31.h5ad,2897798,c3a4efc93987ccc4c30eb3f9fb04bbb4dfc3ac903caddbb2573202498369d74a,https://huggingface.co/datasets/Toycat/SToCorpus-88M/resolve/6f699f128416e8d55d6ab74976e964caec98b157/sodb/zhang2021spatially_mouse1_slice31.h5ad
Toycat/SToCorpus-88M,6f699f128416e8d55d6ab74976e964caec98b157,sodb/zhang2021spatially_mouse1_slice313.h5ad,3366488,9960f70bb9fc122b41eb8d021c825e92011c7acd3f66ada38176341dd6ded791,https://huggingface.co/datasets/Toycat/SToCorpus-88M/resolve/6f699f128416e8d55d6ab74976e964caec98b157/sodb/zhang2021spatially_mouse1_slice313.h5ad
Toycat/SToCorpus-88M,6f699f128416e8d55d6ab74976e964caec98b157,sodb/zhang2021spatially_mouse1_slice326.h5ad,3660403,5778cf5c2114638fe14fc90aa06b9c67699efd301724bc61d8ac244d2f9d35f5,https://huggingface.co/datasets/Toycat/SToCorpus-88M/resolve/6f699f128416e8d55d6ab74976e964caec98b157/sodb/zhang2021spatially_mouse1_slice326.h5ad
Toycat/SToCorpus-88M,6f699f128416e8d55d6ab74976e964caec98b157,sodb/zhang2021spatially_mouse1_slice40.h5ad,3708005,00fe44bbea4b2ae2e8952d2632b89678995587dd0669cf985a1096578ad614c8,https://huggingface.co/datasets/Toycat/SToCorpus-88M/resolve/6f699f128416e8d55d6ab74976e964caec98b157/sodb/zhang2021spatially_mouse1_slice40.h5ad
Toycat/SToCorpus-88M,6f699f128416e8d55d6ab74976e964caec98b157,sodb/zhang2021spatially_mouse1_slice50.h5ad,3762531,9e7b93496fec122fe5fce03122e98f61e30171959de792994c07b6be05cd94c8,https://huggingface.co/datasets/Toycat/SToCorpus-88M/resolve/6f699f128416e8d55d6ab74976e964caec98b157/sodb/zhang2021spatially_mouse1_slice50.h5ad
Toycat/SToCorpus-88M,6f699f128416e8d55d6ab74976e964caec98b157,sodb/zhang2021spatially_mouse1_slice62.h5ad,4746480,d2aafc28c1aab9a15dfb906659bab6f536463af89b9f7f32d77c785abda0b61d,https://huggingface.co/datasets/Toycat/SToCorpus-88M/resolve/6f699f128416e8d55d6ab74976e964caec98b157/sodb/zhang2021spatially_mouse1_slice62.h5ad
Toycat/SToCorpus-88M,6f699f128416e8d55d6ab74976e964caec98b157,sodb/zhang2021spatially_mouse1_slice71.h5ad,5683023,6e4a375dfbbded12b7469265a1aa7ce803c45abe8ae4851779fee030f7efe877,https://huggingface.co/datasets/Toycat/SToCorpus-88M/resolve/6f699f128416e8d55d6ab74976e964caec98b157/sodb/zhang2021spatially_mouse1_slice71.h5ad
Toycat/SToCorpus-88M,6f699f128416e8d55d6ab74976e964caec98b157,sodb/zhang2021spatially_mouse1_slice81.h5ad,5252378,7c54e288ff30e1e0d3f257d3b3da84358d43952aa2ea8c32d81ab5faa2b64721,https://huggingface.co/datasets/Toycat/SToCorpus-88M/resolve/6f699f128416e8d55d6ab74976e964caec98b157/sodb/zhang2021spatially_mouse1_slice81.h5ad
Toycat/SToCorpus-88M,6f699f128416e8d55d6ab74976e964caec98b157,sodb/zhang2021spatially_mouse1_slice91.h5ad,5547143,f5fa6f7d08f96ab8b3110add91f9d859ced0ebfdc9ca3836503c566566bedde7,https://huggingface.co/datasets/Toycat/SToCorpus-88M/resolve/6f699f128416e8d55d6ab74976e964caec98b157/sodb/zhang2021spatially_mouse1_slice91.h5ad
Toycat/SToCorpus-88M,6f699f128416e8d55d6ab74976e964caec98b157,sodb/zhang2021spatially_mouse2_slice1.h5ad,1731920,e573aefda89efe173a5f6adf5b420070f42089054dcb4b446f1a3a2b4d94df58,https://huggingface.co/datasets/Toycat/SToCorpus-88M/resolve/6f699f128416e8d55d6ab74976e964caec98b157/sodb/zhang2021spatially_mouse2_slice1.h5ad
Toycat/SToCorpus-88M,6f699f128416e8d55d6ab74976e964caec98b157,sodb/zhang2021spatially_mouse2_slice10.h5ad,1131156,ad2d1e2f1bfdd20e379de80853897185c1048ae11340491e3179e0e5afa9e331,https://huggingface.co/datasets/Toycat/SToCorpus-88M/resolve/6f699f128416e8d55d6ab74976e964caec98b157/sodb/zhang2021spatially_mouse2_slice10.h5ad
Toycat/SToCorpus-88M,6f699f128416e8d55d6ab74976e964caec98b157,sodb/zhang2021spatially_mouse2_slice109.h5ad,4870725,3e4483fecd4c1932ba34f5b9b3a6fea2991c51feadfa03df542ba22c9339483a,https://huggingface.co/datasets/Toycat/SToCorpus-88M/resolve/6f699f128416e8d55d6ab74976e964caec98b157/sodb/zhang2021spatially_mouse2_slice109.h5ad
Toycat/SToCorpus-88M,6f699f128416e8d55d6ab74976e964caec98b157,sodb/zhang2021spatially_mouse2_slice119.h5ad,4893686,ad9fb0fc1dc21b8bd42d31b25c188e32efc03404f852d81d06d628e307a57b63,https://huggingface.co/datasets/Toycat/SToCorpus-88M/resolve/6f699f128416e8d55d6ab74976e964caec98b157/sodb/zhang2021spatially_mouse2_slice119.h5ad
Toycat/SToCorpus-88M,6f699f128416e8d55d6ab74976e964caec98b157,sodb/zhang2021spatially_mouse2_slice129.h5ad,4735103,21626199f38977c25dace975e70a4b3667880eb1aaf7b5e1d7f391252c5f9b13,https://huggingface.co/datasets/Toycat/SToCorpus-88M/resolve/6f699f128416e8d55d6ab74976e964caec98b157/sodb/zhang2021spatially_mouse2_slice129.h5ad
Toycat/SToCorpus-88M,6f699f128416e8d55d6ab74976e964caec98b157,sodb/zhang2021spatially_mouse2_slice139.h5ad,3525944,cb294ec0f8f2cf45e1e1da27adf15f4d8211734e4ee4250164a8d197b4b70a77,https://huggingface.co/datasets/Toycat/SToCorpus-88M/resolve/6f699f128416e8d55d6ab74976e964caec98b157/sodb/zhang2021spatially_mouse2_slice139.h5ad
Toycat/SToCorpus-88M,6f699f128416e8d55d6ab74976e964caec98b157,sodb/zhang2021spatially_mouse2_slice151.h5ad,4754139,d9be7ceafb5330ed8068b659f2dd39cbdc11aafddeaf813fec83c11f6b1670d9,https://huggingface.co/datasets/Toycat/SToCorpus-88M/resolve/6f699f128416e8d55d6ab74976e964caec98b157/sodb/zhang2021spatially_mouse2_slice151.h5ad
Toycat/SToCorpus-88M,6f699f128416e8d55d6ab74976e964caec98b157,sodb/zhang2021spatially_mouse2_slice160.h5ad,3953642,01131c199c9ca733b9a9c99d84013c4f6fbd1af33219a01fb7bb1376c2b07973,https://huggingface.co/datasets/Toycat/SToCorpus-88M/resolve/6f699f128416e8d55d6ab74976e964caec98b157/sodb/zhang2021spatially_mouse2_slice160.h5ad
Toycat/SToCorpus-88M,6f699f128416e8d55d6ab74976e964caec98b157,sodb/zhang2021spatially_mouse2_slice169.h5ad,4769863,5cd95715c8975e0dd0d415939c06755cb4e72f1887cbb867f40a378b2cc282cd,https://huggingface.co/datasets/Toycat/SToCorpus-88M/resolve/6f699f128416e8d55d6ab74976e964caec98b157/sodb/zhang2021spatially_mouse2_slice169.h5ad
Toycat/SToCorpus-88M,6f699f128416e8d55d6ab74976e964caec98b157,sodb/zhang2021spatially_mouse2_slice189.h5ad,4014931,bf18a40f72b4704a35372a352d0cf6f0eb982b323871bf4c82dbfb0d0ff8080c,https://huggingface.co/datasets/Toycat/SToCorpus-88M/resolve/6f699f128416e8d55d6ab74976e964caec98b157/sodb/zhang2021spatially_mouse2_slice189.h5ad
Toycat/SToCorpus-88M,6f699f128416e8d55d6ab74976e964caec98b157,sodb/zhang2021spatially_mouse2_slice20.h5ad,608034,f8e2ba5634c76e0dd55a8a561ac661433cf522c56211ed8e9dd99a58d6e34670,https://huggingface.co/datasets/Toycat/SToCorpus-88M/resolve/6f699f128416e8d55d6ab74976e964caec98b157/sodb/zhang2021spatially_mouse2_slice20.h5ad
Toycat/SToCorpus-88M,6f699f128416e8d55d6ab74976e964caec98b157,sodb/zhang2021spatially_mouse2_slice201.h5ad,3147245,24581498ee36dd6ff70f2cbbced4c2ec4d30c93850bc934b8773ed14074611c8,https://huggingface.co/datasets/Toycat/SToCorpus-88M/resolve/6f699f128416e8d55d6ab74976e964caec98b157/sodb/zhang2021spatially_mouse2_slice201.h5ad
Toycat/SToCorpus-88M,6f699f128416e8d55d6ab74976e964caec98b157,sodb/zhang2021spatially_mouse2_slice209.h5ad,4156502,59316383f0ee6f030037f644f6218a7256d1c4ef49ba12321cfd07bcd337b0cc,https://huggingface.co/datasets/Toycat/SToCorpus-88M/resolve/6f699f128416e8d55d6ab74976e964caec98b157/sodb/zhang2021spatially_mouse2_slice209.h5ad
Toycat/SToCorpus-88M,6f699f128416e8d55d6ab74976e964caec98b157,sodb/zhang2021spatially_mouse2_slice219.h5ad,3169708,bdf72f082f8ab0a6b35cc554b2c3c9fa7fc76362b5b6cec0b5c2c7168593b794,https://huggingface.co/datasets/Toycat/SToCorpus-88M/resolve/6f699f128416e8d55d6ab74976e964caec98b157/sodb/zhang2021spatially_mouse2_slice219.h5ad
Toycat/SToCorpus-88M,6f699f128416e8d55d6ab74976e964caec98b157,sodb/zhang2021spatially_mouse2_slice229.h5ad,4570313,9010d88305b0b4e5f8211e33984d3b90bbb98fdf148b4ffbb978dd978db2da81,https://huggingface.co/datasets/Toycat/SToCorpus-88M/resolve/6f699f128416e8d55d6ab74976e964caec98b157/sodb/zhang2021spatially_mouse2_slice229.h5ad
Toycat/SToCorpus-88M,6f699f128416e8d55d6ab74976e964caec98b157,sodb/zhang2021spatially_mouse2_slice249.h5ad,3735442,1318ca960ab896474168172045775f752dea241ba73fa2438d30bef17da36ec1,https://huggingface.co/datasets/Toycat/SToCorpus-88M/resolve/6f699f128416e8d55d6ab74976e964caec98b157/sodb/zhang2021spatially_mouse2_slice249.h5ad
Toycat/SToCorpus-88M,6f699f128416e8d55d6ab74976e964caec98b157,sodb/zhang2021spatially_mouse2_slice261.h5ad,2844090,1c308b7acd394227b789ab5b389422e3a9812416cc8ce3da926c5a6a1930901a,https://huggingface.co/datasets/Toycat/SToCorpus-88M/resolve/6f699f128416e8d55d6ab74976e964caec98b157/sodb/zhang2021spatially_mouse2_slice261.h5ad
Toycat/SToCorpus-88M,6f699f128416e8d55d6ab74976e964caec98b157,sodb/zhang2021spatially_mouse2_slice270.h5ad,3845506,03d72c47ebf51e830a40fd53659dca9dc4952a4a15847992aa0299b2dd7dcfa7,https://huggingface.co/datasets/Toycat/SToCorpus-88M/resolve/6f699f128416e8d55d6ab74976e964caec98b157/sodb/zhang2021spatially_mouse2_slice270.h5ad
Toycat/SToCorpus-88M,6f699f128416e8d55d6ab74976e964caec98b157,sodb/zhang2021spatially_mouse2_slice280.h5ad,3435654,3c8d27a559ec3d10e5a5c872f7dbe42a724237d6bb4eef4faae39521605512d1,https://huggingface.co/datasets/Toycat/SToCorpus-88M/resolve/6f699f128416e8d55d6ab74976e964caec98b157/sodb/zhang2021spatially_mouse2_slice280.h5ad
Toycat/SToCorpus-88M,6f699f128416e8d55d6ab74976e964caec98b157,sodb/zhang2021spatially_mouse2_slice289.h5ad,3962765,e9825661608d66242cc9fd50cc3ab7ec00a82b923b7a75d653b7d33912db6381,https://huggingface.co/datasets/Toycat/SToCorpus-88M/resolve/6f699f128416e8d55d6ab74976e964caec98b157/sodb/zhang2021spatially_mouse2_slice289.h5ad
Toycat/SToCorpus-88M,6f699f128416e8d55d6ab74976e964caec98b157,sodb/zhang2021spatially_mouse2_slice300.h5ad,3629264,53eee9a2bcf251ca1a3e52af1095b87e0573fe177cbdcbe4f13d78801154779a,https://huggingface.co/datasets/Toycat/SToCorpus-88M/resolve/6f699f128416e8d55d6ab74976e964caec98b157/sodb/zhang2021spatially_mouse2_slice300.h5ad
Toycat/SToCorpus-88M,6f699f128416e8d55d6ab74976e964caec98b157,sodb/zhang2021spatially_mouse2_slice309.h5ad,2985160,ac3094612831f07f888d568b62e12e2deb4f7f14ceb0b4fa77e0aad5fcc71915,https://huggingface.co/datasets/Toycat/SToCorpus-88M/resolve/6f699f128416e8d55d6ab74976e964caec98b157/sodb/zhang2021spatially_mouse2_slice309.h5ad
Toycat/SToCorpus-88M,6f699f128416e8d55d6ab74976e964caec98b157,sodb/zhang2021spatially_mouse2_slice31.h5ad,1996495,70559f0493ca4a53b6a209b6c2c8704e5aa0233cc1308590f863126399a2fac5,https://huggingface.co/datasets/Toycat/SToCorpus-88M/resolve/6f699f128416e8d55d6ab74976e964caec98b157/sodb/zhang2021spatially_mouse2_slice31.h5ad
Toycat/SToCorpus-88M,6f699f128416e8d55d6ab74976e964caec98b157,sodb/zhang2021spatially_mouse2_slice319.h5ad,2291892,dbd34f52f446a8c2e3bb96285a4cfc98f437d1b0836ce490515893e871afdd8c,https://huggingface.co/datasets/Toycat/SToCorpus-88M/resolve/6f699f128416e8d55d6ab74976e964caec98b157/sodb/zhang2021spatially_mouse2_slice319.h5ad
Toycat/SToCorpus-88M,6f699f128416e8d55d6ab74976e964caec98b157,sodb/zhang2021spatially_mouse2_slice40.h5ad,2952235,522c3afc41c5945d798d3c3e049d9e56354636d947162ea44006a21cfa789c99,https://huggingface.co/datasets/Toycat/SToCorpus-88M/resolve/6f699f128416e8d55d6ab74976e964caec98b157/sodb/zhang2021spatially_mouse2_slice40.h5ad
Toycat/SToCorpus-88M,6f699f128416e8d55d6ab74976e964caec98b157,sodb/zhang2021spatially_mouse2_slice50.h5ad,2779467,c295e19aae3701d5577d95907cee4f44fa1695f4c7dfc800b7f9f3971c7a3473,https://huggingface.co/datasets/Toycat/SToCorpus-88M/resolve/6f699f128416e8d55d6ab74976e964caec98b157/sodb/zhang2021spatially_mouse2_slice50.h5ad
Toycat/SToCorpus-88M,6f699f128416e8d55d6ab74976e964caec98b157,sodb/zhang2021spatially_mouse2_slice61.h5ad,3285172,cc20311fd9f14bf6fb9c39fc26689d089fc4fa53cdc613c1a3b213e22aa2afd4,https://huggingface.co/datasets/Toycat/SToCorpus-88M/resolve/6f699f128416e8d55d6ab74976e964caec98b157/sodb/zhang2021spatially_mouse2_slice61.h5ad
Toycat/SToCorpus-88M,6f699f128416e8d55d6ab74976e964caec98b157,sodb/zhang2021spatially_mouse2_slice70.h5ad,3912395,3255f33d230a5e036d40bfaf825e56548fb53b3f1fb9e1595f7808bdba6f8bac,https://huggingface.co/datasets/Toycat/SToCorpus-88M/resolve/6f699f128416e8d55d6ab74976e964caec98b157/sodb/zhang2021spatially_mouse2_slice70.h5ad
Toycat/SToCorpus-88M,6f699f128416e8d55d6ab74976e964caec98b157,sodb/zhang2021spatially_mouse2_slice79.h5ad,3313802,378429a28911ce28cea984964c1b1fde230cb41e6ee8f08fc0bafbd3e9cf55d4,https://huggingface.co/datasets/Toycat/SToCorpus-88M/resolve/6f699f128416e8d55d6ab74976e964caec98b157/sodb/zhang2021spatially_mouse2_slice79.h5ad
Toycat/SToCorpus-88M,6f699f128416e8d55d6ab74976e964caec98b157,sodb/zhang2021spatially_mouse2_slice90.h5ad,4804694,7da45c7e918739d49f8174e6d5599b98e0698f18bb3de2175cbc602f82dcd24f,https://huggingface.co/datasets/Toycat/SToCorpus-88M/resolve/6f699f128416e8d55d6ab74976e964caec98b157/sodb/zhang2021spatially_mouse2_slice90.h5ad
Toycat/SToCorpus-88M,6f699f128416e8d55d6ab74976e964caec98b157,sodb/zhang2021spatially_mouse2_slice99.h5ad,4785456,465cb5b3b0f2270dd55705dc683b0d382ea122b2e911c789a612912222803a9b,https://huggingface.co/datasets/Toycat/SToCorpus-88M/resolve/6f699f128416e8d55d6ab74976e964caec98b157/sodb/zhang2021spatially_mouse2_slice99.h5ad
Toycat/SToCorpus-88M,6f699f128416e8d55d6ab74976e964caec98b157,stomicsdb/STDS0000058_E10.5_E1S1.MOSTA.h5ad,609851465,826048b0f5a747104dd5c866d913a2b956e8a1e1cadf3adb6d3961bf80537ecf,https://huggingface.co/datasets/Toycat/SToCorpus-88M/resolve/6f699f128416e8d55d6ab74976e964caec98b157/stomicsdb/STDS0000058_E10.5_E1S1.MOSTA.h5ad
Toycat/SToCorpus-88M,6f699f128416e8d55d6ab74976e964caec98b157,stomicsdb/STDS0000058_E10.5_E1S2.MOSTA.h5ad,440405766,71da044ac136d7d9dd7ebb6eba74ea2f9b9a5415202cd5d400dccfef4731fa9d,https://huggingface.co/datasets/Toycat/SToCorpus-88M/resolve/6f699f128416e8d55d6ab74976e964caec98b157/stomicsdb/STDS0000058_E10.5_E1S2.MOSTA.h5ad
Toycat/SToCorpus-88M,6f699f128416e8d55d6ab74976e964caec98b157,stomicsdb/STDS0000058_E10.5_E1S3.MOSTA.h5ad,613812999,e6ecefc836c6d6d9b26ec436c3574edd34dd5f491d47480410c4b52f488b25ad,https://huggingface.co/datasets/Toycat/SToCorpus-88M/resolve/6f699f128416e8d55d6ab74976e964caec98b157/stomicsdb/STDS0000058_E10.5_E1S3.MOSTA.h5ad
Toycat/SToCorpus-88M,6f699f128416e8d55d6ab74976e964caec98b157,stomicsdb/STDS0000058_E10.5_E2S1.MOSTA.h5ad,187731063,3ccf3c107143c9b8c17b890a2037b6c4a910cfbceb7104d8516ff5b515b24f1d,https://huggingface.co/datasets/Toycat/SToCorpus-88M/resolve/6f699f128416e8d55d6ab74976e964caec98b157/stomicsdb/STDS0000058_E10.5_E2S1.MOSTA.h5ad
Toycat/SToCorpus-88M,6f699f128416e8d55d6ab74976e964caec98b157,stomicsdb/STDS0000058_E11.5_E1S1.MOSTA.h5ad,806743270,7337f1bd7f93b858c85225920a20d6e72c780e6bd5e10c652bb5102932cd84a4,https://huggingface.co/datasets/Toycat/SToCorpus-88M/resolve/6f699f128416e8d55d6ab74976e964caec98b157/stomicsdb/STDS0000058_E11.5_E1S1.MOSTA.h5ad
Toycat/SToCorpus-88M,6f699f128416e8d55d6ab74976e964caec98b157,stomicsdb/STDS0000058_E11.5_E1S2.MOSTA.h5ad,577654031,e4f1aa264efb35f61222b478971c72848e6f2f646c48b508ff93a224fd33a4d8,https://huggingface.co/datasets/Toycat/SToCorpus-88M/resolve/6f699f128416e8d55d6ab74976e964caec98b157/stomicsdb/STDS0000058_E11.5_E1S2.MOSTA.h5ad
Toycat/SToCorpus-88M,6f699f128416e8d55d6ab74976e964caec98b157,stomicsdb/STDS0000058_E11.5_E1S3.MOSTA.h5ad,510597154,f85d757fc79e56bab6a458098ffdf7224e82c1d277220c30d9a00bd96b586833,https://huggingface.co/datasets/Toycat/SToCorpus-88M/resolve/6f699f128416e8d55d6ab74976e964caec98b157/stomicsdb/STDS0000058_E11.5_E1S3.MOSTA.h5ad
Toycat/SToCorpus-88M,6f699f128416e8d55d6ab74976e964caec98b157,stomicsdb/STDS0000058_E11.5_E1S4.MOSTA.h5ad,715614474,e44a1ebbcb00619489d3e59f70799c8e81e255f2a2d485f954f19993a6b77a1f,https://huggingface.co/datasets/Toycat/SToCorpus-88M/resolve/6f699f128416e8d55d6ab74976e964caec98b157/stomicsdb/STDS0000058_E11.5_E1S4.MOSTA.h5ad
Toycat/SToCorpus-88M,6f699f128416e8d55d6ab74976e964caec98b157,stomicsdb/STDS0000058_E12.5_E1S1.MOSTA.h5ad,1238012484,67ecea964ee58728daed4db06629767fcac2c294217d9ae6f983b7db94d8b06b,https://huggingface.co/datasets/Toycat/SToCorpus-88M/resolve/6f699f128416e8d55d6ab74976e964caec98b157/stomicsdb/STDS0000058_E12.5_E1S1.MOSTA.h5ad
Toycat/SToCorpus-88M,6f699f128416e8d55d6ab74976e964caec98b157,stomicsdb/STDS0000058_E12.5_E1S2.MOSTA.h5ad,1040630610,f71956fcbe57f9bb41a9bfc12958c25bcdba20b70a4a0288807de13d95c10151,https://huggingface.co/datasets/Toycat/SToCorpus-88M/resolve/6f699f128416e8d55d6ab74976e964caec98b157/stomicsdb/STDS0000058_E12.5_E1S2.MOSTA.h5ad
Toycat/SToCorpus-88M,6f699f128416e8d55d6ab74976e964caec98b157,stomicsdb/STDS0000058_E12.5_E1S3.MOSTA.h5ad,699733629,685f953b81da4c03afe3c866c9d5e3f3abd55edf1e10e888511b34be3272f9d8,https://huggingface.co/datasets/Toycat/SToCorpus-88M/resolve/6f699f128416e8d55d6ab74976e964caec98b157/stomicsdb/STDS0000058_E12.5_E1S3.MOSTA.h5ad
Toycat/SToCorpus-88M,6f699f128416e8d55d6ab74976e964caec98b157,stomicsdb/STDS0000058_E12.5_E1S4.MOSTA.h5ad,1171922780,5a3bb62750cf6ef4d0f86f950e9adfe0d233328ec83c256332f8398f1deb3f6f,https://huggingface.co/datasets/Toycat/SToCorpus-88M/resolve/6f699f128416e8d55d6ab74976e964caec98b157/stomicsdb/STDS0000058_E12.5_E1S4.MOSTA.h5ad
Toycat/SToCorpus-88M,6f699f128416e8d55d6ab74976e964caec98b157,stomicsdb/STDS0000058_E12.5_E1S5.MOSTA.h5ad,971118339,371efc727efabb0f808f0ce9dd9b440f765a5a3414f9ea06ab2538ad947c93cc,https://huggingface.co/datasets/Toycat/SToCorpus-88M/resolve/6f699f128416e8d55d6ab74976e964caec98b157/stomicsdb/STDS0000058_E12.5_E1S5.MOSTA.h5ad
Toycat/SToCorpus-88M,6f699f128416e8d55d6ab74976e964caec98b157,stomicsdb/STDS0000058_E12.5_E2S1.MOSTA.h5ad,596709256,6c0c81249a19b9f569b785a0c508ee9961d26a65da976df6798c5ed44519060d,https://huggingface.co/datasets/Toycat/SToCorpus-88M/resolve/6f699f128416e8d55d6ab74976e964caec98b157/stomicsdb/STDS0000058_E12.5_E2S1.MOSTA.h5ad
Toycat/SToCorpus-88M,6f699f128416e8d55d6ab74976e964caec98b157,stomicsdb/STDS0000058_E13.5_E1S1.MOSTA.h5ad,1612994362,ed38ff156e3b1d24479c3820d583d348594f2d5776954a61bdaceb736f354fe0,https://huggingface.co/datasets/Toycat/SToCorpus-88M/resolve/6f699f128416e8d55d6ab74976e964caec98b157/stomicsdb/STDS0000058_E13.5_E1S1.MOSTA.h5ad
Toycat/SToCorpus-88M,6f699f128416e8d55d6ab74976e964caec98b157,stomicsdb/STDS0000058_E13.5_E1S2.MOSTA.h5ad,1936439040,8a3a668170e3701856c7502e097befcea47ae94825ff44aa260fb01d80728f5a,https://huggingface.co/datasets/Toycat/SToCorpus-88M/resolve/6f699f128416e8d55d6ab74976e964caec98b157/stomicsdb/STDS0000058_E13.5_E1S2.MOSTA.h5ad
Toycat/SToCorpus-88M,6f699f128416e8d55d6ab74976e964caec98b157,stomicsdb/STDS0000058_E13.5_E1S3.MOSTA.h5ad,1998105984,2cd1047fdf9f0ce784ac3b4caae279fb17c337921d9416544ab971f30644fdd3,https://huggingface.co/datasets/Toycat/SToCorpus-88M/resolve/6f699f128416e8d55d6ab74976e964caec98b157/stomicsdb/STDS0000058_E13.5_E1S3.MOSTA.h5ad
Toycat/SToCorpus-88M,6f699f128416e8d55d6ab74976e964caec98b157,stomicsdb/STDS0000058_E13.5_E1S4.MOSTA.h5ad,1514764400,6e6fc87ec620487ea43c60287ffbf6e856e797f6eb333e85e49afcf76489de68,https://huggingface.co/datasets/Toycat/SToCorpus-88M/resolve/6f699f128416e8d55d6ab74976e964caec98b157/stomicsdb/STDS0000058_E13.5_E1S4.MOSTA.h5ad
Toycat/SToCorpus-88M,6f699f128416e8d55d6ab74976e964caec98b157,stomicsdb/STDS0000058_E14.5_E1S1.MOSTA.h5ad,2777148798,474d7b752bbad25593ebe2e7cab07f8e59d3102ae6dbebdfbc8adb8f08ec20c5,https://huggingface.co/datasets/Toycat/SToCorpus-88M/resolve/6f699f128416e8d55d6ab74976e964caec98b157/stomicsdb/STDS0000058_E14.5_E1S1.MOSTA.h5ad
Toycat/SToCorpus-88M,6f699f128416e8d55d6ab74976e964caec98b157,stomicsdb/STDS0000058_E14.5_E1S2.MOSTA.h5ad,2075882998,07c2b3afccc918f899a6b6215a38f178cc05347d937fefce48656204c04dbd57,https://huggingface.co/datasets/Toycat/SToCorpus-88M/resolve/6f699f128416e8d55d6ab74976e964caec98b157/stomicsdb/STDS0000058_E14.5_E1S2.MOSTA.h5ad
Toycat/SToCorpus-88M,6f699f128416e8d55d6ab74976e964caec98b157,stomicsdb/STDS0000058_E14.5_E1S3.MOSTA.h5ad,1074090452,03591a85858bf7607318c2ae99aba0423938b3226b31aff7d488faacf8b68d19,https://huggingface.co/datasets/Toycat/SToCorpus-88M/resolve/6f699f128416e8d55d6ab74976e964caec98b157/stomicsdb/STDS0000058_E14.5_E1S3.MOSTA.h5ad
Toycat/SToCorpus-88M,6f699f128416e8d55d6ab74976e964caec98b157,stomicsdb/STDS0000058_E14.5_E1S4.MOSTA.h5ad,2348640226,8dbb3c05d103d8bc6df13427b57623cbbbdb71b1d906746b0674459e5b19ebd3,https://huggingface.co/datasets/Toycat/SToCorpus-88M/resolve/6f699f128416e8d55d6ab74976e964caec98b157/stomicsdb/STDS0000058_E14.5_E1S4.MOSTA.h5ad
Toycat/SToCorpus-88M,6f699f128416e8d55d6ab74976e964caec98b157,stomicsdb/STDS0000058_E14.5_E1S5.MOSTA.h5ad,2100505604,531d1f16a946480d2f98f1868e8ff119cc5e7c07a08dc075bcec78a90d2fd41f,https://huggingface.co/datasets/Toycat/SToCorpus-88M/resolve/6f699f128416e8d55d6ab74976e964caec98b157/stomicsdb/STDS0000058_E14.5_E1S5.MOSTA.h5ad
Toycat/SToCorpus-88M,6f699f128416e8d55d6ab74976e964caec98b157,stomicsdb/STDS0000058_E14.5_E2S1.MOSTA.h5ad,1087829328,206bf7262aafff9c35368eff376ac94ee4631d0bd4d5ebf66113ab9c9d9e97e4,https://huggingface.co/datasets/Toycat/SToCorpus-88M/resolve/6f699f128416e8d55d6ab74976e964caec98b157/stomicsdb/STDS0000058_E14.5_E2S1.MOSTA.h5ad
Toycat/SToCorpus-88M,6f699f128416e8d55d6ab74976e964caec98b157,stomicsdb/STDS0000058_E14.5_E2S2.MOSTA.h5ad,1814643527,51afc9238e60c699c0f5b845e270c4d768d2332b1bbefae3482e80f425d50db1,https://huggingface.co/datasets/Toycat/SToCorpus-88M/resolve/6f699f128416e8d55d6ab74976e964caec98b157/stomicsdb/STDS0000058_E14.5_E2S2.MOSTA.h5ad
Toycat/SToCorpus-88M,6f699f128416e8d55d6ab74976e964caec98b157,stomicsdb/STDS0000058_E15.5_E1S1.MOSTA.h5ad,2045758934,a54a46f9391f02234e6afad6aef5ac861ae3dcaefa13cfd4e496b576e3bc80d2,https://huggingface.co/datasets/Toycat/SToCorpus-88M/resolve/6f699f128416e8d55d6ab74976e964caec98b157/stomicsdb/STDS0000058_E15.5_E1S1.MOSTA.h5ad
Toycat/SToCorpus-88M,6f699f128416e8d55d6ab74976e964caec98b157,stomicsdb/STDS0000058_E15.5_E1S2.MOSTA.h5ad,1797632620,b0262c32420e92d5d1ba580520c3b46832902c785b3fd527eea5d45e1dc2b174,https://huggingface.co/datasets/Toycat/SToCorpus-88M/resolve/6f699f128416e8d55d6ab74976e964caec98b157/stomicsdb/STDS0000058_E15.5_E1S2.MOSTA.h5ad
Toycat/SToCorpus-88M,6f699f128416e8d55d6ab74976e964caec98b157,stomicsdb/STDS0000058_E15.5_E1S3.MOSTA.h5ad,2217812516,d4661099043cdee9935740875193f2b887b3159a1ba18f42fa82d1ed852b4c8f,https://huggingface.co/datasets/Toycat/SToCorpus-88M/resolve/6f699f128416e8d55d6ab74976e964caec98b157/stomicsdb/STDS0000058_E15.5_E1S3.MOSTA.h5ad
Toycat/SToCorpus-88M,6f699f128416e8d55d6ab74976e964caec98b157,stomicsdb/STDS0000058_E15.5_E1S4.MOSTA.h5ad,1696225672,48092649082bfb8335f266df3a3158922c749bc04662738ea38078bfa3f4ebbd,https://huggingface.co/datasets/Toycat/SToCorpus-88M/resolve/6f699f128416e8d55d6ab74976e964caec98b157/stomicsdb/STDS0000058_E15.5_E1S4.MOSTA.h5ad
Toycat/SToCorpus-88M,6f699f128416e8d55d6ab74976e964caec98b157,stomicsdb/STDS0000058_E15.5_E2S1.MOSTA.h5ad,1465341833,72377fd592513006f1cbe4bd5f29740d7ce9eb5a3ea43da903e2d42866b46cf4,https://huggingface.co/datasets/Toycat/SToCorpus-88M/resolve/6f699f128416e8d55d6ab74976e964caec98b157/stomicsdb/STDS0000058_E15.5_E2S1.MOSTA.h5ad
Toycat/SToCorpus-88M,6f699f128416e8d55d6ab74976e964caec98b157,stomicsdb/STDS0000058_E16.5_E1S1.MOSTA.h5ad,2216209282,247dd84899cd36632556441e9316f72134a4c262d46574a4d82c5194a332fab2,https://huggingface.co/datasets/Toycat/SToCorpus-88M/resolve/6f699f128416e8d55d6ab74976e964caec98b157/stomicsdb/STDS0000058_E16.5_E1S1.MOSTA.h5ad
Toycat/SToCorpus-88M,6f699f128416e8d55d6ab74976e964caec98b157,stomicsdb/STDS0000058_E16.5_E1S2.MOSTA.h5ad,1800158356,5c6bf0928b8102320a616b47c3d3d8e6522dd3e309c28e6b7395c9238ebe679d,https://huggingface.co/datasets/Toycat/SToCorpus-88M/resolve/6f699f128416e8d55d6ab74976e964caec98b157/stomicsdb/STDS0000058_E16.5_E1S2.MOSTA.h5ad
Toycat/SToCorpus-88M,6f699f128416e8d55d6ab74976e964caec98b157,stomicsdb/STDS0000058_E16.5_E1S3.MOSTA.h5ad,2685252983,0e14c27de1b165df85346feee3e7b7495b73972d7fc25317b1c042e32dacc3f5,https://huggingface.co/datasets/Toycat/SToCorpus-88M/resolve/6f699f128416e8d55d6ab74976e964caec98b157/stomicsdb/STDS0000058_E16.5_E1S3.MOSTA.h5ad
Toycat/SToCorpus-88M,6f699f128416e8d55d6ab74976e964caec98b157,stomicsdb/STDS0000058_E16.5_E1S4.MOSTA.h5ad,2206702226,3e1a0f65391cb11205c6c05b29da37c7d48685926f542cc4dc10cba6d7ec493a,https://huggingface.co/datasets/Toycat/SToCorpus-88M/resolve/6f699f128416e8d55d6ab74976e964caec98b157/stomicsdb/STDS0000058_E16.5_E1S4.MOSTA.h5ad
Toycat/SToCorpus-88M,6f699f128416e8d55d6ab74976e964caec98b157,stomicsdb/STDS0000058_E16.5_E1S5.MOSTA.h5ad,2147982944,b1c52dd9e842ff61182e3a0d3bc240200ae80791f9948f3a5b236405f16fcf2c,https://huggingface.co/datasets/Toycat/SToCorpus-88M/resolve/6f699f128416e8d55d6ab74976e964caec98b157/stomicsdb/STDS0000058_E16.5_E1S5.MOSTA.h5ad
Toycat/SToCorpus-88M,6f699f128416e8d55d6ab74976e964caec98b157,stomicsdb/STDS0000058_E16.5_E2S1.MOSTA.h5ad,982799047,fbd840bd29c918303d30cbb32ec37852c1bb43a66e302d5f83f88b18e50627ff,https://huggingface.co/datasets/Toycat/SToCorpus-88M/resolve/6f699f128416e8d55d6ab74976e964caec98b157/stomicsdb/STDS0000058_E16.5_E2S1.MOSTA.h5ad
Toycat/SToCorpus-88M,6f699f128416e8d55d6ab74976e964caec98b157,stomicsdb/STDS0000058_E16.5_E2S10.MOSTA.h5ad,1718236220,1f8838d7589b2870cb283d41f6e79d16e1e1267f597423d054453ffc411e0205,https://huggingface.co/datasets/Toycat/SToCorpus-88M/resolve/6f699f128416e8d55d6ab74976e964caec98b157/stomicsdb/STDS0000058_E16.5_E2S10.MOSTA.h5ad
Toycat/SToCorpus-88M,6f699f128416e8d55d6ab74976e964caec98b157,stomicsdb/STDS0000058_E16.5_E2S11.MOSTA.h5ad,1568425936,dbf6ffbd188cf89bf03a8a58e53383197d2f218d0529fadcb2271027006005ea,https://huggingface.co/datasets/Toycat/SToCorpus-88M/resolve/6f699f128416e8d55d6ab74976e964caec98b157/stomicsdb/STDS0000058_E16.5_E2S11.MOSTA.h5ad
Toycat/SToCorpus-88M,6f699f128416e8d55d6ab74976e964caec98b157,stomicsdb/STDS0000058_E16.5_E2S12.MOSTA.h5ad,1260091554,b702520c462bb8ae021f4a3d0774700cc7112655e72c5c4f35816de48c6722d0,https://huggingface.co/datasets/Toycat/SToCorpus-88M/resolve/6f699f128416e8d55d6ab74976e964caec98b157/stomicsdb/STDS0000058_E16.5_E2S12.MOSTA.h5ad
Toycat/SToCorpus-88M,6f699f128416e8d55d6ab74976e964caec98b157,stomicsdb/STDS0000058_E16.5_E2S13.MOSTA.h5ad,1265006686,45fd755ccb85a6bf58573c1aba27911007994e41c9ed434c4fa5c41cabbddb87,https://huggingface.co/datasets/Toycat/SToCorpus-88M/resolve/6f699f128416e8d55d6ab74976e964caec98b157/stomicsdb/STDS0000058_E16.5_E2S13.MOSTA.h5ad
Toycat/SToCorpus-88M,6f699f128416e8d55d6ab74976e964caec98b157,stomicsdb/STDS0000058_E16.5_E2S2.MOSTA.h5ad,1381190790,3b5f630f30f7583439a774c1e795162da6eed38945a03e531222d9d699100aca,https://huggingface.co/datasets/Toycat/SToCorpus-88M/resolve/6f699f128416e8d55d6ab74976e964caec98b157/stomicsdb/STDS0000058_E16.5_E2S2.MOSTA.h5ad
Toycat/SToCorpus-88M,6f699f128416e8d55d6ab74976e964caec98b157,stomicsdb/STDS0000058_E16.5_E2S3.MOSTA.h5ad,1426413164,510202a5201d9a36177af0a2c7fc91617038c8c0f83f54d131b10ca7a752591c,https://huggingface.co/datasets/Toycat/SToCorpus-88M/resolve/6f699f128416e8d55d6ab74976e964caec98b157/stomicsdb/STDS0000058_E16.5_E2S3.MOSTA.h5ad
Toycat/SToCorpus-88M,6f699f128416e8d55d6ab74976e964caec98b157,stomicsdb/STDS0000058_E16.5_E2S4.MOSTA.h5ad,1473526488,e921e539a315b70da114c40cad0608dc19d87342acc9079f6521085531c1993c,https://huggingface.co/datasets/Toycat/SToCorpus-88M/resolve/6f699f128416e8d55d6ab74976e964caec98b157/stomicsdb/STDS0000058_E16.5_E2S4.MOSTA.h5ad
Toycat/SToCorpus-88M,6f699f128416e8d55d6ab74976e964caec98b157,stomicsdb/STDS0000058_E16.5_E2S5.MOSTA.h5ad,2055360170,e3a58808587d0faf00fcbce209da10428f433754ab79e056110bd2346077171f,https://huggingface.co/datasets/Toycat/SToCorpus-88M/resolve/6f699f128416e8d55d6ab74976e964caec98b157/stomicsdb/STDS0000058_E16.5_E2S5.MOSTA.h5ad
Toycat/SToCorpus-88M,6f699f128416e8d55d6ab74976e964caec98b157,stomicsdb/STDS0000058_E16.5_E2S6.MOSTA.h5ad,1910189434,206a8291d0b3a420719eac6dcafdb8ce302b7aaa86bcfa1031d4e157f44041a1,https://huggingface.co/datasets/Toycat/SToCorpus-88M/resolve/6f699f128416e8d55d6ab74976e964caec98b157/stomicsdb/STDS0000058_E16.5_E2S6.MOSTA.h5ad
Toycat/SToCorpus-88M,6f699f128416e8d55d6ab74976e964caec98b157,stomicsdb/STDS0000058_E16.5_E2S7.MOSTA.h5ad,2221872217,553cf82805d8cc2685baf47188ec2a62dfcc444335950372b0c745f732e6f793,https://huggingface.co/datasets/Toycat/SToCorpus-88M/resolve/6f699f128416e8d55d6ab74976e964caec98b157/stomicsdb/STDS0000058_E16.5_E2S7.MOSTA.h5ad
Toycat/SToCorpus-88M,6f699f128416e8d55d6ab74976e964caec98b157,stomicsdb/STDS0000058_E16.5_E2S8.MOSTA.h5ad,1996474746,8060ae20cb83026411eb275d92d0e8ce5c1cd3b25f47422c2c29c642edce6a5f,https://huggingface.co/datasets/Toycat/SToCorpus-88M/resolve/6f699f128416e8d55d6ab74976e964caec98b157/stomicsdb/STDS0000058_E16.5_E2S8.MOSTA.h5ad
Toycat/SToCorpus-88M,6f699f128416e8d55d6ab74976e964caec98b157,stomicsdb/STDS0000058_E16.5_E2S9.MOSTA.h5ad,2504251588,7a7b124f1f75183dd847261f0df1627646f339fa469d6e5e3c5b7642f5bf1e5f,https://huggingface.co/datasets/Toycat/SToCorpus-88M/resolve/6f699f128416e8d55d6ab74976e964caec98b157/stomicsdb/STDS0000058_E16.5_E2S9.MOSTA.h5ad
Toycat/SToCorpus-88M,6f699f128416e8d55d6ab74976e964caec98b157,stomicsdb/STDS0000058_E9.5_E1S1.MOSTA.h5ad,204888514,6e6f6a79ef4658d3b8f3e08adaca6aefdbbeba8e1e3207c9fce549966f317976,https://huggingface.co/datasets/Toycat/SToCorpus-88M/resolve/6f699f128416e8d55d6ab74976e964caec98b157/stomicsdb/STDS0000058_E9.5_E1S1.MOSTA.h5ad
Toycat/SToCorpus-88M,6f699f128416e8d55d6ab74976e964caec98b157,stomicsdb/STDS0000058_E9.5_E2S1.MOSTA.h5ad,177697596,2edf8d9d8622bcae4cb649c443e1850f3868351978f58ca55d391f3b56f561f8,https://huggingface.co/datasets/Toycat/SToCorpus-88M/resolve/6f699f128416e8d55d6ab74976e964caec98b157/stomicsdb/STDS0000058_E9.5_E2S1.MOSTA.h5ad
Toycat/SToCorpus-88M,6f699f128416e8d55d6ab74976e964caec98b157,stomicsdb/STDS0000058_E9.5_E2S2.MOSTA.h5ad,137793786,aeb8b9a668ea9ea8aec3bb3259d8fc5e37b8abb93942fd0f9b92e39f8e126b2e,https://huggingface.co/datasets/Toycat/SToCorpus-88M/resolve/6f699f128416e8d55d6ab74976e964caec98b157/stomicsdb/STDS0000058_E9.5_E2S2.MOSTA.h5ad
Toycat/SToCorpus-88M,6f699f128416e8d55d6ab74976e964caec98b157,stomicsdb/STDS0000058_E9.5_E2S3.MOSTA.h5ad,163857164,28817aca82b12058483d410b86da458493dd97616f4572ce0605d2e201e95bf2,https://huggingface.co/datasets/Toycat/SToCorpus-88M/resolve/6f699f128416e8d55d6ab74976e964caec98b157/stomicsdb/STDS0000058_E9.5_E2S3.MOSTA.h5ad
Toycat/SToCorpus-88M,6f699f128416e8d55d6ab74976e964caec98b157,stomicsdb/STDS0000058_E9.5_E2S4.MOSTA.h5ad,143419202,3c4a7a5740441de2c5e9d1c5cbd7382da8a963648bed805e9946585707b76936,https://huggingface.co/datasets/Toycat/SToCorpus-88M/resolve/6f699f128416e8d55d6ab74976e964caec98b157/stomicsdb/STDS0000058_E9.5_E2S4.MOSTA.h5ad
Toycat/SToCorpus-88M,6f699f128416e8d55d6ab74976e964caec98b157,stomicsdb/STDS0000062_FP200000498TL_D2_stereoseq.h5ad,4055661707,398091ef57b41eeee0f0e6f25864192dcfe5a8ceeae8aa4ae111058d34306da0,https://huggingface.co/datasets/Toycat/SToCorpus-88M/resolve/6f699f128416e8d55d6ab74976e964caec98b157/stomicsdb/STDS0000062_FP200000498TL_D2_stereoseq.h5ad
Toycat/SToCorpus-88M,6f699f128416e8d55d6ab74976e964caec98b157,stomicsdb/STDS0000062_FP200000498TL_E4_stereoseq.h5ad,3865200423,be71717a6c65d0306d59a466c6db1e7e87b16bb13c6f5838833caa9e99402e63,https://huggingface.co/datasets/Toycat/SToCorpus-88M/resolve/6f699f128416e8d55d6ab74976e964caec98b157/stomicsdb/STDS0000062_FP200000498TL_E4_stereoseq.h5ad
Toycat/SToCorpus-88M,6f699f128416e8d55d6ab74976e964caec98b157,stomicsdb/STDS0000062_FP200000498TL_E5_stereoseq.h5ad,3975316049,03466013af647bdcd18143a2902e78d0c718d54f46302bf18d37bad334280323,https://huggingface.co/datasets/Toycat/SToCorpus-88M/resolve/6f699f128416e8d55d6ab74976e964caec98b157/stomicsdb/STDS0000062_FP200000498TL_E5_stereoseq.h5ad
Toycat/SToCorpus-88M,6f699f128416e8d55d6ab74976e964caec98b157,stomicsdb/STDS0000071_1_GSE113576_Moffitt_and_Bambah-Mukku_et_al_merfish_processed.h5ad,114710261,f8a50edb74aae6a0cbdf2f062495b6142e37bcc2503b95a92190b527d180a11e,https://huggingface.co/datasets/Toycat/SToCorpus-88M/resolve/6f699f128416e8d55d6ab74976e964caec98b157/stomicsdb/STDS0000071_1_GSE113576_Moffitt_and_Bambah-Mukku_et_al_merfish_processed.h5ad
Toycat/SToCorpus-88M,6f699f128416e8d55d6ab74976e964caec98b157,stomicsdb/STDS0000071_2_GSE113576_Moffitt_and_Bambah-Mukku_et_al_merfish_processed.h5ad,119070475,bb2f59aa00b8fdec23997098965a9fdb7440a7b39ccb1d08a34a0725d2745341,https://huggingface.co/datasets/Toycat/SToCorpus-88M/resolve/6f699f128416e8d55d6ab74976e964caec98b157/stomicsdb/STDS0000071_2_GSE113576_Moffitt_and_Bambah-Mukku_et_al_merfish_processed.h5ad
Toycat/SToCorpus-88M,6f699f128416e8d55d6ab74976e964caec98b157,stomicsdb/STDS0000071_3_GSE113576_Moffitt_and_Bambah-Mukku_et_al_merfish_processed.h5ad,130477240,756ffdaa4ff0010343ef600634844d87a1e49d55a95bd9d10fdaf1711129c11c,https://huggingface.co/datasets/Toycat/SToCorpus-88M/resolve/6f699f128416e8d55d6ab74976e964caec98b157/stomicsdb/STDS0000071_3_GSE113576_Moffitt_and_Bambah-Mukku_et_al_merfish_processed.h5ad
Toycat/SToCorpus-88M,6f699f128416e8d55d6ab74976e964caec98b157,stomicsdb/STDS0000071_4_GSE113576_Moffitt_and_Bambah-Mukku_et_al_merfish_processed.h5ad,137997433,e02c499435b7fa0f2248add0ac99cb135fda708d6544a2381014823ab6f71299,https://huggingface.co/datasets/Toycat/SToCorpus-88M/resolve/6f699f128416e8d55d6ab74976e964caec98b157/stomicsdb/STDS0000071_4_GSE113576_Moffitt_and_Bambah-Mukku_et_al_merfish_processed.h5ad
Toycat/SToCorpus-88M,6f699f128416e8d55d6ab74976e964caec98b157,stomicsdb/STDS0000071_5_GSE113576_Moffitt_and_Bambah-Mukku_et_al_merfish_processed.h5ad,137084261,ffdfd031834330b52642b201b52d53d5c19cf6ce14624f00cf9d98b138299d2d,https://huggingface.co/datasets/Toycat/SToCorpus-88M/resolve/6f699f128416e8d55d6ab74976e964caec98b157/stomicsdb/STDS0000071_5_GSE113576_Moffitt_and_Bambah-Mukku_et_al_merfish_processed.h5ad
Toycat/SToCorpus-88M,6f699f128416e8d55d6ab74976e964caec98b157,stomicsdb/STDS0000071_6_GSE113576_Moffitt_and_Bambah-Mukku_et_al_merfish_processed.h5ad,130800082,c0d117aaafea5f2a1e7c27b95350cb621772480dc7e884f7b52dc068847f3198,https://huggingface.co/datasets/Toycat/SToCorpus-88M/resolve/6f699f128416e8d55d6ab74976e964caec98b157/stomicsdb/STDS0000071_6_GSE113576_Moffitt_and_Bambah-Mukku_et_al_merfish_processed.h5ad
Toycat/SToCorpus-88M,6f699f128416e8d55d6ab74976e964caec98b157,stomicsdb/STDS0000139_MouseBrain_P7_section1_singlecell.h5ad,630741398,a1d8a0d847fce0b2736d0bce36bb5f86702849b6caa27adc5d96773167dc850e,https://huggingface.co/datasets/Toycat/SToCorpus-88M/resolve/6f699f128416e8d55d6ab74976e964caec98b157/stomicsdb/STDS0000139_MouseBrain_P7_section1_singlecell.h5ad
Toycat/SToCorpus-88M,6f699f128416e8d55d6ab74976e964caec98b157,stomicsdb/STDS0000142_GSM5173925_GSM5173925_OB1-Slide01_slide-seqv2_processed.h5ad,93428078,ad045be3f5f9439a44b273040986e03ff9818aa4ee5a717a155b7f113d9ea08a,https://huggingface.co/datasets/Toycat/SToCorpus-88M/resolve/6f699f128416e8d55d6ab74976e964caec98b157/stomicsdb/STDS0000142_GSM5173925_GSM5173925_OB1-Slide01_slide-seqv2_processed.h5ad
Toycat/SToCorpus-88M,6f699f128416e8d55d6ab74976e964caec98b157,stomicsdb/STDS0000142_GSM5173927_GSM5173927_OB1-Slide03_slide-seqv2_processed.h5ad,117171042,2320a1da1ea5423de4073915f545e95629cbe76d8928220782fc709315f9d0d7,https://huggingface.co/datasets/Toycat/SToCorpus-88M/resolve/6f699f128416e8d55d6ab74976e964caec98b157/stomicsdb/STDS0000142_GSM5173927_GSM5173927_OB1-Slide03_slide-seqv2_processed.h5ad
Toycat/SToCorpus-88M,6f699f128416e8d55d6ab74976e964caec98b157,stomicsdb/STDS0000142_GSM5173928_GSM5173928_OB1-Slide04_slide-seqv2_processed.h5ad,126837480,cdd99118ba4200d8b817b797bff14389c8efcfff53bfef3a14a34fdee21ae14f,https://huggingface.co/datasets/Toycat/SToCorpus-88M/resolve/6f699f128416e8d55d6ab74976e964caec98b157/stomicsdb/STDS0000142_GSM5173928_GSM5173928_OB1-Slide04_slide-seqv2_processed.h5ad
Toycat/SToCorpus-88M,6f699f128416e8d55d6ab74976e964caec98b157,stomicsdb/STDS0000142_GSM5173929_GSM5173929_OB1-Slide05_slide-seqv2_processed.h5ad,150522220,1c34ef1635635921ad335620be08ea8a4ad6dc4eb0ff3db490b14c4e7e8f8e68,https://huggingface.co/datasets/Toycat/SToCorpus-88M/resolve/6f699f128416e8d55d6ab74976e964caec98b157/stomicsdb/STDS0000142_GSM5173929_GSM5173929_OB1-Slide05_slide-seqv2_processed.h5ad
Toycat/SToCorpus-88M,6f699f128416e8d55d6ab74976e964caec98b157,stomicsdb/STDS0000142_GSM5173930_GSM5173930_OB1-Slide06_slide-seqv2_processed.h5ad,153614704,96719b426a156efba5c3137c93a201808ddf190faf3cee9e378178b05fefa56a,https://huggingface.co/datasets/Toycat/SToCorpus-88M/resolve/6f699f128416e8d55d6ab74976e964caec98b157/stomicsdb/STDS0000142_GSM5173930_GSM5173930_OB1-Slide06_slide-seqv2_processed.h5ad
Toycat/SToCorpus-88M,6f699f128416e8d55d6ab74976e964caec98b157,stomicsdb/STDS0000142_GSM5173931_GSM5173931_OB1-Slide07_slide-seqv2_processed.h5ad,136740396,6143fe08c7d6422b3b200f1c79a2db76f4f820e94b9060fcb9f958728a32aade,https://huggingface.co/datasets/Toycat/SToCorpus-88M/resolve/6f699f128416e8d55d6ab74976e964caec98b157/stomicsdb/STDS0000142_GSM5173931_GSM5173931_OB1-Slide07_slide-seqv2_processed.h5ad
Toycat/SToCorpus-88M,6f699f128416e8d55d6ab74976e964caec98b157,stomicsdb/STDS0000142_GSM5173932_GSM5173932_OB1-Slide08_slide-seqv2_processed.h5ad,142810768,9b2d8c9475d8a064ff5a829d621cfffb85a8be0a2b2aa49d19e2687c1e917ba7,https://huggingface.co/datasets/Toycat/SToCorpus-88M/resolve/6f699f128416e8d55d6ab74976e964caec98b157/stomicsdb/STDS0000142_GSM5173932_GSM5173932_OB1-Slide08_slide-seqv2_processed.h5ad
Toycat/SToCorpus-88M,6f699f128416e8d55d6ab74976e964caec98b157,stomicsdb/STDS0000142_GSM5173933_GSM5173933_OB1-Slide09_slide-seqv2_processed.h5ad,171844504,e3b1b3e44ffbdbb89d6d21e5f4116e0d50f611fc021d874926b3d87ba844fc94,https://huggingface.co/datasets/Toycat/SToCorpus-88M/resolve/6f699f128416e8d55d6ab74976e964caec98b157/stomicsdb/STDS0000142_GSM5173933_GSM5173933_OB1-Slide09_slide-seqv2_processed.h5ad
Toycat/SToCorpus-88M,6f699f128416e8d55d6ab74976e964caec98b157,stomicsdb/STDS0000142_GSM5173934_GSM5173934_OB1-Slide10_slide-seqv2_processed.h5ad,160683954,f2ed3274c6cce95dac129007233879db26bcbec79a3b9ca6c1cd98a8d5104703,https://huggingface.co/datasets/Toycat/SToCorpus-88M/resolve/6f699f128416e8d55d6ab74976e964caec98b157/stomicsdb/STDS0000142_GSM5173934_GSM5173934_OB1-Slide10_slide-seqv2_processed.h5ad
Toycat/SToCorpus-88M,6f699f128416e8d55d6ab74976e964caec98b157,stomicsdb/STDS0000142_GSM5173935_GSM5173935_OB1-Slide11_slide-seqv2_processed.h5ad,164939014,cfe9f16ee3501e729678372fd1143790b976efffe989b3dce6da8f34373164ef,https://huggingface.co/datasets/Toycat/SToCorpus-88M/resolve/6f699f128416e8d55d6ab74976e964caec98b157/stomicsdb/STDS0000142_GSM5173935_GSM5173935_OB1-Slide11_slide-seqv2_processed.h5ad
Toycat/SToCorpus-88M,6f699f128416e8d55d6ab74976e964caec98b157,stomicsdb/STDS0000142_GSM5173936_GSM5173936_OB1-Slide12_slide-seqv2_processed.h5ad,170625042,72f3941c0c9e0787b713503f652f87e03617108db721d728dac0b7178960e3a5,https://huggingface.co/datasets/Toycat/SToCorpus-88M/resolve/6f699f128416e8d55d6ab74976e964caec98b157/stomicsdb/STDS0000142_GSM5173936_GSM5173936_OB1-Slide12_slide-seqv2_processed.h5ad
Toycat/SToCorpus-88M,6f699f128416e8d55d6ab74976e964caec98b157,stomicsdb/STDS0000142_GSM5173937_GSM5173937_OB1-Slide13_slide-seqv2_processed.h5ad,143265248,e44ccd84bb9f7eda72da3d52da3d520e52249b0d032c2a878b0d0b27a75584d6,https://huggingface.co/datasets/Toycat/SToCorpus-88M/resolve/6f699f128416e8d55d6ab74976e964caec98b157/stomicsdb/STDS0000142_GSM5173937_GSM5173937_OB1-Slide13_slide-seqv2_processed.h5ad
Toycat/SToCorpus-88M,6f699f128416e8d55d6ab74976e964caec98b157,stomicsdb/STDS0000142_GSM5173938_GSM5173938_OB1-Slide14_slide-seqv2_processed.h5ad,133926926,084f0954585c5ae75ab59b245487d825057e37807a80108f610f5bbe7ee73c68,https://huggingface.co/datasets/Toycat/SToCorpus-88M/resolve/6f699f128416e8d55d6ab74976e964caec98b157/stomicsdb/STDS0000142_GSM5173938_GSM5173938_OB1-Slide14_slide-seqv2_processed.h5ad
Toycat/SToCorpus-88M,6f699f128416e8d55d6ab74976e964caec98b157,stomicsdb/STDS0000142_GSM5173939_GSM5173939_OB1-Slide15_slide-seqv2_processed.h5ad,145320002,1542b8aa798676d0ef6af70b0b96eefc7b59ed2f1e13d14694f021aeb992ee90,https://huggingface.co/datasets/Toycat/SToCorpus-88M/resolve/6f699f128416e8d55d6ab74976e964caec98b157/stomicsdb/STDS0000142_GSM5173939_GSM5173939_OB1-Slide15_slide-seqv2_processed.h5ad
Toycat/SToCorpus-88M,6f699f128416e8d55d6ab74976e964caec98b157,stomicsdb/STDS0000142_GSM5173940_GSM5173940_OB1-Slide16_slide-seqv2_processed.h5ad,136630538,52cb80a5d1a200a2ee8844d7caf36fc1f0b2ee02abcdd5c01d218927f4223138,https://huggingface.co/datasets/Toycat/SToCorpus-88M/resolve/6f699f128416e8d55d6ab74976e964caec98b157/stomicsdb/STDS0000142_GSM5173940_GSM5173940_OB1-Slide16_slide-seqv2_processed.h5ad
Toycat/SToCorpus-88M,6f699f128416e8d55d6ab74976e964caec98b157,stomicsdb/STDS0000142_GSM5173941_GSM5173941_OB1-Slide17_slide-seqv2_processed.h5ad,121080888,c7907df59b27bea6ce3850c2c9ae21fd430814de2963cf464e493e9763b67fa2,https://huggingface.co/datasets/Toycat/SToCorpus-88M/resolve/6f699f128416e8d55d6ab74976e964caec98b157/stomicsdb/STDS0000142_GSM5173941_GSM5173941_OB1-Slide17_slide-seqv2_processed.h5ad
Toycat/SToCorpus-88M,6f699f128416e8d55d6ab74976e964caec98b157,stomicsdb/STDS0000142_GSM5173942_GSM5173942_OB1-Slide18_slide-seqv2_processed.h5ad,124835490,753c4ab180d209ba149773479c1d81a7c8132b20f32165e77e4680458ba52c2b,https://huggingface.co/datasets/Toycat/SToCorpus-88M/resolve/6f699f128416e8d55d6ab74976e964caec98b157/stomicsdb/STDS0000142_GSM5173942_GSM5173942_OB1-Slide18_slide-seqv2_processed.h5ad
Toycat/SToCorpus-88M,6f699f128416e8d55d6ab74976e964caec98b157,stomicsdb/STDS0000142_GSM5173943_GSM5173943_OB1-Slide19_slide-seqv2_processed.h5ad,132060126,98f8761c499642be57d9973a6ab8517aa34b56f5f7da193178c5050b7ec98394,https://huggingface.co/datasets/Toycat/SToCorpus-88M/resolve/6f699f128416e8d55d6ab74976e964caec98b157/stomicsdb/STDS0000142_GSM5173943_GSM5173943_OB1-Slide19_slide-seqv2_processed.h5ad
Toycat/SToCorpus-88M,6f699f128416e8d55d6ab74976e964caec98b157,stomicsdb/STDS0000142_GSM5173944_GSM5173944_OB1-Slide20_slide-seqv2_processed.h5ad,121858932,79f5f32f6bf50b1bca5ebec62485f034eda70563057fbdc826200e2a6cfc8ad3,https://huggingface.co/datasets/Toycat/SToCorpus-88M/resolve/6f699f128416e8d55d6ab74976e964caec98b157/stomicsdb/STDS0000142_GSM5173944_GSM5173944_OB1-Slide20_slide-seqv2_processed.h5ad
Toycat/SToCorpus-88M,6f699f128416e8d55d6ab74976e964caec98b157,stomicsdb/STDS0000142_GSM5173945_GSM5173945_OB2-Slide01_slide-seqv2_processed.h5ad,73899266,c9561371e065ed63d679a4143462fdd2b3bedb87f3d65431c1bb1c12d4b18747,https://huggingface.co/datasets/Toycat/SToCorpus-88M/resolve/6f699f128416e8d55d6ab74976e964caec98b157/stomicsdb/STDS0000142_GSM5173945_GSM5173945_OB2-Slide01_slide-seqv2_processed.h5ad
Toycat/SToCorpus-88M,6f699f128416e8d55d6ab74976e964caec98b157,stomicsdb/STDS0000142_GSM5173946_GSM5173946_OB2-Slide02_slide-seqv2_processed.h5ad,87339674,49704025b4e673fb25eff884cb28a09f16a2687de4c96add91a503fbd40c55b2,https://huggingface.co/datasets/Toycat/SToCorpus-88M/resolve/6f699f128416e8d55d6ab74976e964caec98b157/stomicsdb/STDS0000142_GSM5173946_GSM5173946_OB2-Slide02_slide-seqv2_processed.h5ad
Toycat/SToCorpus-88M,6f699f128416e8d55d6ab74976e964caec98b157,stomicsdb/STDS0000142_GSM5173947_GSM5173947_OB2-Slide03_slide-seqv2_processed.h5ad,114090298,fb825dc313ace2162eb4e5878c45b26ea547b5b9050ce8e2f1637ff0b8b67ca9,https://huggingface.co/datasets/Toycat/SToCorpus-88M/resolve/6f699f128416e8d55d6ab74976e964caec98b157/stomicsdb/STDS0000142_GSM5173947_GSM5173947_OB2-Slide03_slide-seqv2_processed.h5ad
Toycat/SToCorpus-88M,6f699f128416e8d55d6ab74976e964caec98b157,stomicsdb/STDS0000142_GSM5173948_GSM5173948_OB2-Slide04_slide-seqv2_processed.h5ad,122521944,401321b80a1eb6a12918d52092e038dc0c9c67d70276402bbbfdf530996222f9,https://huggingface.co/datasets/Toycat/SToCorpus-88M/resolve/6f699f128416e8d55d6ab74976e964caec98b157/stomicsdb/STDS0000142_GSM5173948_GSM5173948_OB2-Slide04_slide-seqv2_processed.h5ad
Toycat/SToCorpus-88M,6f699f128416e8d55d6ab74976e964caec98b157,stomicsdb/STDS0000142_GSM5173949_GSM5173949_OB2-Slide05_slide-seqv2_processed.h5ad,95830206,206b1d334332f2c2f0097bee6fcb8f479e56ed06fdd03c53e7e7a78ca712d1a8,https://huggingface.co/datasets/Toycat/SToCorpus-88M/resolve/6f699f128416e8d55d6ab74976e964caec98b157/stomicsdb/STDS0000142_GSM5173949_GSM5173949_OB2-Slide05_slide-seqv2_processed.h5ad
Toycat/SToCorpus-88M,6f699f128416e8d55d6ab74976e964caec98b157,stomicsdb/STDS0000142_GSM5173950_GSM5173950_OB2-Slide06_slide-seqv2_processed.h5ad,122904918,b105158741b1c1267b2e9557e223cf284e9cb835e4ad71224723a0a9468fc533,https://huggingface.co/datasets/Toycat/SToCorpus-88M/resolve/6f699f128416e8d55d6ab74976e964caec98b157/stomicsdb/STDS0000142_GSM5173950_GSM5173950_OB2-Slide06_slide-seqv2_processed.h5ad
Toycat/SToCorpus-88M,6f699f128416e8d55d6ab74976e964caec98b157,stomicsdb/STDS0000142_GSM5173951_GSM5173951_OB2-Slide07_slide-seqv2_processed.h5ad,120751660,83abf73544035e394ac28ed88c6ca8043d9666ffc5910ef90c609c74cc44e64a,https://huggingface.co/datasets/Toycat/SToCorpus-88M/resolve/6f699f128416e8d55d6ab74976e964caec98b157/stomicsdb/STDS0000142_GSM5173951_GSM5173951_OB2-Slide07_slide-seqv2_processed.h5ad
Toycat/SToCorpus-88M,6f699f128416e8d55d6ab74976e964caec98b157,stomicsdb/STDS0000142_GSM5173952_GSM5173952_OB2-Slide08_slide-seqv2_processed.h5ad,89665702,37a90619c1668bd50aad27c5d4e56ae87aae1ce5cacd06d5452b06044cc3804a,https://huggingface.co/datasets/Toycat/SToCorpus-88M/resolve/6f699f128416e8d55d6ab74976e964caec98b157/stomicsdb/STDS0000142_GSM5173952_GSM5173952_OB2-Slide08_slide-seqv2_processed.h5ad
Toycat/SToCorpus-88M,6f699f128416e8d55d6ab74976e964caec98b157,stomicsdb/STDS0000142_GSM5173953_GSM5173953_OB2-Slide09_slide-seqv2_processed.h5ad,109735718,b05c54ba2832634fcaeb9f45ab1435b04a56d80bb1a59b54f379b996763feb16,https://huggingface.co/datasets/Toycat/SToCorpus-88M/resolve/6f699f128416e8d55d6ab74976e964caec98b157/stomicsdb/STDS0000142_GSM5173953_GSM5173953_OB2-Slide09_slide-seqv2_processed.h5ad
Toycat/SToCorpus-88M,6f699f128416e8d55d6ab74976e964caec98b157,stomicsdb/STDS0000142_GSM5173954_GSM5173954_OB2-Slide10_slide-seqv2_processed.h5ad,107306424,95b89f823157fbf40c5c47515b2251fa800826b71752b59339c2f20cdc5d8d12,https://huggingface.co/datasets/Toycat/SToCorpus-88M/resolve/6f699f128416e8d55d6ab74976e964caec98b157/stomicsdb/STDS0000142_GSM5173954_GSM5173954_OB2-Slide10_slide-seqv2_processed.h5ad
Toycat/SToCorpus-88M,6f699f128416e8d55d6ab74976e964caec98b157,stomicsdb/STDS0000142_GSM5173955_GSM5173955_OB2-Slide11_slide-seqv2_processed.h5ad,113489388,86dc6a124602127636a6ee71f7e99b82242966d572215e593d7b6e6821be658f,https://huggingface.co/datasets/Toycat/SToCorpus-88M/resolve/6f699f128416e8d55d6ab74976e964caec98b157/stomicsdb/STDS0000142_GSM5173955_GSM5173955_OB2-Slide11_slide-seqv2_processed.h5ad
Toycat/SToCorpus-88M,6f699f128416e8d55d6ab74976e964caec98b157,stomicsdb/STDS0000142_GSM5173956_GSM5173956_OB2-Slide12_slide-seqv2_processed.h5ad,109158860,e50c676bd9a105779ac57d1b52b195de749183aa7a8749df1067ad7885107093,https://huggingface.co/datasets/Toycat/SToCorpus-88M/resolve/6f699f128416e8d55d6ab74976e964caec98b157/stomicsdb/STDS0000142_GSM5173956_GSM5173956_OB2-Slide12_slide-seqv2_processed.h5ad
Toycat/SToCorpus-88M,6f699f128416e8d55d6ab74976e964caec98b157,stomicsdb/STDS0000142_GSM5173957_GSM5173957_OB2-Slide13_slide-seqv2_processed.h5ad,104609484,50ce84927c1332b7df665441a00db1d52169e0ce14b0cbac73612229d65ca249,https://huggingface.co/datasets/Toycat/SToCorpus-88M/resolve/6f699f128416e8d55d6ab74976e964caec98b157/stomicsdb/STDS0000142_GSM5173957_GSM5173957_OB2-Slide13_slide-seqv2_processed.h5ad
Toycat/SToCorpus-88M,6f699f128416e8d55d6ab74976e964caec98b157,stomicsdb/STDS0000142_GSM5173958_GSM5173958_OB2-Slide14_slide-seqv2_processed.h5ad,128139072,9d751598208900edb1c033a83c0dd469da51e415b708967dc6213c6300dc68f6,https://huggingface.co/datasets/Toycat/SToCorpus-88M/resolve/6f699f128416e8d55d6ab74976e964caec98b157/stomicsdb/STDS0000142_GSM5173958_GSM5173958_OB2-Slide14_slide-seqv2_processed.h5ad
Toycat/SToCorpus-88M,6f699f128416e8d55d6ab74976e964caec98b157,stomicsdb/STDS0000142_GSM5173959_GSM5173959_OB2-Slide15_slide-seqv2_processed.h5ad,132678164,b3fa95066872718851865d5905094681e1ea278d5c364dcd2b71c94dc27d3762,https://huggingface.co/datasets/Toycat/SToCorpus-88M/resolve/6f699f128416e8d55d6ab74976e964caec98b157/stomicsdb/STDS0000142_GSM5173959_GSM5173959_OB2-Slide15_slide-seqv2_processed.h5ad
Toycat/SToCorpus-88M,6f699f128416e8d55d6ab74976e964caec98b157,stomicsdb/STDS0000142_GSM5173960_GSM5173960_OB2-Slide16_slide-seqv2_processed.h5ad,133613340,b4f271f3bc71a6cef186acb0af34b28bf60065ac2076388037ec512275e2c749,https://huggingface.co/datasets/Toycat/SToCorpus-88M/resolve/6f699f128416e8d55d6ab74976e964caec98b157/stomicsdb/STDS0000142_GSM5173960_GSM5173960_OB2-Slide16_slide-seqv2_processed.h5ad
Toycat/SToCorpus-88M,6f699f128416e8d55d6ab74976e964caec98b157,stomicsdb/STDS0000142_GSM5173961_GSM5173961_OB2-Slide17_slide-seqv2_processed.h5ad,130073268,6ee53cfea790ec85a6b05a96f53c7791adbce2a243ab51d2f6900940cbdf2a7f,https://huggingface.co/datasets/Toycat/SToCorpus-88M/resolve/6f699f128416e8d55d6ab74976e964caec98b157/stomicsdb/STDS0000142_GSM5173961_GSM5173961_OB2-Slide17_slide-seqv2_processed.h5ad
Toycat/SToCorpus-88M,6f699f128416e8d55d6ab74976e964caec98b157,stomicsdb/STDS0000142_GSM5173962_GSM5173962_OB2-Slide18_slide-seqv2_processed.h5ad,119608762,363f1802e8d1ab55284bf5ccfa4eb56e267daa6835e7f9e992cd61e5e7382283,https://huggingface.co/datasets/Toycat/SToCorpus-88M/resolve/6f699f128416e8d55d6ab74976e964caec98b157/stomicsdb/STDS0000142_GSM5173962_GSM5173962_OB2-Slide18_slide-seqv2_processed.h5ad
Toycat/SToCorpus-88M,6f699f128416e8d55d6ab74976e964caec98b157,stomicsdb/STDS0000142_GSM5173963_GSM5173963_OB2-Slide19_slide-seqv2_processed.h5ad,126627920,2e8ec22fcd575d1a5ad776b14f1d2cb8fa5e0946430a39de7a56ce0a4649a2cd,https://huggingface.co/datasets/Toycat/SToCorpus-88M/resolve/6f699f128416e8d55d6ab74976e964caec98b157/stomicsdb/STDS0000142_GSM5173963_GSM5173963_OB2-Slide19_slide-seqv2_processed.h5ad
Toycat/SToCorpus-88M,6f699f128416e8d55d6ab74976e964caec98b157,stomicsdb/STDS0000142_GSM5173964_GSM5173964_OB2-Slide20_slide-seqv2_processed.h5ad,42681710,bfdd4f904eca6372d477126a1b1b67941c95792c2308b3dbcc81ebbfe9e79208,https://huggingface.co/datasets/Toycat/SToCorpus-88M/resolve/6f699f128416e8d55d6ab74976e964caec98b157/stomicsdb/STDS0000142_GSM5173964_GSM5173964_OB2-Slide20_slide-seqv2_processed.h5ad
Toycat/SToCorpus-88M,6f699f128416e8d55d6ab74976e964caec98b157,stomicsdb/STDS0000172_STSP0005373_GSM5173925_OB1_Slide1_processed.h5ad,94055067,61d3ca700ecb595a994dfdc9d47e9533e96c0a5e8b0ad136012e414cd5563e13,https://huggingface.co/datasets/Toycat/SToCorpus-88M/resolve/6f699f128416e8d55d6ab74976e964caec98b157/stomicsdb/STDS0000172_STSP0005373_GSM5173925_OB1_Slide1_processed.h5ad
Toycat/SToCorpus-88M,6f699f128416e8d55d6ab74976e964caec98b157,stomicsdb/STDS0000172_STSP0005374_GSM5173926_OB1_Slide2_processed.h5ad,111683875,da20a5fe350669b5653e50459b8016f7e5759c8d71c69792e5619d77a353c47d,https://huggingface.co/datasets/Toycat/SToCorpus-88M/resolve/6f699f128416e8d55d6ab74976e964caec98b157/stomicsdb/STDS0000172_STSP0005374_GSM5173926_OB1_Slide2_processed.h5ad
Toycat/SToCorpus-88M,6f699f128416e8d55d6ab74976e964caec98b157,stomicsdb/STDS0000172_STSP0005375_GSM5173927_OB1_Slide3_processed.h5ad,118082285,2e73e22a1f3e158c4204ab181ff0aea6ddf0bc5c9d790ed6fa9c9d2d27d0e1d6,https://huggingface.co/datasets/Toycat/SToCorpus-88M/resolve/6f699f128416e8d55d6ab74976e964caec98b157/stomicsdb/STDS0000172_STSP0005375_GSM5173927_OB1_Slide3_processed.h5ad
Toycat/SToCorpus-88M,6f699f128416e8d55d6ab74976e964caec98b157,stomicsdb/STDS0000172_STSP0005376_GSM5173928_OB1_Slide4_processed.h5ad,127853136,8c723441373ed33af439963521a32001a07c4dce1c96227ab544fc8c835f5eef,https://huggingface.co/datasets/Toycat/SToCorpus-88M/resolve/6f699f128416e8d55d6ab74976e964caec98b157/stomicsdb/STDS0000172_STSP0005376_GSM5173928_OB1_Slide4_processed.h5ad
Toycat/SToCorpus-88M,6f699f128416e8d55d6ab74976e964caec98b157,stomicsdb/STDS0000172_STSP0005377_GSM5173929_OB1_Slide5_processed.h5ad,151884086,06411071bf78e8e7a8ecac6ebed06d0202eef228c78ac5ac24fd8dc80494054e,https://huggingface.co/datasets/Toycat/SToCorpus-88M/resolve/6f699f128416e8d55d6ab74976e964caec98b157/stomicsdb/STDS0000172_STSP0005377_GSM5173929_OB1_Slide5_processed.h5ad
Toycat/SToCorpus-88M,6f699f128416e8d55d6ab74976e964caec98b157,stomicsdb/STDS0000172_STSP0005378_GSM5173930_OB1_Slide6_processed.h5ad,154894956,1287e1715e692c8d25b3b7f0aba3542732b02e1d0d16828563dd05f232705844,https://huggingface.co/datasets/Toycat/SToCorpus-88M/resolve/6f699f128416e8d55d6ab74976e964caec98b157/stomicsdb/STDS0000172_STSP0005378_GSM5173930_OB1_Slide6_processed.h5ad
Toycat/SToCorpus-88M,6f699f128416e8d55d6ab74976e964caec98b157,stomicsdb/STDS0000172_STSP0005379_GSM5173931_OB1_Slide7_processed.h5ad,137943042,899dad1b1b29ed899307aa1e05a54a34151abfcbaa9dee007d0602374ac8b213,https://huggingface.co/datasets/Toycat/SToCorpus-88M/resolve/6f699f128416e8d55d6ab74976e964caec98b157/stomicsdb/STDS0000172_STSP0005379_GSM5173931_OB1_Slide7_processed.h5ad
Toycat/SToCorpus-88M,6f699f128416e8d55d6ab74976e964caec98b157,stomicsdb/STDS0000172_STSP0005380_GSM5173932_OB1_Slide8_processed.h5ad,143931096,3a83566d0903db1220cf99374c60bc78c4083d85b8ed00a22016bb3056c54a5a,https://huggingface.co/datasets/Toycat/SToCorpus-88M/resolve/6f699f128416e8d55d6ab74976e964caec98b157/stomicsdb/STDS0000172_STSP0005380_GSM5173932_OB1_Slide8_processed.h5ad
Toycat/SToCorpus-88M,6f699f128416e8d55d6ab74976e964caec98b157,stomicsdb/STDS0000172_STSP0005381_GSM5173933_OB1_Slide9_processed.h5ad,173238608,04fdea2aa184a8c5e4c2dc9e71bf4c07194837cc01a41870723ba057bd348c45,https://huggingface.co/datasets/Toycat/SToCorpus-88M/resolve/6f699f128416e8d55d6ab74976e964caec98b157/stomicsdb/STDS0000172_STSP0005381_GSM5173933_OB1_Slide9_processed.h5ad
Toycat/SToCorpus-88M,6f699f128416e8d55d6ab74976e964caec98b157,stomicsdb/STDS0000172_STSP0005382_GSM5173934_OB1_Slide10_processed.h5ad,161802921,7c5c8b933b2bfcd64a5d966c8db430a1d8f653422c58cfee1620f672cfd3e095,https://huggingface.co/datasets/Toycat/SToCorpus-88M/resolve/6f699f128416e8d55d6ab74976e964caec98b157/stomicsdb/STDS0000172_STSP0005382_GSM5173934_OB1_Slide10_processed.h5ad
Toycat/SToCorpus-88M,6f699f128416e8d55d6ab74976e964caec98b157,stomicsdb/STDS0000172_STSP0005383_GSM5173935_OB1_Slide11_processed.h5ad,166243215,6d60b25aa9eaac7b8e83ec0aa80049994e3ddabd8c7d20f10372861be41a49a5,https://huggingface.co/datasets/Toycat/SToCorpus-88M/resolve/6f699f128416e8d55d6ab74976e964caec98b157/stomicsdb/STDS0000172_STSP0005383_GSM5173935_OB1_Slide11_processed.h5ad
Toycat/SToCorpus-88M,6f699f128416e8d55d6ab74976e964caec98b157,stomicsdb/STDS0000172_STSP0005384_GSM5173936_OB1_Slide12_processed.h5ad,171802433,3b0104b054359c71b52a80fbc33dc3b53c2a524dc039edd7e7068f854957cc22,https://huggingface.co/datasets/Toycat/SToCorpus-88M/resolve/6f699f128416e8d55d6ab74976e964caec98b157/stomicsdb/STDS0000172_STSP0005384_GSM5173936_OB1_Slide12_processed.h5ad
Toycat/SToCorpus-88M,6f699f128416e8d55d6ab74976e964caec98b157,stomicsdb/STDS0000172_STSP0005385_GSM5173937_OB1_Slide13_processed.h5ad,144373284,ad5c075f12bb811c601115c51736bbe35df18508d603a0b22ee52bed0b57fbfe,https://huggingface.co/datasets/Toycat/SToCorpus-88M/resolve/6f699f128416e8d55d6ab74976e964caec98b157/stomicsdb/STDS0000172_STSP0005385_GSM5173937_OB1_Slide13_processed.h5ad
Toycat/SToCorpus-88M,6f699f128416e8d55d6ab74976e964caec98b157,stomicsdb/STDS0000172_STSP0005386_GSM5173938_OB1_Slide14_processed.h5ad,134990511,eb1622fe5de404506f37a24572e27a75fdd2b99596d83df35963944a4044beb3,https://huggingface.co/datasets/Toycat/SToCorpus-88M/resolve/6f699f128416e8d55d6ab74976e964caec98b157/stomicsdb/STDS0000172_STSP0005386_GSM5173938_OB1_Slide14_processed.h5ad
Toycat/SToCorpus-88M,6f699f128416e8d55d6ab74976e964caec98b157,stomicsdb/STDS0000172_STSP0005387_GSM5173939_OB1_Slide15_processed.h5ad,146433389,fa76570263b026cc296844a86694a4a13d37b78a6747ac0b0ff5f079310ab44b,https://huggingface.co/datasets/Toycat/SToCorpus-88M/resolve/6f699f128416e8d55d6ab74976e964caec98b157/stomicsdb/STDS0000172_STSP0005387_GSM5173939_OB1_Slide15_processed.h5ad
Toycat/SToCorpus-88M,6f699f128416e8d55d6ab74976e964caec98b157,stomicsdb/STDS0000172_STSP0005388_GSM5173940_OB1_Slide16_processed.h5ad,137833485,fb200754847e7668a4624b721b29ae28a3b62e8ce2fa1c6f8a4e1a984b8fe660,https://huggingface.co/datasets/Toycat/SToCorpus-88M/resolve/6f699f128416e8d55d6ab74976e964caec98b157/stomicsdb/STDS0000172_STSP0005388_GSM5173940_OB1_Slide16_processed.h5ad
Toycat/SToCorpus-88M,6f699f128416e8d55d6ab74976e964caec98b157,stomicsdb/STDS0000172_STSP0005389_GSM5173941_OB1_Slide17_processed.h5ad,122088880,167f870b331e0ccde3b909156fb24f080270f21d6fbbb38ea5d64209370f95f0,https://huggingface.co/datasets/Toycat/SToCorpus-88M/resolve/6f699f128416e8d55d6ab74976e964caec98b157/stomicsdb/STDS0000172_STSP0005389_GSM5173941_OB1_Slide17_processed.h5ad
Toycat/SToCorpus-88M,6f699f128416e8d55d6ab74976e964caec98b157,stomicsdb/STDS0000172_STSP0005390_GSM5173942_OB1_Slide18_processed.h5ad,126057257,c3756977f3da59bc0d1832914921b6bc5a22bc56395cab004aca63b1c3691001,https://huggingface.co/datasets/Toycat/SToCorpus-88M/resolve/6f699f128416e8d55d6ab74976e964caec98b157/stomicsdb/STDS0000172_STSP0005390_GSM5173942_OB1_Slide18_processed.h5ad
Toycat/SToCorpus-88M,6f699f128416e8d55d6ab74976e964caec98b157,stomicsdb/STDS0000172_STSP0005391_GSM5173943_OB1_Slide19_processed.h5ad,133364155,30775a48d65eb953ef56fb5bcc077b15341525e71e55e30369a7bc950a279aab,https://huggingface.co/datasets/Toycat/SToCorpus-88M/resolve/6f699f128416e8d55d6ab74976e964caec98b157/stomicsdb/STDS0000172_STSP0005391_GSM5173943_OB1_Slide19_processed.h5ad
Toycat/SToCorpus-88M,6f699f128416e8d55d6ab74976e964caec98b157,stomicsdb/STDS0000172_STSP0005392_GSM5173944_OB1_Slide20_processed.h5ad,123123954,415f6ee1e8e45f1e39126bf7bfb6621ef38c0f027e369fa4bc19071ca71df853,https://huggingface.co/datasets/Toycat/SToCorpus-88M/resolve/6f699f128416e8d55d6ab74976e964caec98b157/stomicsdb/STDS0000172_STSP0005392_GSM5173944_OB1_Slide20_processed.h5ad
Toycat/SToCorpus-88M,6f699f128416e8d55d6ab74976e964caec98b157,stomicsdb/STDS0000172_STSP0005393_GSM5173945_OB2_Slide1_processed.h5ad,74238960,4cbd269695d63cc1200d664e8a972707c8fbdd9dc979444c8ceceef1b5516e76,https://huggingface.co/datasets/Toycat/SToCorpus-88M/resolve/6f699f128416e8d55d6ab74976e964caec98b157/stomicsdb/STDS0000172_STSP0005393_GSM5173945_OB2_Slide1_processed.h5ad
Toycat/SToCorpus-88M,6f699f128416e8d55d6ab74976e964caec98b157,stomicsdb/STDS0000172_STSP0005394_GSM5173946_OB2_Slide2_processed.h5ad,87790224,dc26eac7f286f3a945352e15279c5e98fff7132aa5105bbe4991f96fad502849,https://huggingface.co/datasets/Toycat/SToCorpus-88M/resolve/6f699f128416e8d55d6ab74976e964caec98b157/stomicsdb/STDS0000172_STSP0005394_GSM5173946_OB2_Slide2_processed.h5ad
Toycat/SToCorpus-88M,6f699f128416e8d55d6ab74976e964caec98b157,stomicsdb/STDS0000172_STSP0005395_GSM5173947_OB2_Slide3_processed.h5ad,114662072,1c1d7b5732ff9eed5b441c88338ab5903238539be53241069d6e7ea16d52d970,https://huggingface.co/datasets/Toycat/SToCorpus-88M/resolve/6f699f128416e8d55d6ab74976e964caec98b157/stomicsdb/STDS0000172_STSP0005395_GSM5173947_OB2_Slide3_processed.h5ad
Toycat/SToCorpus-88M,6f699f128416e8d55d6ab74976e964caec98b157,stomicsdb/STDS0000172_STSP0005396_GSM5173948_OB2_Slide4_processed.h5ad,123219056,567e42402856fe8aae94f33ff32b36c8224d7bf24cede31f0d68a5c9ebd5a376,https://huggingface.co/datasets/Toycat/SToCorpus-88M/resolve/6f699f128416e8d55d6ab74976e964caec98b157/stomicsdb/STDS0000172_STSP0005396_GSM5173948_OB2_Slide4_processed.h5ad
Toycat/SToCorpus-88M,6f699f128416e8d55d6ab74976e964caec98b157,stomicsdb/STDS0000172_STSP0005397_GSM5173949_OB2_Slide5_processed.h5ad,96434336,66861bef9259f6b9ca120be96b699ad9532a38f8116e8432cb4e1b9d206f52d0,https://huggingface.co/datasets/Toycat/SToCorpus-88M/resolve/6f699f128416e8d55d6ab74976e964caec98b157/stomicsdb/STDS0000172_STSP0005397_GSM5173949_OB2_Slide5_processed.h5ad
Toycat/SToCorpus-88M,6f699f128416e8d55d6ab74976e964caec98b157,stomicsdb/STDS0000172_STSP0005398_GSM5173950_OB2_Slide6_processed.h5ad,123689792,135ec334734835a4264381a92c7647fb83936e1c72369b52443cf400bc29a7d7,https://huggingface.co/datasets/Toycat/SToCorpus-88M/resolve/6f699f128416e8d55d6ab74976e964caec98b157/stomicsdb/STDS0000172_STSP0005398_GSM5173950_OB2_Slide6_processed.h5ad
Toycat/SToCorpus-88M,6f699f128416e8d55d6ab74976e964caec98b157,stomicsdb/STDS0000172_STSP0005399_GSM5173951_OB2_Slide7_processed.h5ad,121487920,8c95a2313324eafd0b9b9d791213b53e322bb4e9deb7f7643e18085a30324a1b,https://huggingface.co/datasets/Toycat/SToCorpus-88M/resolve/6f699f128416e8d55d6ab74976e964caec98b157/stomicsdb/STDS0000172_STSP0005399_GSM5173951_OB2_Slide7_processed.h5ad
Toycat/SToCorpus-88M,6f699f128416e8d55d6ab74976e964caec98b157,stomicsdb/STDS0000172_STSP0005400_GSM5173952_OB2_Slide8_processed.h5ad,90331560,bfc803673cd1c7f0ba289063c14ae144738056ec2362fcf1c7e331d0e7d52937,https://huggingface.co/datasets/Toycat/SToCorpus-88M/resolve/6f699f128416e8d55d6ab74976e964caec98b157/stomicsdb/STDS0000172_STSP0005400_GSM5173952_OB2_Slide8_processed.h5ad
Toycat/SToCorpus-88M,6f699f128416e8d55d6ab74976e964caec98b157,stomicsdb/STDS0000172_STSP0005401_GSM5173953_OB2_Slide9_processed.h5ad,110272232,4245ecd4070330e4506225c2782dda1e8dda0a0d48919e0ca29cd7189f8e0943,https://huggingface.co/datasets/Toycat/SToCorpus-88M/resolve/6f699f128416e8d55d6ab74976e964caec98b157/stomicsdb/STDS0000172_STSP0005401_GSM5173953_OB2_Slide9_processed.h5ad
Toycat/SToCorpus-88M,6f699f128416e8d55d6ab74976e964caec98b157,stomicsdb/STDS0000172_STSP0005402_GSM5173954_OB2_Slide10_processed.h5ad,107800808,ce29ddcd93cbfcec2e04251067d6354826f5f4cc1b762d9cce3ffcd0b62811a9,https://huggingface.co/datasets/Toycat/SToCorpus-88M/resolve/6f699f128416e8d55d6ab74976e964caec98b157/stomicsdb/STDS0000172_STSP0005402_GSM5173954_OB2_Slide10_processed.h5ad
Toycat/SToCorpus-88M,6f699f128416e8d55d6ab74976e964caec98b157,stomicsdb/STDS0000172_STSP0005403_GSM5173955_OB2_Slide11_processed.h5ad,114059936,8bf1e4cfc9fc376504bdd1ac9295f1f253b3b6c048659a0b80b298dc7855a094,https://huggingface.co/datasets/Toycat/SToCorpus-88M/resolve/6f699f128416e8d55d6ab74976e964caec98b157/stomicsdb/STDS0000172_STSP0005403_GSM5173955_OB2_Slide11_processed.h5ad
Toycat/SToCorpus-88M,6f699f128416e8d55d6ab74976e964caec98b157,stomicsdb/STDS0000172_STSP0005404_GSM5173956_OB2_Slide12_processed.h5ad,109797376,513d12f5ac947e28ae20f99271c373c06626646cd8c8e8c2f1732d406e33732e,https://huggingface.co/datasets/Toycat/SToCorpus-88M/resolve/6f699f128416e8d55d6ab74976e964caec98b157/stomicsdb/STDS0000172_STSP0005404_GSM5173956_OB2_Slide12_processed.h5ad
Toycat/SToCorpus-88M,6f699f128416e8d55d6ab74976e964caec98b157,stomicsdb/STDS0000172_STSP0005405_GSM5173957_OB2_Slide13_processed.h5ad,105104168,6464275cde4fcf6203311139060b4022660febb173cc1ffb46e016a39973a6a6,https://huggingface.co/datasets/Toycat/SToCorpus-88M/resolve/6f699f128416e8d55d6ab74976e964caec98b157/stomicsdb/STDS0000172_STSP0005405_GSM5173957_OB2_Slide13_processed.h5ad
Toycat/SToCorpus-88M,6f699f128416e8d55d6ab74976e964caec98b157,stomicsdb/STDS0000172_STSP0005406_GSM5173958_OB2_Slide14_processed.h5ad,128890272,0a99527951e41d4c99b461f7eb9cc3be4b8eca8faa588632112df609e08ba44c,https://huggingface.co/datasets/Toycat/SToCorpus-88M/resolve/6f699f128416e8d55d6ab74976e964caec98b157/stomicsdb/STDS0000172_STSP0005406_GSM5173958_OB2_Slide14_processed.h5ad
Toycat/SToCorpus-88M,6f699f128416e8d55d6ab74976e964caec98b157,stomicsdb/STDS0000172_STSP0005407_GSM5173959_OB2_Slide15_processed.h5ad,133434560,3e1ecd383d5a7ff1f4fcdfc4e23436f69b0682f7d05b18ceb1be7a1cbdb7fb7b,https://huggingface.co/datasets/Toycat/SToCorpus-88M/resolve/6f699f128416e8d55d6ab74976e964caec98b157/stomicsdb/STDS0000172_STSP0005407_GSM5173959_OB2_Slide15_processed.h5ad
Toycat/SToCorpus-88M,6f699f128416e8d55d6ab74976e964caec98b157,stomicsdb/STDS0000172_STSP0005408_GSM5173960_OB2_Slide16_processed.h5ad,134405880,fa23a34d1486cc494fb9d2b984a936a737a6c3b6e497511afcb4d36bcd276989,https://huggingface.co/datasets/Toycat/SToCorpus-88M/resolve/6f699f128416e8d55d6ab74976e964caec98b157/stomicsdb/STDS0000172_STSP0005408_GSM5173960_OB2_Slide16_processed.h5ad
Toycat/SToCorpus-88M,6f699f128416e8d55d6ab74976e964caec98b157,stomicsdb/STDS0000172_STSP0005409_GSM5173961_OB2_Slide17_processed.h5ad,130838488,f7885a5345ae5eb3025553ac12c5da7a2bfd26f068abc4cf6f54ed7e35ab4642,https://huggingface.co/datasets/Toycat/SToCorpus-88M/resolve/6f699f128416e8d55d6ab74976e964caec98b157/stomicsdb/STDS0000172_STSP0005409_GSM5173961_OB2_Slide17_processed.h5ad
Toycat/SToCorpus-88M,6f699f128416e8d55d6ab74976e964caec98b157,stomicsdb/STDS0000172_STSP0005410_GSM5173962_OB2_Slide18_processed.h5ad,120354360,d763064f8951c5d76658383ef347b474016e28b9e3d42f5848eaa9ff1c3a4c56,https://huggingface.co/datasets/Toycat/SToCorpus-88M/resolve/6f699f128416e8d55d6ab74976e964caec98b157/stomicsdb/STDS0000172_STSP0005410_GSM5173962_OB2_Slide18_processed.h5ad
Toycat/SToCorpus-88M,6f699f128416e8d55d6ab74976e964caec98b157,stomicsdb/STDS0000172_STSP0005411_GSM5173963_OB2_Slide19_processed.h5ad,127429456,a5e784c537f3c2bf978c84d1fc538a013f0f650ca584a4e1f115d6b149e1f4a6,https://huggingface.co/datasets/Toycat/SToCorpus-88M/resolve/6f699f128416e8d55d6ab74976e964caec98b157/stomicsdb/STDS0000172_STSP0005411_GSM5173963_OB2_Slide19_processed.h5ad
Toycat/SToCorpus-88M,6f699f128416e8d55d6ab74976e964caec98b157,stomicsdb/STDS0000172_STSP0005412_GSM5173964_OB2_Slide20_processed.h5ad,43155984,5cbacf5419eb87dc98c00baac3322168317dc75c0ac2c826e1925172c22db969,https://huggingface.co/datasets/Toycat/SToCorpus-88M/resolve/6f699f128416e8d55d6ab74976e964caec98b157/stomicsdb/STDS0000172_STSP0005412_GSM5173964_OB2_Slide20_processed.h5ad
Toycat/SToCorpus-88M,6f699f128416e8d55d6ab74976e964caec98b157,stomicsdb/STDS0000234_SS200000135TL_D1_processed.h5ad,124515439,cbbcf1ceeacf053b58ed7dac02f18438dbd650aef4f07944dd89406f32c09805,https://huggingface.co/datasets/Toycat/SToCorpus-88M/resolve/6f699f128416e8d55d6ab74976e964caec98b157/stomicsdb/STDS0000234_SS200000135TL_D1_processed.h5ad
Toycat/SToCorpus-88M,6f699f128416e8d55d6ab74976e964caec98b157,stomicsdb/STDS0000239_STSP0007399_D0_DT2_processed.h5ad,616543279,980b1db352da752c102d1e953bb69b15b3df7469869f6f4b5d0f0b46f891fe02,https://huggingface.co/datasets/Toycat/SToCorpus-88M/resolve/6f699f128416e8d55d6ab74976e964caec98b157/stomicsdb/STDS0000239_STSP0007399_D0_DT2_processed.h5ad
Toycat/SToCorpus-88M,6f699f128416e8d55d6ab74976e964caec98b157,stomicsdb/STDS0000239_STSP0007400_D0_DY1_processed.h5ad,820762751,ccd3b9f2a9a982972800595a092f1b7a33609a168ce96cc052cdf0b34981045a,https://huggingface.co/datasets/Toycat/SToCorpus-88M/resolve/6f699f128416e8d55d6ab74976e964caec98b157/stomicsdb/STDS0000239_STSP0007400_D0_DY1_processed.h5ad
Toycat/SToCorpus-88M,6f699f128416e8d55d6ab74976e964caec98b157,stomicsdb/STDS0000239_STSP0007401_D17_FR4_processed.h5ad,698546418,429d1fadd486fc56a52a1e3cc7352c12fa2c41f64bdd63fa3ea2592f8ade7837,https://huggingface.co/datasets/Toycat/SToCorpus-88M/resolve/6f699f128416e8d55d6ab74976e964caec98b157/stomicsdb/STDS0000239_STSP0007401_D17_FR4_processed.h5ad
Toycat/SToCorpus-88M,6f699f128416e8d55d6ab74976e964caec98b157,stomicsdb/STDS0000239_STSP0007402_D17_FS3_processed.h5ad,527483585,960b8491089e36e383565c5e9167b9b3512b117e8fff9c856cc9fd532ac59d7e,https://huggingface.co/datasets/Toycat/SToCorpus-88M/resolve/6f699f128416e8d55d6ab74976e964caec98b157/stomicsdb/STDS0000239_STSP0007402_D17_FS3_processed.h5ad
Toycat/SToCorpus-88M,6f699f128416e8d55d6ab74976e964caec98b157,stomicsdb/STDS0000239_STSP0007403_D17_FS4_processed.h5ad,545807530,de3b7f1c65dc0f14a5346eb6627b17af416d70795cdda253fa321f99cb36adf0,https://huggingface.co/datasets/Toycat/SToCorpus-88M/resolve/6f699f128416e8d55d6ab74976e964caec98b157/stomicsdb/STDS0000239_STSP0007403_D17_FS4_processed.h5ad
Toycat/SToCorpus-88M,6f699f128416e8d55d6ab74976e964caec98b157,stomicsdb/STDS0000239_STSP0007404_D8_FR1_processed.h5ad,633154543,d5414bfcac7d5b50b7271588635540a38185a6e8069150d2004b6d0585a6df1e,https://huggingface.co/datasets/Toycat/SToCorpus-88M/resolve/6f699f128416e8d55d6ab74976e964caec98b157/stomicsdb/STDS0000239_STSP0007404_D8_FR1_processed.h5ad
Toycat/SToCorpus-88M,6f699f128416e8d55d6ab74976e964caec98b157,stomicsdb/STDS0000239_STSP0007405_D8_FR2_processed.h5ad,622454932,dc899f879d498d14b6c916dbc98eda892a9bbea78b562578de80aee7c7454e38,https://huggingface.co/datasets/Toycat/SToCorpus-88M/resolve/6f699f128416e8d55d6ab74976e964caec98b157/stomicsdb/STDS0000239_STSP0007405_D8_FR2_processed.h5ad
Toycat/SToCorpus-88M,6f699f128416e8d55d6ab74976e964caec98b157,stomicsdb/STDS0000239_STSP0007406_D8_FS1_processed.h5ad,626499642,13ae2ae408c20c4414d7ea7dd3ffc5e0e5fa8e3614cdbe63513b9094140eb656,https://huggingface.co/datasets/Toycat/SToCorpus-88M/resolve/6f699f128416e8d55d6ab74976e964caec98b157/stomicsdb/STDS0000239_STSP0007406_D8_FS1_processed.h5ad
Toycat/SToCorpus-88M,6f699f128416e8d55d6ab74976e964caec98b157,stomicsdb/STDS0000239_STSP0007407_D8_FS2_processed.h5ad,445175345,96b9fb0c0f2e84f031eddda876305cfa2c7c8de3f4b0a53fbe244d071fa12a2a,https://huggingface.co/datasets/Toycat/SToCorpus-88M/resolve/6f699f128416e8d55d6ab74976e964caec98b157/stomicsdb/STDS0000239_STSP0007407_D8_FS2_processed.h5ad
Toycat/SToCorpus-88M,6f699f128416e8d55d6ab74976e964caec98b157,stomicsdb/STDS0000239_STSP0007408_R21_GD1_processed.h5ad,652846441,b9b2a42e6c720114f1241d558dfc5fb4f2986390e3e68c2dcb4c9d4348097ec6,https://huggingface.co/datasets/Toycat/SToCorpus-88M/resolve/6f699f128416e8d55d6ab74976e964caec98b157/stomicsdb/STDS0000239_STSP0007408_R21_GD1_processed.h5ad
Toycat/SToCorpus-88M,6f699f128416e8d55d6ab74976e964caec98b157,stomicsdb/STDS0000239_STSP0007409_R21_GD2_processed.h5ad,625789794,a52e52235d8ebeada06215050615fdc93a21a2d0b7f730238c1ad3716f7a6095,https://huggingface.co/datasets/Toycat/SToCorpus-88M/resolve/6f699f128416e8d55d6ab74976e964caec98b157/stomicsdb/STDS0000239_STSP0007409_R21_GD2_processed.h5ad
Toycat/SToCorpus-88M,6f699f128416e8d55d6ab74976e964caec98b157,stomicsdb/STDS0000239_STSP0007410_R21_GD4_processed.h5ad,553034238,f9ccea6a439b81380f20d0cb9bd7b1a9af11d086f225d009fd7fe9dfc475e4b7,https://huggingface.co/datasets/Toycat/SToCorpus-88M/resolve/6f699f128416e8d55d6ab74976e964caec98b157/stomicsdb/STDS0000239_STSP0007410_R21_GD4_processed.h5ad
Toycat/SToCorpus-88M,6f699f128416e8d55d6ab74976e964caec98b157,stomicsdb/STDS0000239_STSP0007411_R21_GD5_processed.h5ad,602339034,d4551ea98ed5c2e8cd2b573cb9fca5029f0db0ed0dfed3e05ebcc177009c382c,https://huggingface.co/datasets/Toycat/SToCorpus-88M/resolve/6f699f128416e8d55d6ab74976e964caec98b157/stomicsdb/STDS0000239_STSP0007411_R21_GD5_processed.h5ad
Toycat/SToCorpus-88M,6f699f128416e8d55d6ab74976e964caec98b157,stomicsdb/STDS0000239_STSP0007412_R21_GD6_processed.h5ad,564619483,7e9336931686af94ae7f0c2eeceab7176ff0bd8dfc991352c8289ecaa3766e0a,https://huggingface.co/datasets/Toycat/SToCorpus-88M/resolve/6f699f128416e8d55d6ab74976e964caec98b157/stomicsdb/STDS0000239_STSP0007412_R21_GD6_processed.h5ad
Toycat/SToCorpus-88M,6f699f128416e8d55d6ab74976e964caec98b157,stomicsdb/STDS0000239_STSP0007413_R2_FR5_processed.h5ad,1125157072,55fe707760dfc57b22d63b9b816dd9b91e9f1458cf4bcf47ab692a0afead6b88,https://huggingface.co/datasets/Toycat/SToCorpus-88M/resolve/6f699f128416e8d55d6ab74976e964caec98b157/stomicsdb/STDS0000239_STSP0007413_R2_FR5_processed.h5ad
Toycat/SToCorpus-88M,6f699f128416e8d55d6ab74976e964caec98b157,stomicsdb/STDS0000239_STSP0007414_R2_FR6_processed.h5ad,1139033510,fe08c9bda2d32a76a5d4008d9fc04c2463852bbdfeffb714904807ac2a1bff45,https://huggingface.co/datasets/Toycat/SToCorpus-88M/resolve/6f699f128416e8d55d6ab74976e964caec98b157/stomicsdb/STDS0000239_STSP0007414_R2_FR6_processed.h5ad
Toycat/SToCorpus-88M,6f699f128416e8d55d6ab74976e964caec98b157,stomicsdb/STDS0000239_STSP0007415_R2_FS5_processed.h5ad,896129054,70391651c15a2c49e74b5ea3ffa6a2a4f5a4f35ff77f411bc9f5e6ab3d4de9cc,https://huggingface.co/datasets/Toycat/SToCorpus-88M/resolve/6f699f128416e8d55d6ab74976e964caec98b157/stomicsdb/STDS0000239_STSP0007415_R2_FS5_processed.h5ad
Toycat/SToCorpus-88M,6f699f128416e8d55d6ab74976e964caec98b157,stomicsdb/STDS0000239_STSP0007416_R2_FS6_processed.h5ad,643019217,13f8f4c98ea7a030e484587db89360c419876e97f5c849abec3f80d01755f8fa,https://huggingface.co/datasets/Toycat/SToCorpus-88M/resolve/6f699f128416e8d55d6ab74976e964caec98b157/stomicsdb/STDS0000239_STSP0007416_R2_FS6_processed.h5ad
Toycat/SToCorpus-88M,6f699f128416e8d55d6ab74976e964caec98b157,stomicsdb/STDS0000239_STSP0007417_R7_FR7_processed.h5ad,1247563913,f4e62d48e3fb9258af144d492501e302fd0b694eca9caccbe9d1d4f7ed7fe9c6,https://huggingface.co/datasets/Toycat/SToCorpus-88M/resolve/6f699f128416e8d55d6ab74976e964caec98b157/stomicsdb/STDS0000239_STSP0007417_R7_FR7_processed.h5ad
Toycat/SToCorpus-88M,6f699f128416e8d55d6ab74976e964caec98b157,stomicsdb/STDS0000239_STSP0007418_R7_FR8_processed.h5ad,1458761100,9bfceda415ef6ee3e5374009d54dcd4f56f5b16ca65ff8cc1c9779808e5b9741,https://huggingface.co/datasets/Toycat/SToCorpus-88M/resolve/6f699f128416e8d55d6ab74976e964caec98b157/stomicsdb/STDS0000239_STSP0007418_R7_FR8_processed.h5ad
Toycat/SToCorpus-88M,6f699f128416e8d55d6ab74976e964caec98b157,stomicsdb/STDS0000239_STSP0007419_R7_FS7_processed.h5ad,847243352,2fcb550a466a247d95025e8ee9cb19b3c81e422ccf7f1e2b04653af1df8b5118,https://huggingface.co/datasets/Toycat/SToCorpus-88M/resolve/6f699f128416e8d55d6ab74976e964caec98b157/stomicsdb/STDS0000239_STSP0007419_R7_FS7_processed.h5ad
Toycat/SToCorpus-88M,6f699f128416e8d55d6ab74976e964caec98b157,stomicsdb/STDS0000239_STSP0007420_R7_FS8_processed.h5ad,1050783833,069d15be752caaeecabb53bbc42641a50943900cc8f772c56d7154583271bd4e,https://huggingface.co/datasets/Toycat/SToCorpus-88M/resolve/6f699f128416e8d55d6ab74976e964caec98b157/stomicsdb/STDS0000239_STSP0007420_R7_FS8_processed.h5ad
Toycat/SToCorpus-88M,6f699f128416e8d55d6ab74976e964caec98b157,stomicsdb/STDS0000243_CS12-13_E1S1_HESTA.h5ad,67781350,869ba699cf42b954b7ecadbf9585565266757940b41c68faf8c6372b697fea85,https://huggingface.co/datasets/Toycat/SToCorpus-88M/resolve/6f699f128416e8d55d6ab74976e964caec98b157/stomicsdb/STDS0000243_CS12-13_E1S1_HESTA.h5ad
Toycat/SToCorpus-88M,6f699f128416e8d55d6ab74976e964caec98b157,stomicsdb/STDS0000243_CS12-13_E1S2_HESTA.h5ad,79954258,1c221313d48b1301eb82ae116a3ed5ca5ba7a6dcbdfee8b88c491468e01304e7,https://huggingface.co/datasets/Toycat/SToCorpus-88M/resolve/6f699f128416e8d55d6ab74976e964caec98b157/stomicsdb/STDS0000243_CS12-13_E1S2_HESTA.h5ad
Toycat/SToCorpus-88M,6f699f128416e8d55d6ab74976e964caec98b157,stomicsdb/STDS0000243_CS12-13_E1S3_HESTA.h5ad,115815663,28fa4902fee61d111a3c42e056ebec518bf173ff901c3e182c23115ee598a32e,https://huggingface.co/datasets/Toycat/SToCorpus-88M/resolve/6f699f128416e8d55d6ab74976e964caec98b157/stomicsdb/STDS0000243_CS12-13_E1S3_HESTA.h5ad
Toycat/SToCorpus-88M,6f699f128416e8d55d6ab74976e964caec98b157,stomicsdb/STDS0000243_CS12-13_E1S4_HESTA.h5ad,63154210,268155fb4a55ca16727ac443d1ef0d6655e306e770df491d3947f16856f5850a,https://huggingface.co/datasets/Toycat/SToCorpus-88M/resolve/6f699f128416e8d55d6ab74976e964caec98b157/stomicsdb/STDS0000243_CS12-13_E1S4_HESTA.h5ad
Toycat/SToCorpus-88M,6f699f128416e8d55d6ab74976e964caec98b157,stomicsdb/STDS0000243_CS12-13_E2S1_HESTA.h5ad,231174721,673f408e7ddca8b34e4d371654546a51a9dc189fbd56a74806a77ff72166dd1b,https://huggingface.co/datasets/Toycat/SToCorpus-88M/resolve/6f699f128416e8d55d6ab74976e964caec98b157/stomicsdb/STDS0000243_CS12-13_E2S1_HESTA.h5ad
Toycat/SToCorpus-88M,6f699f128416e8d55d6ab74976e964caec98b157,stomicsdb/STDS0000243_CS12-13_E2S2_HESTA.h5ad,178603087,d0f50c6d9ddb832d67c726e4bfee1e0cb12395608a32453e700f8fafa10c9950,https://huggingface.co/datasets/Toycat/SToCorpus-88M/resolve/6f699f128416e8d55d6ab74976e964caec98b157/stomicsdb/STDS0000243_CS12-13_E2S2_HESTA.h5ad
Toycat/SToCorpus-88M,6f699f128416e8d55d6ab74976e964caec98b157,stomicsdb/STDS0000243_CS12-13_E2S3_HESTA.h5ad,259480868,03abc3e2732c762427b6f3f93d241688eadb42f66f5f36fa85b004bfb1756524,https://huggingface.co/datasets/Toycat/SToCorpus-88M/resolve/6f699f128416e8d55d6ab74976e964caec98b157/stomicsdb/STDS0000243_CS12-13_E2S3_HESTA.h5ad
Toycat/SToCorpus-88M,6f699f128416e8d55d6ab74976e964caec98b157,stomicsdb/STDS0000243_CS12-13_E2S4_HESTA.h5ad,221006869,922313ad6daa2801779fd09c75d1e3a97fb29bebf35367f7c66dcbd59a14fcf7,https://huggingface.co/datasets/Toycat/SToCorpus-88M/resolve/6f699f128416e8d55d6ab74976e964caec98b157/stomicsdb/STDS0000243_CS12-13_E2S4_HESTA.h5ad
Toycat/SToCorpus-88M,6f699f128416e8d55d6ab74976e964caec98b157,stomicsdb/STDS0000243_CS12-13_E2S5_HESTA.h5ad,188970167,2c9c96482a909933d07edd649d4b1791ef6ee4c4b2a2146c29d7ac5906f8df81,https://huggingface.co/datasets/Toycat/SToCorpus-88M/resolve/6f699f128416e8d55d6ab74976e964caec98b157/stomicsdb/STDS0000243_CS12-13_E2S5_HESTA.h5ad
Toycat/SToCorpus-88M,6f699f128416e8d55d6ab74976e964caec98b157,stomicsdb/STDS0000243_CS12-13_E2S6_HESTA.h5ad,253055066,274e066d001b443d4c7d88b3d3d90be07c349359351e98ff9e7cb2646c2a8dd2,https://huggingface.co/datasets/Toycat/SToCorpus-88M/resolve/6f699f128416e8d55d6ab74976e964caec98b157/stomicsdb/STDS0000243_CS12-13_E2S6_HESTA.h5ad
Toycat/SToCorpus-88M,6f699f128416e8d55d6ab74976e964caec98b157,stomicsdb/STDS0000243_CS12-13_E2S7_HESTA.h5ad,167751371,8a65fc7ddb9ba39c33d9380693915a3fbbf313ef87c6c8bf3e705ce135351d39,https://huggingface.co/datasets/Toycat/SToCorpus-88M/resolve/6f699f128416e8d55d6ab74976e964caec98b157/stomicsdb/STDS0000243_CS12-13_E2S7_HESTA.h5ad
Toycat/SToCorpus-88M,6f699f128416e8d55d6ab74976e964caec98b157,stomicsdb/STDS0000243_CS12-13_E2S8_HESTA.h5ad,128792547,0808e3b114f7665e96182869da313e1b4574e6eec0ac7f681dbac609e0a6023d,https://huggingface.co/datasets/Toycat/SToCorpus-88M/resolve/6f699f128416e8d55d6ab74976e964caec98b157/stomicsdb/STDS0000243_CS12-13_E2S8_HESTA.h5ad
Toycat/SToCorpus-88M,6f699f128416e8d55d6ab74976e964caec98b157,stomicsdb/STDS0000243_CS14-15_E1S1_HESTA.h5ad,241073104,23080dd6174ba243c8af259bd5be8ce35ab9bd9dd8fca6d35577bc5537cd13cc,https://huggingface.co/datasets/Toycat/SToCorpus-88M/resolve/6f699f128416e8d55d6ab74976e964caec98b157/stomicsdb/STDS0000243_CS14-15_E1S1_HESTA.h5ad
Toycat/SToCorpus-88M,6f699f128416e8d55d6ab74976e964caec98b157,stomicsdb/STDS0000243_CS14-15_E1S2_HESTA.h5ad,227580176,70d9eecb6d0727772c81414885e5084dbba2d1cea63e596b5899e08988f85001,https://huggingface.co/datasets/Toycat/SToCorpus-88M/resolve/6f699f128416e8d55d6ab74976e964caec98b157/stomicsdb/STDS0000243_CS14-15_E1S2_HESTA.h5ad
Toycat/SToCorpus-88M,6f699f128416e8d55d6ab74976e964caec98b157,stomicsdb/STDS0000243_CS14-15_E1S3_HESTA.h5ad,278671675,5468784a64f7359e66a7fdbfffd972379ef295af10734fb5f8d314403acb0592,https://huggingface.co/datasets/Toycat/SToCorpus-88M/resolve/6f699f128416e8d55d6ab74976e964caec98b157/stomicsdb/STDS0000243_CS14-15_E1S3_HESTA.h5ad
Toycat/SToCorpus-88M,6f699f128416e8d55d6ab74976e964caec98b157,stomicsdb/STDS0000243_CS14-15_E1S4_HESTA.h5ad,283777915,298ace2317eab5653a744013767c268a4d49c5e9a3efcc010ab6a5d7b909b164,https://huggingface.co/datasets/Toycat/SToCorpus-88M/resolve/6f699f128416e8d55d6ab74976e964caec98b157/stomicsdb/STDS0000243_CS14-15_E1S4_HESTA.h5ad
Toycat/SToCorpus-88M,6f699f128416e8d55d6ab74976e964caec98b157,stomicsdb/STDS0000243_CS14-15_E2S10_HESTA.h5ad,221123150,58e0e1a574d13f75c41f78dc99459205c8f154c6a2389360d48cb0134a19a4e8,https://huggingface.co/datasets/Toycat/SToCorpus-88M/resolve/6f699f128416e8d55d6ab74976e964caec98b157/stomicsdb/STDS0000243_CS14-15_E2S10_HESTA.h5ad
Toycat/SToCorpus-88M,6f699f128416e8d55d6ab74976e964caec98b157,stomicsdb/STDS0000243_CS14-15_E2S1_HESTA.h5ad,205335974,46b6f24cf0fcb9c624d1d3b2e28cbb623263077e2c3b4719dc7d6b2ada020cb4,https://huggingface.co/datasets/Toycat/SToCorpus-88M/resolve/6f699f128416e8d55d6ab74976e964caec98b157/stomicsdb/STDS0000243_CS14-15_E2S1_HESTA.h5ad
Toycat/SToCorpus-88M,6f699f128416e8d55d6ab74976e964caec98b157,stomicsdb/STDS0000243_CS14-15_E2S2_HESTA.h5ad,202896936,a3c0f5af351e57868a1ee8595e306bae9936e50054eb8b552075ff60cae692a1,https://huggingface.co/datasets/Toycat/SToCorpus-88M/resolve/6f699f128416e8d55d6ab74976e964caec98b157/stomicsdb/STDS0000243_CS14-15_E2S2_HESTA.h5ad
Toycat/SToCorpus-88M,6f699f128416e8d55d6ab74976e964caec98b157,stomicsdb/STDS0000243_CS14-15_E2S3_HESTA.h5ad,225931207,ae236cd27331085a3d1d5ba652166bfa0b76f1264c7165aeb2af6f596d1411cf,https://huggingface.co/datasets/Toycat/SToCorpus-88M/resolve/6f699f128416e8d55d6ab74976e964caec98b157/stomicsdb/STDS0000243_CS14-15_E2S3_HESTA.h5ad
Toycat/SToCorpus-88M,6f699f128416e8d55d6ab74976e964caec98b157,stomicsdb/STDS0000243_CS14-15_E2S4_HESTA.h5ad,175461061,e6c19020c50ff9328cc4bec42cbab6fd450a5b33879904f07eb6c43d50059d63,https://huggingface.co/datasets/Toycat/SToCorpus-88M/resolve/6f699f128416e8d55d6ab74976e964caec98b157/stomicsdb/STDS0000243_CS14-15_E2S4_HESTA.h5ad
Toycat/SToCorpus-88M,6f699f128416e8d55d6ab74976e964caec98b157,stomicsdb/STDS0000243_CS14-15_E2S5_HESTA.h5ad,230870087,c56a90f5f5ec7713e0ab6c915e590a12047b18f62bece020be164c594373a6df,https://huggingface.co/datasets/Toycat/SToCorpus-88M/resolve/6f699f128416e8d55d6ab74976e964caec98b157/stomicsdb/STDS0000243_CS14-15_E2S5_HESTA.h5ad
Toycat/SToCorpus-88M,6f699f128416e8d55d6ab74976e964caec98b157,stomicsdb/STDS0000243_CS14-15_E2S6_HESTA.h5ad,182962126,ce275dbad604071fd236e8f9f47c3c14c5ba6d9907633d27d4aca9e6619bd6fd,https://huggingface.co/datasets/Toycat/SToCorpus-88M/resolve/6f699f128416e8d55d6ab74976e964caec98b157/stomicsdb/STDS0000243_CS14-15_E2S6_HESTA.h5ad
Toycat/SToCorpus-88M,6f699f128416e8d55d6ab74976e964caec98b157,stomicsdb/STDS0000243_CS14-15_E2S7_HESTA.h5ad,258155136,058ab20dcbed61be54a288100520d20fe928a467e390f5b8a6544994f70a59c5,https://huggingface.co/datasets/Toycat/SToCorpus-88M/resolve/6f699f128416e8d55d6ab74976e964caec98b157/stomicsdb/STDS0000243_CS14-15_E2S7_HESTA.h5ad
Toycat/SToCorpus-88M,6f699f128416e8d55d6ab74976e964caec98b157,stomicsdb/STDS0000243_CS14-15_E2S8_HESTA.h5ad,225774785,afc73c9b1ce4b6ff2c123ace83daa04e9a43921cc392dcb746ef48715ed9d6a2,https://huggingface.co/datasets/Toycat/SToCorpus-88M/resolve/6f699f128416e8d55d6ab74976e964caec98b157/stomicsdb/STDS0000243_CS14-15_E2S8_HESTA.h5ad
Toycat/SToCorpus-88M,6f699f128416e8d55d6ab74976e964caec98b157,stomicsdb/STDS0000243_CS14-15_E2S9_HESTA.h5ad,196778338,cabfcdeaae99371c2ee1877b38a816792f64f0f7816597ecde4e92796e219979,https://huggingface.co/datasets/Toycat/SToCorpus-88M/resolve/6f699f128416e8d55d6ab74976e964caec98b157/stomicsdb/STDS0000243_CS14-15_E2S9_HESTA.h5ad
Toycat/SToCorpus-88M,6f699f128416e8d55d6ab74976e964caec98b157,stomicsdb/STDS0000243_CS14-15_E3S1_HESTA.h5ad,284976820,f6a3e76265f3c1d05010ae0d3634a5d6b4759e785da8fdf10f62da594f6dcab9,https://huggingface.co/datasets/Toycat/SToCorpus-88M/resolve/6f699f128416e8d55d6ab74976e964caec98b157/stomicsdb/STDS0000243_CS14-15_E3S1_HESTA.h5ad
Toycat/SToCorpus-88M,6f699f128416e8d55d6ab74976e964caec98b157,stomicsdb/STDS0000243_CS14-15_E3S2_HESTA.h5ad,356761143,6dbb32509ec736a09b14d21bfa8053aaa75117a91079c1cded2d45bd401036e2,https://huggingface.co/datasets/Toycat/SToCorpus-88M/resolve/6f699f128416e8d55d6ab74976e964caec98b157/stomicsdb/STDS0000243_CS14-15_E3S2_HESTA.h5ad
Toycat/SToCorpus-88M,6f699f128416e8d55d6ab74976e964caec98b157,stomicsdb/STDS0000243_CS14-15_E3S3_HESTA.h5ad,348086953,6ea2fce64a1b99173c069c4971c5f4485a057880d5f7b962754e6422e3baa3f6,https://huggingface.co/datasets/Toycat/SToCorpus-88M/resolve/6f699f128416e8d55d6ab74976e964caec98b157/stomicsdb/STDS0000243_CS14-15_E3S3_HESTA.h5ad
Toycat/SToCorpus-88M,6f699f128416e8d55d6ab74976e964caec98b157,stomicsdb/STDS0000243_CS14-15_E3S4_HESTA.h5ad,366662508,f138fb620b0a9a9dd60b4bd3351b4c9d1f616c6f1649e078ddf936fe82d12e44,https://huggingface.co/datasets/Toycat/SToCorpus-88M/resolve/6f699f128416e8d55d6ab74976e964caec98b157/stomicsdb/STDS0000243_CS14-15_E3S4_HESTA.h5ad
Toycat/SToCorpus-88M,6f699f128416e8d55d6ab74976e964caec98b157,stomicsdb/STDS0000243_CS17_E1S10_HESTA.h5ad,522977180,8c2862d883ba07e536d23ccdce41bf00b3cdd82215bf0900815cc07a5f1d8f4d,https://huggingface.co/datasets/Toycat/SToCorpus-88M/resolve/6f699f128416e8d55d6ab74976e964caec98b157/stomicsdb/STDS0000243_CS17_E1S10_HESTA.h5ad
Toycat/SToCorpus-88M,6f699f128416e8d55d6ab74976e964caec98b157,stomicsdb/STDS0000243_CS17_E1S1_HESTA.h5ad,473641704,2878ffa7cd235187244faa2ff3f6492852b14f853b26a93e570d3e70f287820c,https://huggingface.co/datasets/Toycat/SToCorpus-88M/resolve/6f699f128416e8d55d6ab74976e964caec98b157/stomicsdb/STDS0000243_CS17_E1S1_HESTA.h5ad
Toycat/SToCorpus-88M,6f699f128416e8d55d6ab74976e964caec98b157,stomicsdb/STDS0000243_CS17_E1S2_HESTA.h5ad,574632276,7cacf9a8cbb42dbbc0b897aa7e336aa2e90fda3ce94d975ba65c6cf6b73da4f4,https://huggingface.co/datasets/Toycat/SToCorpus-88M/resolve/6f699f128416e8d55d6ab74976e964caec98b157/stomicsdb/STDS0000243_CS17_E1S2_HESTA.h5ad
Toycat/SToCorpus-88M,6f699f128416e8d55d6ab74976e964caec98b157,stomicsdb/STDS0000243_CS17_E1S3_HESTA.h5ad,621677518,6fdc4fcc70999a932f3395a65b9c7bd47edf1710a0ee2e661e8f90b54e2efa12,https://huggingface.co/datasets/Toycat/SToCorpus-88M/resolve/6f699f128416e8d55d6ab74976e964caec98b157/stomicsdb/STDS0000243_CS17_E1S3_HESTA.h5ad
Toycat/SToCorpus-88M,6f699f128416e8d55d6ab74976e964caec98b157,stomicsdb/STDS0000243_CS17_E1S4_HESTA.h5ad,681686751,0d20a9940f7dad3bcbb7e89613b49dfdd26997017e7afc0984acc67f7be005d3,https://huggingface.co/datasets/Toycat/SToCorpus-88M/resolve/6f699f128416e8d55d6ab74976e964caec98b157/stomicsdb/STDS0000243_CS17_E1S4_HESTA.h5ad
Toycat/SToCorpus-88M,6f699f128416e8d55d6ab74976e964caec98b157,stomicsdb/STDS0000243_CS17_E1S5_HESTA.h5ad,475300347,211270d80fd2ca6d16f213c9012a4acbd7eca73dd21161d139c793e0fecae490,https://huggingface.co/datasets/Toycat/SToCorpus-88M/resolve/6f699f128416e8d55d6ab74976e964caec98b157/stomicsdb/STDS0000243_CS17_E1S5_HESTA.h5ad
Toycat/SToCorpus-88M,6f699f128416e8d55d6ab74976e964caec98b157,stomicsdb/STDS0000243_CS17_E1S6_HESTA.h5ad,721119188,a3e9c2a7dc6f4994c5f34d9110b4c6507a21343c204a40e807b9a6a4cc20116d,https://huggingface.co/datasets/Toycat/SToCorpus-88M/resolve/6f699f128416e8d55d6ab74976e964caec98b157/stomicsdb/STDS0000243_CS17_E1S6_HESTA.h5ad
Toycat/SToCorpus-88M,6f699f128416e8d55d6ab74976e964caec98b157,stomicsdb/STDS0000243_CS17_E1S7_HESTA.h5ad,522077820,642d0ede583c8c7f48ceb6621e4f77d517784f8fb2b478c6e985e8a9900ed970,https://huggingface.co/datasets/Toycat/SToCorpus-88M/resolve/6f699f128416e8d55d6ab74976e964caec98b157/stomicsdb/STDS0000243_CS17_E1S7_HESTA.h5ad
Toycat/SToCorpus-88M,6f699f128416e8d55d6ab74976e964caec98b157,stomicsdb/STDS0000243_CS17_E1S8_HESTA.h5ad,563109944,45115d2324fca9d232906f38f396646a5d3dfecd772430582ceae08f036d6592,https://huggingface.co/datasets/Toycat/SToCorpus-88M/resolve/6f699f128416e8d55d6ab74976e964caec98b157/stomicsdb/STDS0000243_CS17_E1S8_HESTA.h5ad
Toycat/SToCorpus-88M,6f699f128416e8d55d6ab74976e964caec98b157,stomicsdb/STDS0000243_CS17_E1S9_HESTA.h5ad,700427378,d2bd2741be648055a49c939cbe572f902141ffd82aa582594b9167232506ef5e,https://huggingface.co/datasets/Toycat/SToCorpus-88M/resolve/6f699f128416e8d55d6ab74976e964caec98b157/stomicsdb/STDS0000243_CS17_E1S9_HESTA.h5ad
Toycat/SToCorpus-88M,6f699f128416e8d55d6ab74976e964caec98b157,stomicsdb/STDS0000243_CS18_E1S1_HESTA.h5ad,444554359,f80cbb30e90480dff786dec5a5c0d8eb5401b5038f0fc3d0d2b8ed5c944941ff,https://huggingface.co/datasets/Toycat/SToCorpus-88M/resolve/6f699f128416e8d55d6ab74976e964caec98b157/stomicsdb/STDS0000243_CS18_E1S1_HESTA.h5ad
Toycat/SToCorpus-88M,6f699f128416e8d55d6ab74976e964caec98b157,stomicsdb/STDS0000243_CS18_E1S2_HESTA.h5ad,665638744,40bcf3921c504b257a53fb38e86157c6ccf74e63d2803edc055b12ec83bf6f9f,https://huggingface.co/datasets/Toycat/SToCorpus-88M/resolve/6f699f128416e8d55d6ab74976e964caec98b157/stomicsdb/STDS0000243_CS18_E1S2_HESTA.h5ad
Toycat/SToCorpus-88M,6f699f128416e8d55d6ab74976e964caec98b157,stomicsdb/STDS0000243_CS18_E1S3_HESTA.h5ad,656027205,8c15c9b31eeac46ad2b3bff46869d40f8a7a1b57ce16438f6799042af0fc5a18,https://huggingface.co/datasets/Toycat/SToCorpus-88M/resolve/6f699f128416e8d55d6ab74976e964caec98b157/stomicsdb/STDS0000243_CS18_E1S3_HESTA.h5ad
Toycat/SToCorpus-88M,6f699f128416e8d55d6ab74976e964caec98b157,stomicsdb/STDS0000243_CS18_E1S4_HESTA.h5ad,784528297,aeafd76048a1de74aeb494f8fe167fe39fad5d28c005886cceef29f20ee82723,https://huggingface.co/datasets/Toycat/SToCorpus-88M/resolve/6f699f128416e8d55d6ab74976e964caec98b157/stomicsdb/STDS0000243_CS18_E1S4_HESTA.h5ad
Toycat/SToCorpus-88M,6f699f128416e8d55d6ab74976e964caec98b157,stomicsdb/STDS0000243_CS18_E1S5_HESTA.h5ad,730027311,ed362ded249b71723f71cca5125dadad3109fbd48e03afad41e8ea3c48e8f212,https://huggingface.co/datasets/Toycat/SToCorpus-88M/resolve/6f699f128416e8d55d6ab74976e964caec98b157/stomicsdb/STDS0000243_CS18_E1S5_HESTA.h5ad
Toycat/SToCorpus-88M,6f699f128416e8d55d6ab74976e964caec98b157,stomicsdb/STDS0000243_CS18_E1S6_HESTA.h5ad,514844446,d9be89de1a4fd53be0682d7b71ec24141cc0c5fa09e4acdf76704ad4f99f7096,https://huggingface.co/datasets/Toycat/SToCorpus-88M/resolve/6f699f128416e8d55d6ab74976e964caec98b157/stomicsdb/STDS0000243_CS18_E1S6_HESTA.h5ad
Toycat/SToCorpus-88M,6f699f128416e8d55d6ab74976e964caec98b157,stomicsdb/STDS0000243_CS19_E1S1_HESTA.h5ad,1444117505,7146032cbee2e19fdab0321c5d694da4788cca3d67f22df75260dad31db0c645,https://huggingface.co/datasets/Toycat/SToCorpus-88M/resolve/6f699f128416e8d55d6ab74976e964caec98b157/stomicsdb/STDS0000243_CS19_E1S1_HESTA.h5ad
Toycat/SToCorpus-88M,6f699f128416e8d55d6ab74976e964caec98b157,stomicsdb/STDS0000243_CS19_E1S2_HESTA.h5ad,1692584605,2a87ba49a7b96843c0165133710e5c84719aa4333f4816982ec8e040ed30c12c,https://huggingface.co/datasets/Toycat/SToCorpus-88M/resolve/6f699f128416e8d55d6ab74976e964caec98b157/stomicsdb/STDS0000243_CS19_E1S2_HESTA.h5ad
Toycat/SToCorpus-88M,6f699f128416e8d55d6ab74976e964caec98b157,stomicsdb/STDS0000243_CS19_E1S3_HESTA.h5ad,1750841778,5c489003529fe64fa5e8921214429f4306403fd49b653d1de513f987835c1022,https://huggingface.co/datasets/Toycat/SToCorpus-88M/resolve/6f699f128416e8d55d6ab74976e964caec98b157/stomicsdb/STDS0000243_CS19_E1S3_HESTA.h5ad
Toycat/SToCorpus-88M,6f699f128416e8d55d6ab74976e964caec98b157,stomicsdb/STDS0000243_CS19_E2S1_HESTA.h5ad,1488469201,f0080da8cdc255ab3136ff600abd51d749aeffbbb2b6a5ee8f57fe9519d026b7,https://huggingface.co/datasets/Toycat/SToCorpus-88M/resolve/6f699f128416e8d55d6ab74976e964caec98b157/stomicsdb/STDS0000243_CS19_E2S1_HESTA.h5ad
Toycat/SToCorpus-88M,6f699f128416e8d55d6ab74976e964caec98b157,stomicsdb/STDS0000243_CS19_E2S2_HESTA.h5ad,2235898967,2bafac30c768f08c129cff81129084ad3e9b2a22e633b85c0d3b02233cfcd52b,https://huggingface.co/datasets/Toycat/SToCorpus-88M/resolve/6f699f128416e8d55d6ab74976e964caec98b157/stomicsdb/STDS0000243_CS19_E2S2_HESTA.h5ad
Toycat/SToCorpus-88M,6f699f128416e8d55d6ab74976e964caec98b157,stomicsdb/STDS0000243_CS19_E2S3_HESTA.h5ad,1405936160,986fa78d6d0bcefbf5301e4dd834453fc7911fedb332881dd8e6eb05f34adebf,https://huggingface.co/datasets/Toycat/SToCorpus-88M/resolve/6f699f128416e8d55d6ab74976e964caec98b157/stomicsdb/STDS0000243_CS19_E2S3_HESTA.h5ad
Toycat/SToCorpus-88M,6f699f128416e8d55d6ab74976e964caec98b157,stomicsdb/STDS0000243_CS19_E2S4_HESTA.h5ad,1497020167,c6d2773a6e6f332900d2c1ec09ba2ae2382d2cb86757113fe8a49f700142af66,https://huggingface.co/datasets/Toycat/SToCorpus-88M/resolve/6f699f128416e8d55d6ab74976e964caec98b157/stomicsdb/STDS0000243_CS19_E2S4_HESTA.h5ad
Toycat/SToCorpus-88M,6f699f128416e8d55d6ab74976e964caec98b157,stomicsdb/STDS0000243_CS20_E1S1_HESTA.h5ad,890534454,333d9cd403436d5650757e98481fc28de5792cf7467b05569c4a47426cda656c,https://huggingface.co/datasets/Toycat/SToCorpus-88M/resolve/6f699f128416e8d55d6ab74976e964caec98b157/stomicsdb/STDS0000243_CS20_E1S1_HESTA.h5ad
Toycat/SToCorpus-88M,6f699f128416e8d55d6ab74976e964caec98b157,stomicsdb/STDS0000243_CS20_E1S2_HESTA.h5ad,894581782,8606dd83ee80a6e399d46bba8483455b8ae8dc59cc026c6b20e732b5a821e539,https://huggingface.co/datasets/Toycat/SToCorpus-88M/resolve/6f699f128416e8d55d6ab74976e964caec98b157/stomicsdb/STDS0000243_CS20_E1S2_HESTA.h5ad
Toycat/SToCorpus-88M,6f699f128416e8d55d6ab74976e964caec98b157,stomicsdb/STDS0000243_CS20_E1S3_HESTA.h5ad,940087997,b77982ba869827510d1ba9ca8efadc9d06f1f4c95136f38261c4dd950b5f4916,https://huggingface.co/datasets/Toycat/SToCorpus-88M/resolve/6f699f128416e8d55d6ab74976e964caec98b157/stomicsdb/STDS0000243_CS20_E1S3_HESTA.h5ad
Toycat/SToCorpus-88M,6f699f128416e8d55d6ab74976e964caec98b157,stomicsdb/STDS0000243_CS20_E1S4_HESTA.h5ad,1326387039,83db6eb325e666f34c7715e26d6b2dccc0326dac1db32f011b2a7100310d8f6a,https://huggingface.co/datasets/Toycat/SToCorpus-88M/resolve/6f699f128416e8d55d6ab74976e964caec98b157/stomicsdb/STDS0000243_CS20_E1S4_HESTA.h5ad
Toycat/SToCorpus-88M,6f699f128416e8d55d6ab74976e964caec98b157,stomicsdb/STDS0000243_CS20_E1S5_HESTA.h5ad,975001240,37505cab933253bc77243b38b04269c4cd53743991868ae91c165bc534cd56f7,https://huggingface.co/datasets/Toycat/SToCorpus-88M/resolve/6f699f128416e8d55d6ab74976e964caec98b157/stomicsdb/STDS0000243_CS20_E1S5_HESTA.h5ad
Toycat/SToCorpus-88M,6f699f128416e8d55d6ab74976e964caec98b157,stomicsdb/STDS0000243_CS20_E1S6_HESTA.h5ad,2212595382,ee0a971562cf8ffd17eff786b9891f5d77edc8417b51a3f7f4f9ce7ba457ae65,https://huggingface.co/datasets/Toycat/SToCorpus-88M/resolve/6f699f128416e8d55d6ab74976e964caec98b157/stomicsdb/STDS0000243_CS20_E1S6_HESTA.h5ad
Toycat/SToCorpus-88M,6f699f128416e8d55d6ab74976e964caec98b157,stomicsdb/STDS0000243_CS20_E1S7_HESTA.h5ad,2389785720,d26ab387334ea8ddf39c9709c6b95ba9907953fa6430eef06b9132783f3308d9,https://huggingface.co/datasets/Toycat/SToCorpus-88M/resolve/6f699f128416e8d55d6ab74976e964caec98b157/stomicsdb/STDS0000243_CS20_E1S7_HESTA.h5ad
Toycat/SToCorpus-88M,6f699f128416e8d55d6ab74976e964caec98b157,stomicsdb/STDS0000243_CS20_E2S1_HESTA.h5ad,2222250478,ad55cac21fef0d83e538d586f7cfdb9ff36e091aaab87eda4ba853adfce6f05d,https://huggingface.co/datasets/Toycat/SToCorpus-88M/resolve/6f699f128416e8d55d6ab74976e964caec98b157/stomicsdb/STDS0000243_CS20_E2S1_HESTA.h5ad
Toycat/SToCorpus-88M,6f699f128416e8d55d6ab74976e964caec98b157,stomicsdb/STDS0000243_CS20_E2S2_HESTA.h5ad,2043574958,1d442fdc29a3487b569755e95503099b3d942838c344afd16f8ef9a0c095b804,https://huggingface.co/datasets/Toycat/SToCorpus-88M/resolve/6f699f128416e8d55d6ab74976e964caec98b157/stomicsdb/STDS0000243_CS20_E2S2_HESTA.h5ad
Toycat/SToCorpus-88M,6f699f128416e8d55d6ab74976e964caec98b157,stomicsdb/STDS0000243_CS20_E2S3_HESTA.h5ad,2154706847,a474c7df49e41d00bb1c5c8cf02336b68df54ec7ffa97ce69afd4b122cabdecd,https://huggingface.co/datasets/Toycat/SToCorpus-88M/resolve/6f699f128416e8d55d6ab74976e964caec98b157/stomicsdb/STDS0000243_CS20_E2S3_HESTA.h5ad
Toycat/SToCorpus-88M,6f699f128416e8d55d6ab74976e964caec98b157,stomicsdb/STDS0000243_CS20_E2S4_HESTA.h5ad,2296229569,bd6d36253fd53c5c7ad807da4d6f58e173078a16d27c4fa6bea680e7dfd972c3,https://huggingface.co/datasets/Toycat/SToCorpus-88M/resolve/6f699f128416e8d55d6ab74976e964caec98b157/stomicsdb/STDS0000243_CS20_E2S4_HESTA.h5ad
Toycat/SToCorpus-88M,6f699f128416e8d55d6ab74976e964caec98b157,stomicsdb/STDS0000243_CS23_E1S1_HESTA.h5ad,3286089816,ad201fede9b09345afa8af504da498d7f43b611b445c34d0c0f871920c815a41,https://huggingface.co/datasets/Toycat/SToCorpus-88M/resolve/6f699f128416e8d55d6ab74976e964caec98b157/stomicsdb/STDS0000243_CS23_E1S1_HESTA.h5ad
Toycat/SToCorpus-88M,6f699f128416e8d55d6ab74976e964caec98b157,stomicsdb/STDS0000243_CS23_E1S2_HESTA.h5ad,3801924966,80308c7e27d53cd9d38871de4f0a005dc4ae7e99c92d457361c3f946fa259515,https://huggingface.co/datasets/Toycat/SToCorpus-88M/resolve/6f699f128416e8d55d6ab74976e964caec98b157/stomicsdb/STDS0000243_CS23_E1S2_HESTA.h5ad
Toycat/SToCorpus-88M,6f699f128416e8d55d6ab74976e964caec98b157,stomicsdb/STDS0000243_CS23_E1S3_HESTA.h5ad,3152381958,30588d6c4524062e37b8e3bff97347bff82cdb6781d0628846adc4af02ebdd58,https://huggingface.co/datasets/Toycat/SToCorpus-88M/resolve/6f699f128416e8d55d6ab74976e964caec98b157/stomicsdb/STDS0000243_CS23_E1S3_HESTA.h5ad
Toycat/SToCorpus-88M,6f699f128416e8d55d6ab74976e964caec98b157,stomicsdb/STDS0000243_CS23_E2S10_HESTA.h5ad,4643602832,a44f41c95436c703058aa8add7a450747a0f3140aff9daecd67bc95711fcde7a,https://huggingface.co/datasets/Toycat/SToCorpus-88M/resolve/6f699f128416e8d55d6ab74976e964caec98b157/stomicsdb/STDS0000243_CS23_E2S10_HESTA.h5ad
Toycat/SToCorpus-88M,6f699f128416e8d55d6ab74976e964caec98b157,stomicsdb/STDS0000243_CS23_E2S1_HESTA.h5ad,4652994332,b4b79da3a01c53d18773d3226e3be506c4b4c78b976859cb8d33448bb48e4950,https://huggingface.co/datasets/Toycat/SToCorpus-88M/resolve/6f699f128416e8d55d6ab74976e964caec98b157/stomicsdb/STDS0000243_CS23_E2S1_HESTA.h5ad
Toycat/SToCorpus-88M,6f699f128416e8d55d6ab74976e964caec98b157,stomicsdb/STDS0000243_CS23_E2S2_HESTA.h5ad,4433919109,569cc4dc751d883046aab7cc3b52859d8995593335e1732bdd5a45b562de46fc,https://huggingface.co/datasets/Toycat/SToCorpus-88M/resolve/6f699f128416e8d55d6ab74976e964caec98b157/stomicsdb/STDS0000243_CS23_E2S2_HESTA.h5ad
Toycat/SToCorpus-88M,6f699f128416e8d55d6ab74976e964caec98b157,stomicsdb/STDS0000243_CS23_E2S3_HESTA.h5ad,4528629173,1275a369038c76c4bcfe00389acf1e8882df1dcd6e7614c28b5b23d49d09c4e0,https://huggingface.co/datasets/Toycat/SToCorpus-88M/resolve/6f699f128416e8d55d6ab74976e964caec98b157/stomicsdb/STDS0000243_CS23_E2S3_HESTA.h5ad
Toycat/SToCorpus-88M,6f699f128416e8d55d6ab74976e964caec98b157,stomicsdb/STDS0000243_CS23_E2S4_HESTA.h5ad,4300840303,3fb9007b63392acc3446ffa01e6c01a4657d928721984592c11f7a06e8ed7268,https://huggingface.co/datasets/Toycat/SToCorpus-88M/resolve/6f699f128416e8d55d6ab74976e964caec98b157/stomicsdb/STDS0000243_CS23_E2S4_HESTA.h5ad
Toycat/SToCorpus-88M,6f699f128416e8d55d6ab74976e964caec98b157,stomicsdb/STDS0000243_CS23_E2S5_HESTA.h5ad,2839186981,7b0c9a0b99e4e843d84e14ed2dbed39356345ceb980348abf9daf35eec0bd762,https://huggingface.co/datasets/Toycat/SToCorpus-88M/resolve/6f699f128416e8d55d6ab74976e964caec98b157/stomicsdb/STDS0000243_CS23_E2S5_HESTA.h5ad
Toycat/SToCorpus-88M,6f699f128416e8d55d6ab74976e964caec98b157,stomicsdb/STDS0000243_CS23_E2S6_HESTA.h5ad,3474144816,c803a7a31d0c22446980f2057559d57813c14071438c024d6e81922657dfefee,https://huggingface.co/datasets/Toycat/SToCorpus-88M/resolve/6f699f128416e8d55d6ab74976e964caec98b157/stomicsdb/STDS0000243_CS23_E2S6_HESTA.h5ad
Toycat/SToCorpus-88M,6f699f128416e8d55d6ab74976e964caec98b157,stomicsdb/STDS0000243_CS23_E2S7_HESTA.h5ad,3577494095,10ae80926fbe2e208570b709411751cb3676d009425207ae5a31a94dc9c16996,https://huggingface.co/datasets/Toycat/SToCorpus-88M/resolve/6f699f128416e8d55d6ab74976e964caec98b157/stomicsdb/STDS0000243_CS23_E2S7_HESTA.h5ad
Toycat/SToCorpus-88M,6f699f128416e8d55d6ab74976e964caec98b157,stomicsdb/STDS0000243_CS23_E2S8_HESTA.h5ad,6213245174,e47fa0f6c126611509fc8c98bcaf34a54f65a6349cdf6ecee03fc61400de4113,https://huggingface.co/datasets/Toycat/SToCorpus-88M/resolve/6f699f128416e8d55d6ab74976e964caec98b157/stomicsdb/STDS0000243_CS23_E2S8_HESTA.h5ad
Toycat/SToCorpus-88M,6f699f128416e8d55d6ab74976e964caec98b157,stomicsdb/STDS0000243_CS23_E2S9_HESTA.h5ad,5832683257,7eb8722ae0297c37176df83fa775e1b3a0043652c02c97f16533ffa139152a64,https://huggingface.co/datasets/Toycat/SToCorpus-88M/resolve/6f699f128416e8d55d6ab74976e964caec98b157/stomicsdb/STDS0000243_CS23_E2S9_HESTA.h5ad
Toycat/SToCorpus-88M,6f699f128416e8d55d6ab74976e964caec98b157,vz/HumanBreastCancerPatient1.h5ad,1126836449,d21e8c081e4f4d18ce5e48ccb4b18abce9897c43f80d48e0ba332ff41091d953,https://huggingface.co/datasets/Toycat/SToCorpus-88M/resolve/6f699f128416e8d55d6ab74976e964caec98b157/vz/HumanBreastCancerPatient1.h5ad
Toycat/SToCorpus-88M,6f699f128416e8d55d6ab74976e964caec98b157,vz/HumanColonCancerPatient1.h5ad,991078939,416a0d14b46fb6e368e9155a9d6c7741d51cb32864ebb5f8179fbe880bb8ed5f,https://huggingface.co/datasets/Toycat/SToCorpus-88M/resolve/6f699f128416e8d55d6ab74976e964caec98b157/vz/HumanColonCancerPatient1.h5ad
Toycat/SToCorpus-88M,6f699f128416e8d55d6ab74976e964caec98b157,vz/HumanColonCancerPatient2.h5ad,1130259436,67df7cf17557b9545a0752f10dd4a94c25e5b180a4cee728d3510bd4e7b88d6e,https://huggingface.co/datasets/Toycat/SToCorpus-88M/resolve/6f699f128416e8d55d6ab74976e964caec98b157/vz/HumanColonCancerPatient2.h5ad
Toycat/SToCorpus-88M,6f699f128416e8d55d6ab74976e964caec98b157,vz/HumanLiverCancerPatient1.h5ad,688900755,3eaa600205dfc3b412bf524720d180506ed63ccf0dca96a89466056c81da6ebd,https://huggingface.co/datasets/Toycat/SToCorpus-88M/resolve/6f699f128416e8d55d6ab74976e964caec98b157/vz/HumanLiverCancerPatient1.h5ad
Toycat/SToCorpus-88M,6f699f128416e8d55d6ab74976e964caec98b157,vz/HumanLiverCancerPatient2.h5ad,708496637,53a41ddcca98c300dccc448130d11c126c3055307748c428bb9794a18a9da905,https://huggingface.co/datasets/Toycat/SToCorpus-88M/resolve/6f699f128416e8d55d6ab74976e964caec98b157/vz/HumanLiverCancerPatient2.h5ad
Toycat/SToCorpus-88M,6f699f128416e8d55d6ab74976e964caec98b157,vz/HumanLungCancerPatient1.h5ad,384794746,ac5f00e430927214eda0b2a6fffd7c1424d1cd01494091f7ee4cb4ded3079395,https://huggingface.co/datasets/Toycat/SToCorpus-88M/resolve/6f699f128416e8d55d6ab74976e964caec98b157/vz/HumanLungCancerPatient1.h5ad
Toycat/SToCorpus-88M,6f699f128416e8d55d6ab74976e964caec98b157,vz/HumanLungCancerPatient2.h5ad,1248370883,0456eba51f2d9c5ae7dcd38f856063a0c4ebd08615794ce5f0ad9d462484e846,https://huggingface.co/datasets/Toycat/SToCorpus-88M/resolve/6f699f128416e8d55d6ab74976e964caec98b157/vz/HumanLungCancerPatient2.h5ad
Toycat/SToCorpus-88M,6f699f128416e8d55d6ab74976e964caec98b157,vz/HumanMelanomaPatient1.h5ad,501391522,659a09acb93a771fed2069de53564b61c20be9bdf2e15b216801200e6ef944a4,https://huggingface.co/datasets/Toycat/SToCorpus-88M/resolve/6f699f128416e8d55d6ab74976e964caec98b157/vz/HumanMelanomaPatient1.h5ad
Toycat/SToCorpus-88M,6f699f128416e8d55d6ab74976e964caec98b157,vz/HumanMelanomaPatient2.h5ad,238055277,d1020243e916b71560a3c08a1d3639c56abe4c119b6695db7c776e9ab5dac0c6,https://huggingface.co/datasets/Toycat/SToCorpus-88M/resolve/6f699f128416e8d55d6ab74976e964caec98b157/vz/HumanMelanomaPatient2.h5ad
Toycat/SToCorpus-88M,6f699f128416e8d55d6ab74976e964caec98b157,vz/HumanOvarianCancerPatient1.h5ad,538498565,83b6b23601030328608054423106a3093610625c29779105baf41fb394ce7769,https://huggingface.co/datasets/Toycat/SToCorpus-88M/resolve/6f699f128416e8d55d6ab74976e964caec98b157/vz/HumanOvarianCancerPatient1.h5ad
Toycat/SToCorpus-88M,6f699f128416e8d55d6ab74976e964caec98b157,vz/HumanOvarianCancerPatient2Slice1.h5ad,336969099,19d16a78d7faa9c86365b0a52e48f55f0086fb95a05dbd9d6659d48ce6294c53,https://huggingface.co/datasets/Toycat/SToCorpus-88M/resolve/6f699f128416e8d55d6ab74976e964caec98b157/vz/HumanOvarianCancerPatient2Slice1.h5ad
Toycat/SToCorpus-88M,6f699f128416e8d55d6ab74976e964caec98b157,vz/HumanOvarianCancerPatient2Slice2.h5ad,94055029,586455648d8af94a4dec08488e785cee5866c36071096a53fd0cdadb8a49b94a,https://huggingface.co/datasets/Toycat/SToCorpus-88M/resolve/6f699f128416e8d55d6ab74976e964caec98b157/vz/HumanOvarianCancerPatient2Slice2.h5ad
Toycat/SToCorpus-88M,6f699f128416e8d55d6ab74976e964caec98b157,vz/HumanOvarianCancerPatient2Slice3.h5ad,314610809,9b87abe5f021d6423bf1a77cb1a5a678ccbf4922e012735f9c10ef5a0982cbf5,https://huggingface.co/datasets/Toycat/SToCorpus-88M/resolve/6f699f128416e8d55d6ab74976e964caec98b157/vz/HumanOvarianCancerPatient2Slice3.h5ad
Toycat/SToCorpus-88M,6f699f128416e8d55d6ab74976e964caec98b157,vz/HumanProstateCancerPatient1.h5ad,798765212,2d3381bd53b7e2344651b1a29446114924356960fb5bf513092df2166aebaa69,https://huggingface.co/datasets/Toycat/SToCorpus-88M/resolve/6f699f128416e8d55d6ab74976e964caec98b157/vz/HumanProstateCancerPatient1.h5ad
Toycat/SToCorpus-88M,6f699f128416e8d55d6ab74976e964caec98b157,vz/HumanProstateCancerPatient2.h5ad,909150049,2e88c77bc3a01639348f231274f99edfea34adb75c8c3584c0c1ecf0be8caf7f,https://huggingface.co/datasets/Toycat/SToCorpus-88M/resolve/6f699f128416e8d55d6ab74976e964caec98b157/vz/HumanProstateCancerPatient2.h5ad
Toycat/SToCorpus-88M,6f699f128416e8d55d6ab74976e964caec98b157,vz/HumanUterineCancerPatient1.h5ad,803520801,0ad0722f2bb7d0c1b24d1304f78d2036f7da31c66980393f52e8fa539736f31c,https://huggingface.co/datasets/Toycat/SToCorpus-88M/resolve/6f699f128416e8d55d6ab74976e964caec98b157/vz/HumanUterineCancerPatient1.h5ad
Toycat/SToCorpus-88M,6f699f128416e8d55d6ab74976e964caec98b157,vz/HumanUterineCancerPatient2-RACostain.h5ad,1176933765,a02e430bfb9b2101db5143810cc1f3ab08972013dad146fdd551ba61c4fbdb10,https://huggingface.co/datasets/Toycat/SToCorpus-88M/resolve/6f699f128416e8d55d6ab74976e964caec98b157/vz/HumanUterineCancerPatient2-RACostain.h5ad
Toycat/SToCorpus-88M,6f699f128416e8d55d6ab74976e964caec98b157,vz/HumanUterineCancerPatient2-ROCostain.h5ad,1293584194,c1b60565fddda6881ea0345e584cbbfc7e63096c48fcc00485e6b2147c31cf31,https://huggingface.co/datasets/Toycat/SToCorpus-88M/resolve/6f699f128416e8d55d6ab74976e964caec98b157/vz/HumanUterineCancerPatient2-ROCostain.h5ad
Toycat/SToCorpus-88M,6f699f128416e8d55d6ab74976e964caec98b157,vz/Liver1Slice1.h5ad,409978843,cce8c80a467421a3225514a6de86d686838656099300d7fb1f21b5266930c92a,https://huggingface.co/datasets/Toycat/SToCorpus-88M/resolve/6f699f128416e8d55d6ab74976e964caec98b157/vz/Liver1Slice1.h5ad
Toycat/SToCorpus-88M,6f699f128416e8d55d6ab74976e964caec98b157,vz/Liver1Slice2.h5ad,241936143,8175616857b17567c8e190581dc87bc63f2ae20e2aba7a34bcc9b53037cad3ea,https://huggingface.co/datasets/Toycat/SToCorpus-88M/resolve/6f699f128416e8d55d6ab74976e964caec98b157/vz/Liver1Slice2.h5ad
Toycat/SToCorpus-88M,6f699f128416e8d55d6ab74976e964caec98b157,vz/Liver2Slice1.h5ad,295822259,2b0a73bab17a100192a82fdbdbfb7b211fa260fbe2fe4a78b1a1aac5149b9e2c,https://huggingface.co/datasets/Toycat/SToCorpus-88M/resolve/6f699f128416e8d55d6ab74976e964caec98b157/vz/Liver2Slice1.h5ad
Toycat/SToCorpus-88M,6f699f128416e8d55d6ab74976e964caec98b157,vz/Liver2Slice2.h5ad,296269718,52696a22bfc103a9722e77759e6722f70b1fa6d191d9108ccd201325fff20e56,https://huggingface.co/datasets/Toycat/SToCorpus-88M/resolve/6f699f128416e8d55d6ab74976e964caec98b157/vz/Liver2Slice2.h5ad
Toycat/SToCorpus-88M,6f699f128416e8d55d6ab74976e964caec98b157,vz/Slice1_Replicate1.h5ad,54443533,c7d358748ba636bd6d0cd100dc7a69f0e37742c87089f7a76e2036e2b1d31cff,https://huggingface.co/datasets/Toycat/SToCorpus-88M/resolve/6f699f128416e8d55d6ab74976e964caec98b157/vz/Slice1_Replicate1.h5ad
Toycat/SToCorpus-88M,6f699f128416e8d55d6ab74976e964caec98b157,vz/Slice1_Replicate2.h5ad,58292372,b8aadbb77f46c069e22680ee34a7b11a8b531303790dca2e1bae215ae6bf680a,https://huggingface.co/datasets/Toycat/SToCorpus-88M/resolve/6f699f128416e8d55d6ab74976e964caec98b157/vz/Slice1_Replicate2.h5ad
Toycat/SToCorpus-88M,6f699f128416e8d55d6ab74976e964caec98b157,vz/Slice1_Replicate3.h5ad,57999388,17d5dd985da8e3437bcfd89b494724ea5d1ede3452fabfd58b535678760fcd76,https://huggingface.co/datasets/Toycat/SToCorpus-88M/resolve/6f699f128416e8d55d6ab74976e964caec98b157/vz/Slice1_Replicate3.h5ad
Toycat/SToCorpus-88M,6f699f128416e8d55d6ab74976e964caec98b157,vz/Slice2_Replicate1.h5ad,51532178,0f2c1e1c6ff7bdadbfed7c6f36d3b2686d87a04abae738384aa5f363db448ee7,https://huggingface.co/datasets/Toycat/SToCorpus-88M/resolve/6f699f128416e8d55d6ab74976e964caec98b157/vz/Slice2_Replicate1.h5ad
Toycat/SToCorpus-88M,6f699f128416e8d55d6ab74976e964caec98b157,vz/Slice2_Replicate2.h5ad,54756876,89f66493971a4e9f8a479a911cca681ad857dd98f697cdc4cd287276e49e19d2,https://huggingface.co/datasets/Toycat/SToCorpus-88M/resolve/6f699f128416e8d55d6ab74976e964caec98b157/vz/Slice2_Replicate2.h5ad
Toycat/SToCorpus-88M,6f699f128416e8d55d6ab74976e964caec98b157,vz/Slice2_Replicate3.h5ad,60666926,fd9169ef87dddd07b409ac7256ea16b30f5893d3cd61e35ab2cc284b534d9cb3,https://huggingface.co/datasets/Toycat/SToCorpus-88M/resolve/6f699f128416e8d55d6ab74976e964caec98b157/vz/Slice2_Replicate3.h5ad
Toycat/SToCorpus-88M,6f699f128416e8d55d6ab74976e964caec98b157,vz/Slice3_Replicate1.h5ad,47918908,dd8712ad63c7df974a5a33e2d40d5a444d10691608c9e3e5f394a424f5dbe2cf,https://huggingface.co/datasets/Toycat/SToCorpus-88M/resolve/6f699f128416e8d55d6ab74976e964caec98b157/vz/Slice3_Replicate1.h5ad
Toycat/SToCorpus-88M,6f699f128416e8d55d6ab74976e964caec98b157,vz/Slice3_Replicate2.h5ad,58758217,accb15249c7536f3e294709dd44f10fe7bc204300d63b5442e4a808d825b82d3,https://huggingface.co/datasets/Toycat/SToCorpus-88M/resolve/6f699f128416e8d55d6ab74976e964caec98b157/vz/Slice3_Replicate2.h5ad
Toycat/SToCorpus-88M,6f699f128416e8d55d6ab74976e964caec98b157,vz/Slice3_Replicate3.h5ad,56038282,56ff410b4c45787a1b003823b99871aedd408e026bde51ad16ff0a1d5fdde8cb,https://huggingface.co/datasets/Toycat/SToCorpus-88M/resolve/6f699f128416e8d55d6ab74976e964caec98b157/vz/Slice3_Replicate3.h5ad
Toycat/SToCorpus-88M,6f699f128416e8d55d6ab74976e964caec98b157,vz/human_brain_1k.h5ad,140148431,c7f589a3e1f0978e33b3f8ab55d367a96c0db7771c0af629414a13f65517c1d5,https://huggingface.co/datasets/Toycat/SToCorpus-88M/resolve/6f699f128416e8d55d6ab74976e964caec98b157/vz/human_brain_1k.h5ad
