source_id,run_accession,experiment_accession,experiment_title,run_title,file_name,file_type,data_level,size_bytes,download_url,is_raw,is_processed,local_path,download_status,sha256,git_tracking,notes
HRA005567,HRR1375369,HRX1076971,CP1-1,CP1-1-a,HRR1375369_f1.fq.gz,FASTQ,raw,5009377565,https://download.cncb.ac.cn/gsa-human/HRA005567/HRR1375369/HRR1375369_f1.fq.gz,yes,no,data/raw/HRA005567/HRR1375369/HRR1375369_f1.fq.gz,not_downloaded,,ignored,官方HTTPS目录；未下载
HRA005567,HRR1375369,HRX1076971,CP1-1,CP1-1-a,HRR1375369_r2.fq.gz,FASTQ,raw,11199674364,https://download.cncb.ac.cn/gsa-human/HRA005567/HRR1375369/HRR1375369_r2.fq.gz,yes,no,data/raw/HRA005567/HRR1375369/HRR1375369_r2.fq.gz,not_downloaded,,ignored,官方HTTPS目录；未下载
HRA005567,HRR1375369,,,,HRR1375369_sta.xml,XML,run_statistics,2381,https://download.cncb.ac.cn/gsa-human/HRA005567/HRR1375369/HRR1375369_sta.xml,no,no,data/external/HRA005567/HRR1375369/HRR1375369_sta.xml,not_downloaded,,ignored,官方run统计；未提交附件
HRA005567,HRR1375370,HRX1076971,CP1-1,CP1-1-b,HRR1375370_f1.fq.gz,FASTQ,raw,2297190750,https://download.cncb.ac.cn/gsa-human/HRA005567/HRR1375370/HRR1375370_f1.fq.gz,yes,no,data/raw/HRA005567/HRR1375370/HRR1375370_f1.fq.gz,not_downloaded,,ignored,官方HTTPS目录；未下载
HRA005567,HRR1375370,HRX1076971,CP1-1,CP1-1-b,HRR1375370_r2.fq.gz,FASTQ,raw,5109464458,https://download.cncb.ac.cn/gsa-human/HRA005567/HRR1375370/HRR1375370_r2.fq.gz,yes,no,data/raw/HRA005567/HRR1375370/HRR1375370_r2.fq.gz,not_downloaded,,ignored,官方HTTPS目录；未下载
HRA005567,HRR1375370,,,,HRR1375370_sta.xml,XML,run_statistics,2357,https://download.cncb.ac.cn/gsa-human/HRA005567/HRR1375370/HRR1375370_sta.xml,no,no,data/external/HRA005567/HRR1375370/HRR1375370_sta.xml,not_downloaded,,ignored,官方run统计；未提交附件
HRA005567,HRR1375371,HRX1076971,CP1-1,CP1-1-c,HRR1375371_f1.fq.gz,FASTQ,raw,4075347870,https://download.cncb.ac.cn/gsa-human/HRA005567/HRR1375371/HRR1375371_f1.fq.gz,yes,no,data/raw/HRA005567/HRR1375371/HRR1375371_f1.fq.gz,not_downloaded,,ignored,官方HTTPS目录；未下载
HRA005567,HRR1375371,HRX1076971,CP1-1,CP1-1-c,HRR1375371_r2.fq.gz,FASTQ,raw,9095823108,https://download.cncb.ac.cn/gsa-human/HRA005567/HRR1375371/HRR1375371_r2.fq.gz,yes,no,data/raw/HRA005567/HRR1375371/HRR1375371_r2.fq.gz,not_downloaded,,ignored,官方HTTPS目录；未下载
HRA005567,HRR1375371,,,,HRR1375371_sta.xml,XML,run_statistics,2375,https://download.cncb.ac.cn/gsa-human/HRA005567/HRR1375371/HRR1375371_sta.xml,no,no,data/external/HRA005567/HRR1375371/HRR1375371_sta.xml,not_downloaded,,ignored,官方run统计；未提交附件
HRA005567,HRR1375372,HRX1076971,CP1-1,CP1-1-d,HRR1375372_f1.fq.gz,FASTQ,raw,2958337163,https://download.cncb.ac.cn/gsa-human/HRA005567/HRR1375372/HRR1375372_f1.fq.gz,yes,no,data/raw/HRA005567/HRR1375372/HRR1375372_f1.fq.gz,not_downloaded,,ignored,官方HTTPS目录；未下载
HRA005567,HRR1375372,HRX1076971,CP1-1,CP1-1-d,HRR1375372_r2.fq.gz,FASTQ,raw,6612485400,https://download.cncb.ac.cn/gsa-human/HRA005567/HRR1375372/HRR1375372_r2.fq.gz,yes,no,data/raw/HRA005567/HRR1375372/HRR1375372_r2.fq.gz,not_downloaded,,ignored,官方HTTPS目录；未下载
HRA005567,HRR1375372,,,,HRR1375372_sta.xml,XML,run_statistics,2363,https://download.cncb.ac.cn/gsa-human/HRA005567/HRR1375372/HRR1375372_sta.xml,no,no,data/external/HRA005567/HRR1375372/HRR1375372_sta.xml,not_downloaded,,ignored,官方run统计；未提交附件
HRA005567,HRR1375373,HRX1076971,CP1-1,CP1-1-e,HRR1375373_f1.fq.gz,FASTQ,raw,7400813688,https://download.cncb.ac.cn/gsa-human/HRA005567/HRR1375373/HRR1375373_f1.fq.gz,yes,no,data/raw/HRA005567/HRR1375373/HRR1375373_f1.fq.gz,not_downloaded,,ignored,官方HTTPS目录；未下载
HRA005567,HRR1375373,HRX1076971,CP1-1,CP1-1-e,HRR1375373_r2.fq.gz,FASTQ,raw,16570751480,https://download.cncb.ac.cn/gsa-human/HRA005567/HRR1375373/HRR1375373_r2.fq.gz,yes,no,data/raw/HRA005567/HRR1375373/HRR1375373_r2.fq.gz,not_downloaded,,ignored,官方HTTPS目录；未下载
HRA005567,HRR1375373,,,,HRR1375373_sta.xml,XML,run_statistics,2384,https://download.cncb.ac.cn/gsa-human/HRA005567/HRR1375373/HRR1375373_sta.xml,no,no,data/external/HRA005567/HRR1375373/HRR1375373_sta.xml,not_downloaded,,ignored,官方run统计；未提交附件
HRA005567,HRR1375374,HRX1076971,CP1-1,CP1-1-f,HRR1375374_f1.fq.gz,FASTQ,raw,7838256313,https://download.cncb.ac.cn/gsa-human/HRA005567/HRR1375374/HRR1375374_f1.fq.gz,yes,no,data/raw/HRA005567/HRR1375374/HRR1375374_f1.fq.gz,not_downloaded,,ignored,官方HTTPS目录；未下载
HRA005567,HRR1375374,HRX1076971,CP1-1,CP1-1-f,HRR1375374_r2.fq.gz,FASTQ,raw,17599914035,https://download.cncb.ac.cn/gsa-human/HRA005567/HRR1375374/HRR1375374_r2.fq.gz,yes,no,data/raw/HRA005567/HRR1375374/HRR1375374_r2.fq.gz,not_downloaded,,ignored,官方HTTPS目录；未下载
HRA005567,HRR1375374,,,,HRR1375374_sta.xml,XML,run_statistics,2388,https://download.cncb.ac.cn/gsa-human/HRA005567/HRR1375374/HRR1375374_sta.xml,no,no,data/external/HRA005567/HRR1375374/HRR1375374_sta.xml,not_downloaded,,ignored,官方run统计；未提交附件
HRA005567,HRR1375375,HRX1076971,CP1-1,CP1-1-g,HRR1375375_f1.fq.gz,FASTQ,raw,7288572285,https://download.cncb.ac.cn/gsa-human/HRA005567/HRR1375375/HRR1375375_f1.fq.gz,yes,no,data/raw/HRA005567/HRR1375375/HRR1375375_f1.fq.gz,not_downloaded,,ignored,官方HTTPS目录；未下载
HRA005567,HRR1375375,HRX1076971,CP1-1,CP1-1-g,HRR1375375_r2.fq.gz,FASTQ,raw,16343973970,https://download.cncb.ac.cn/gsa-human/HRA005567/HRR1375375/HRR1375375_r2.fq.gz,yes,no,data/raw/HRA005567/HRR1375375/HRR1375375_r2.fq.gz,not_downloaded,,ignored,官方HTTPS目录；未下载
HRA005567,HRR1375375,,,,HRR1375375_sta.xml,XML,run_statistics,2386,https://download.cncb.ac.cn/gsa-human/HRA005567/HRR1375375/HRR1375375_sta.xml,no,no,data/external/HRA005567/HRR1375375/HRR1375375_sta.xml,not_downloaded,,ignored,官方run统计；未提交附件
HRA005567,HRR1375376,HRX1076971,CP1-1,CP1-1-h,HRR1375376_f1.fq.gz,FASTQ,raw,8476939804,https://download.cncb.ac.cn/gsa-human/HRA005567/HRR1375376/HRR1375376_f1.fq.gz,yes,no,data/raw/HRA005567/HRR1375376/HRR1375376_f1.fq.gz,not_downloaded,,ignored,官方HTTPS目录；未下载
HRA005567,HRR1375376,HRX1076971,CP1-1,CP1-1-h,HRR1375376_r2.fq.gz,FASTQ,raw,19010733705,https://download.cncb.ac.cn/gsa-human/HRA005567/HRR1375376/HRR1375376_r2.fq.gz,yes,no,data/raw/HRA005567/HRR1375376/HRR1375376_r2.fq.gz,not_downloaded,,ignored,官方HTTPS目录；未下载
HRA005567,HRR1375376,,,,HRR1375376_sta.xml,XML,run_statistics,2390,https://download.cncb.ac.cn/gsa-human/HRA005567/HRR1375376/HRR1375376_sta.xml,no,no,data/external/HRA005567/HRR1375376/HRR1375376_sta.xml,not_downloaded,,ignored,官方run统计；未提交附件
HRA005567,HRR1375377,HRX1076972,CP1-2,CP1-2-a,HRR1375377_f1.fq.gz,FASTQ,raw,6536675375,https://download.cncb.ac.cn/gsa-human/HRA005567/HRR1375377/HRR1375377_f1.fq.gz,yes,no,data/raw/HRA005567/HRR1375377/HRR1375377_f1.fq.gz,not_downloaded,,ignored,官方HTTPS目录；未下载
HRA005567,HRR1375377,HRX1076972,CP1-2,CP1-2-a,HRR1375377_r2.fq.gz,FASTQ,raw,14804345249,https://download.cncb.ac.cn/gsa-human/HRA005567/HRR1375377/HRR1375377_r2.fq.gz,yes,no,data/raw/HRA005567/HRR1375377/HRR1375377_r2.fq.gz,not_downloaded,,ignored,官方HTTPS目录；未下载
HRA005567,HRR1375377,,,,HRR1375377_sta.xml,XML,run_statistics,2383,https://download.cncb.ac.cn/gsa-human/HRA005567/HRR1375377/HRR1375377_sta.xml,no,no,data/external/HRA005567/HRR1375377/HRR1375377_sta.xml,not_downloaded,,ignored,官方run统计；未提交附件
HRA005567,HRR1375378,HRX1076972,CP1-2,CP1-2-b,HRR1375378_f1.fq.gz,FASTQ,raw,4549488322,https://download.cncb.ac.cn/gsa-human/HRA005567/HRR1375378/HRR1375378_f1.fq.gz,yes,no,data/raw/HRA005567/HRR1375378/HRR1375378_f1.fq.gz,not_downloaded,,ignored,官方HTTPS目录；未下载
HRA005567,HRR1375378,HRX1076972,CP1-2,CP1-2-b,HRR1375378_r2.fq.gz,FASTQ,raw,10244428741,https://download.cncb.ac.cn/gsa-human/HRA005567/HRR1375378/HRR1375378_r2.fq.gz,yes,no,data/raw/HRA005567/HRR1375378/HRR1375378_r2.fq.gz,not_downloaded,,ignored,官方HTTPS目录；未下载
HRA005567,HRR1375378,,,,HRR1375378_sta.xml,XML,run_statistics,2377,https://download.cncb.ac.cn/gsa-human/HRA005567/HRR1375378/HRR1375378_sta.xml,no,no,data/external/HRA005567/HRR1375378/HRR1375378_sta.xml,not_downloaded,,ignored,官方run统计；未提交附件
HRA005567,HRR1375379,HRX1076972,CP1-2,CP1-2-c,HRR1375379_f1.fq.gz,FASTQ,raw,6128843068,https://download.cncb.ac.cn/gsa-human/HRA005567/HRR1375379/HRR1375379_f1.fq.gz,yes,no,data/raw/HRA005567/HRR1375379/HRR1375379_f1.fq.gz,not_downloaded,,ignored,官方HTTPS目录；未下载
HRA005567,HRR1375379,HRX1076972,CP1-2,CP1-2-c,HRR1375379_r2.fq.gz,FASTQ,raw,13841945886,https://download.cncb.ac.cn/gsa-human/HRA005567/HRR1375379/HRR1375379_r2.fq.gz,yes,no,data/raw/HRA005567/HRR1375379/HRR1375379_r2.fq.gz,not_downloaded,,ignored,官方HTTPS目录；未下载
HRA005567,HRR1375379,,,,HRR1375379_sta.xml,XML,run_statistics,2383,https://download.cncb.ac.cn/gsa-human/HRA005567/HRR1375379/HRR1375379_sta.xml,no,no,data/external/HRA005567/HRR1375379/HRR1375379_sta.xml,not_downloaded,,ignored,官方run统计；未提交附件
HRA005567,HRR1375380,HRX1076972,CP1-2,CP1-2-d,HRR1375380_f1.fq.gz,FASTQ,raw,7609360654,https://download.cncb.ac.cn/gsa-human/HRA005567/HRR1375380/HRR1375380_f1.fq.gz,yes,no,data/raw/HRA005567/HRR1375380/HRR1375380_f1.fq.gz,not_downloaded,,ignored,官方HTTPS目录；未下载
HRA005567,HRR1375380,HRX1076972,CP1-2,CP1-2-d,HRR1375380_r2.fq.gz,FASTQ,raw,17182903087,https://download.cncb.ac.cn/gsa-human/HRA005567/HRR1375380/HRR1375380_r2.fq.gz,yes,no,data/raw/HRA005567/HRR1375380/HRR1375380_r2.fq.gz,not_downloaded,,ignored,官方HTTPS目录；未下载
HRA005567,HRR1375380,,,,HRR1375380_sta.xml,XML,run_statistics,2387,https://download.cncb.ac.cn/gsa-human/HRA005567/HRR1375380/HRR1375380_sta.xml,no,no,data/external/HRA005567/HRR1375380/HRR1375380_sta.xml,not_downloaded,,ignored,官方run统计；未提交附件
HRA005567,HRR1375381,HRX1076972,CP1-2,CP1-2-e,HRR1375381_f1.fq.gz,FASTQ,raw,676332910,https://download.cncb.ac.cn/gsa-human/HRA005567/HRR1375381/HRR1375381_f1.fq.gz,yes,no,data/raw/HRA005567/HRR1375381/HRR1375381_f1.fq.gz,not_downloaded,,ignored,官方HTTPS目录；未下载
HRA005567,HRR1375381,HRX1076972,CP1-2,CP1-2-e,HRR1375381_r2.fq.gz,FASTQ,raw,1520456460,https://download.cncb.ac.cn/gsa-human/HRA005567/HRR1375381/HRR1375381_r2.fq.gz,yes,no,data/raw/HRA005567/HRR1375381/HRR1375381_r2.fq.gz,not_downloaded,,ignored,官方HTTPS目录；未下载
HRA005567,HRR1375381,,,,HRR1375381_sta.xml,XML,run_statistics,2333,https://download.cncb.ac.cn/gsa-human/HRA005567/HRR1375381/HRR1375381_sta.xml,no,no,data/external/HRA005567/HRR1375381/HRR1375381_sta.xml,not_downloaded,,ignored,官方run统计；未提交附件
HRA005567,HRR1375382,HRX1076972,CP1-2,CP1-2-f,HRR1375382_f1.fq.gz,FASTQ,raw,3772426462,https://download.cncb.ac.cn/gsa-human/HRA005567/HRR1375382/HRR1375382_f1.fq.gz,yes,no,data/raw/HRA005567/HRR1375382/HRR1375382_f1.fq.gz,not_downloaded,,ignored,官方HTTPS目录；未下载
HRA005567,HRR1375382,HRX1076972,CP1-2,CP1-2-f,HRR1375382_r2.fq.gz,FASTQ,raw,8514554497,https://download.cncb.ac.cn/gsa-human/HRA005567/HRR1375382/HRR1375382_r2.fq.gz,yes,no,data/raw/HRA005567/HRR1375382/HRR1375382_r2.fq.gz,not_downloaded,,ignored,官方HTTPS目录；未下载
HRA005567,HRR1375382,,,,HRR1375382_sta.xml,XML,run_statistics,2373,https://download.cncb.ac.cn/gsa-human/HRA005567/HRR1375382/HRR1375382_sta.xml,no,no,data/external/HRA005567/HRR1375382/HRR1375382_sta.xml,not_downloaded,,ignored,官方run统计；未提交附件
HRA005567,HRR1375383,HRX1076972,CP1-2,CP1-2-g,HRR1375383_f1.fq.gz,FASTQ,raw,8019627707,https://download.cncb.ac.cn/gsa-human/HRA005567/HRR1375383/HRR1375383_f1.fq.gz,yes,no,data/raw/HRA005567/HRR1375383/HRR1375383_f1.fq.gz,not_downloaded,,ignored,官方HTTPS目录；未下载
HRA005567,HRR1375383,HRX1076972,CP1-2,CP1-2-g,HRR1375383_r2.fq.gz,FASTQ,raw,18091206809,https://download.cncb.ac.cn/gsa-human/HRA005567/HRR1375383/HRR1375383_r2.fq.gz,yes,no,data/raw/HRA005567/HRR1375383/HRR1375383_r2.fq.gz,not_downloaded,,ignored,官方HTTPS目录；未下载
HRA005567,HRR1375383,,,,HRR1375383_sta.xml,XML,run_statistics,2389,https://download.cncb.ac.cn/gsa-human/HRA005567/HRR1375383/HRR1375383_sta.xml,no,no,data/external/HRA005567/HRR1375383/HRR1375383_sta.xml,not_downloaded,,ignored,官方run统计；未提交附件
HRA005567,HRR1375384,HRX1076972,CP1-2,CP1-2-h,HRR1375384_f1.fq.gz,FASTQ,raw,6852058274,https://download.cncb.ac.cn/gsa-human/HRA005567/HRR1375384/HRR1375384_f1.fq.gz,yes,no,data/raw/HRA005567/HRR1375384/HRR1375384_f1.fq.gz,not_downloaded,,ignored,官方HTTPS目录；未下载
HRA005567,HRR1375384,HRX1076972,CP1-2,CP1-2-h,HRR1375384_r2.fq.gz,FASTQ,raw,15499663229,https://download.cncb.ac.cn/gsa-human/HRA005567/HRR1375384/HRR1375384_r2.fq.gz,yes,no,data/raw/HRA005567/HRR1375384/HRR1375384_r2.fq.gz,not_downloaded,,ignored,官方HTTPS目录；未下载
HRA005567,HRR1375384,,,,HRR1375384_sta.xml,XML,run_statistics,2384,https://download.cncb.ac.cn/gsa-human/HRA005567/HRR1375384/HRR1375384_sta.xml,no,no,data/external/HRA005567/HRR1375384/HRR1375384_sta.xml,not_downloaded,,ignored,官方run统计；未提交附件
HRA005567,HRR1375385,HRX1076973,CP1-3,CP1-3-a,HRR1375385_f1.fq.gz,FASTQ,raw,4783051734,https://download.cncb.ac.cn/gsa-human/HRA005567/HRR1375385/HRR1375385_f1.fq.gz,yes,no,data/raw/HRA005567/HRR1375385/HRR1375385_f1.fq.gz,not_downloaded,,ignored,官方HTTPS目录；未下载
HRA005567,HRR1375385,HRX1076973,CP1-3,CP1-3-a,HRR1375385_r2.fq.gz,FASTQ,raw,11415267815,https://download.cncb.ac.cn/gsa-human/HRA005567/HRR1375385/HRR1375385_r2.fq.gz,yes,no,data/raw/HRA005567/HRR1375385/HRR1375385_r2.fq.gz,not_downloaded,,ignored,官方HTTPS目录；未下载
HRA005567,HRR1375385,,,,HRR1375385_sta.xml,XML,run_statistics,2387,https://download.cncb.ac.cn/gsa-human/HRA005567/HRR1375385/HRR1375385_sta.xml,no,no,data/external/HRA005567/HRR1375385/HRR1375385_sta.xml,not_downloaded,,ignored,官方run统计；未提交附件
HRA005567,HRR1375386,HRX1076973,CP1-3,CP1-3-b,HRR1375386_f1.fq.gz,FASTQ,raw,3367180496,https://download.cncb.ac.cn/gsa-human/HRA005567/HRR1375386/HRR1375386_f1.fq.gz,yes,no,data/raw/HRA005567/HRR1375386/HRR1375386_f1.fq.gz,not_downloaded,,ignored,官方HTTPS目录；未下载
HRA005567,HRR1375386,HRX1076973,CP1-3,CP1-3-b,HRR1375386_r2.fq.gz,FASTQ,raw,7932994300,https://download.cncb.ac.cn/gsa-human/HRA005567/HRR1375386/HRR1375386_r2.fq.gz,yes,no,data/raw/HRA005567/HRR1375386/HRR1375386_r2.fq.gz,not_downloaded,,ignored,官方HTTPS目录；未下载
HRA005567,HRR1375386,,,,HRR1375386_sta.xml,XML,run_statistics,2379,https://download.cncb.ac.cn/gsa-human/HRA005567/HRR1375386/HRR1375386_sta.xml,no,no,data/external/HRA005567/HRR1375386/HRR1375386_sta.xml,not_downloaded,,ignored,官方run统计；未提交附件
HRA005567,HRR1375387,HRX1076973,CP1-3,CP1-3-c,HRR1375387_f1.fq.gz,FASTQ,raw,3192000153,https://download.cncb.ac.cn/gsa-human/HRA005567/HRR1375387/HRR1375387_f1.fq.gz,yes,no,data/raw/HRA005567/HRR1375387/HRR1375387_f1.fq.gz,not_downloaded,,ignored,官方HTTPS目录；未下载
HRA005567,HRR1375387,HRX1076973,CP1-3,CP1-3-c,HRR1375387_r2.fq.gz,FASTQ,raw,7543587108,https://download.cncb.ac.cn/gsa-human/HRA005567/HRR1375387/HRR1375387_r2.fq.gz,yes,no,data/raw/HRA005567/HRR1375387/HRR1375387_r2.fq.gz,not_downloaded,,ignored,官方HTTPS目录；未下载
HRA005567,HRR1375387,,,,HRR1375387_sta.xml,XML,run_statistics,2373,https://download.cncb.ac.cn/gsa-human/HRA005567/HRR1375387/HRR1375387_sta.xml,no,no,data/external/HRA005567/HRR1375387/HRR1375387_sta.xml,not_downloaded,,ignored,官方run统计；未提交附件
HRA005567,HRR1375388,HRX1076973,CP1-3,CP1-3-d,HRR1375388_f1.fq.gz,FASTQ,raw,4093615815,https://download.cncb.ac.cn/gsa-human/HRA005567/HRR1375388/HRR1375388_f1.fq.gz,yes,no,data/raw/HRA005567/HRR1375388/HRR1375388_f1.fq.gz,not_downloaded,,ignored,官方HTTPS目录；未下载
HRA005567,HRR1375388,HRX1076973,CP1-3,CP1-3-d,HRR1375388_r2.fq.gz,FASTQ,raw,9618061665,https://download.cncb.ac.cn/gsa-human/HRA005567/HRR1375388/HRR1375388_r2.fq.gz,yes,no,data/raw/HRA005567/HRR1375388/HRR1375388_r2.fq.gz,not_downloaded,,ignored,官方HTTPS目录；未下载
HRA005567,HRR1375388,,,,HRR1375388_sta.xml,XML,run_statistics,2382,https://download.cncb.ac.cn/gsa-human/HRA005567/HRR1375388/HRR1375388_sta.xml,no,no,data/external/HRA005567/HRR1375388/HRR1375388_sta.xml,not_downloaded,,ignored,官方run统计；未提交附件
HRA005567,HRR1375389,HRX1076973,CP1-3,CP1-3-e,HRR1375389_f1.fq.gz,FASTQ,raw,2196865533,https://download.cncb.ac.cn/gsa-human/HRA005567/HRR1375389/HRR1375389_f1.fq.gz,yes,no,data/raw/HRA005567/HRR1375389/HRR1375389_f1.fq.gz,not_downloaded,,ignored,官方HTTPS目录；未下载
HRA005567,HRR1375389,HRX1076973,CP1-3,CP1-3-e,HRR1375389_r2.fq.gz,FASTQ,raw,5184120239,https://download.cncb.ac.cn/gsa-human/HRA005567/HRR1375389/HRR1375389_r2.fq.gz,yes,no,data/raw/HRA005567/HRR1375389/HRR1375389_r2.fq.gz,not_downloaded,,ignored,官方HTTPS目录；未下载
HRA005567,HRR1375389,,,,HRR1375389_sta.xml,XML,run_statistics,2362,https://download.cncb.ac.cn/gsa-human/HRA005567/HRR1375389/HRR1375389_sta.xml,no,no,data/external/HRA005567/HRR1375389/HRR1375389_sta.xml,not_downloaded,,ignored,官方run统计；未提交附件
HRA005567,HRR1375390,HRX1076973,CP1-3,CP1-3-f,HRR1375390_f1.fq.gz,FASTQ,raw,4117211588,https://download.cncb.ac.cn/gsa-human/HRA005567/HRR1375390/HRR1375390_f1.fq.gz,yes,no,data/raw/HRA005567/HRR1375390/HRR1375390_f1.fq.gz,not_downloaded,,ignored,官方HTTPS目录；未下载
HRA005567,HRR1375390,HRX1076973,CP1-3,CP1-3-f,HRR1375390_r2.fq.gz,FASTQ,raw,9764950191,https://download.cncb.ac.cn/gsa-human/HRA005567/HRR1375390/HRR1375390_r2.fq.gz,yes,no,data/raw/HRA005567/HRR1375390/HRR1375390_r2.fq.gz,not_downloaded,,ignored,官方HTTPS目录；未下载
HRA005567,HRR1375390,,,,HRR1375390_sta.xml,XML,run_statistics,2382,https://download.cncb.ac.cn/gsa-human/HRA005567/HRR1375390/HRR1375390_sta.xml,no,no,data/external/HRA005567/HRR1375390/HRR1375390_sta.xml,not_downloaded,,ignored,官方run统计；未提交附件
HRA005567,HRR1375391,HRX1076973,CP1-3,CP1-3-g,HRR1375391_f1.fq.gz,FASTQ,raw,3004046512,https://download.cncb.ac.cn/gsa-human/HRA005567/HRR1375391/HRR1375391_f1.fq.gz,yes,no,data/raw/HRA005567/HRR1375391/HRR1375391_f1.fq.gz,not_downloaded,,ignored,官方HTTPS目录；未下载
HRA005567,HRR1375391,HRX1076973,CP1-3,CP1-3-g,HRR1375391_r2.fq.gz,FASTQ,raw,7103481854,https://download.cncb.ac.cn/gsa-human/HRA005567/HRR1375391/HRR1375391_r2.fq.gz,yes,no,data/raw/HRA005567/HRR1375391/HRR1375391_r2.fq.gz,not_downloaded,,ignored,官方HTTPS目录；未下载
HRA005567,HRR1375391,,,,HRR1375391_sta.xml,XML,run_statistics,2371,https://download.cncb.ac.cn/gsa-human/HRA005567/HRR1375391/HRR1375391_sta.xml,no,no,data/external/HRA005567/HRR1375391/HRR1375391_sta.xml,not_downloaded,,ignored,官方run统计；未提交附件
HRA005567,HRR1375392,HRX1076973,CP1-3,CP1-3-h,HRR1375392_f1.fq.gz,FASTQ,raw,3966376690,https://download.cncb.ac.cn/gsa-human/HRA005567/HRR1375392/HRR1375392_f1.fq.gz,yes,no,data/raw/HRA005567/HRR1375392/HRR1375392_f1.fq.gz,not_downloaded,,ignored,官方HTTPS目录；未下载
HRA005567,HRR1375392,HRX1076973,CP1-3,CP1-3-h,HRR1375392_r2.fq.gz,FASTQ,raw,9442382654,https://download.cncb.ac.cn/gsa-human/HRA005567/HRR1375392/HRR1375392_r2.fq.gz,yes,no,data/raw/HRA005567/HRR1375392/HRR1375392_r2.fq.gz,not_downloaded,,ignored,官方HTTPS目录；未下载
HRA005567,HRR1375392,,,,HRR1375392_sta.xml,XML,run_statistics,2382,https://download.cncb.ac.cn/gsa-human/HRA005567/HRR1375392/HRR1375392_sta.xml,no,no,data/external/HRA005567/HRR1375392/HRR1375392_sta.xml,not_downloaded,,ignored,官方run统计；未提交附件
HRA005567,HRR1375393,HRX1076974,CP1-4,CP1-4-a,HRR1375393_f1.fq.gz,FASTQ,raw,4307073463,https://download.cncb.ac.cn/gsa-human/HRA005567/HRR1375393/HRR1375393_f1.fq.gz,yes,no,data/raw/HRA005567/HRR1375393/HRR1375393_f1.fq.gz,not_downloaded,,ignored,官方HTTPS目录；未下载
HRA005567,HRR1375393,HRX1076974,CP1-4,CP1-4-a,HRR1375393_r2.fq.gz,FASTQ,raw,9818488279,https://download.cncb.ac.cn/gsa-human/HRA005567/HRR1375393/HRR1375393_r2.fq.gz,yes,no,data/raw/HRA005567/HRR1375393/HRR1375393_r2.fq.gz,not_downloaded,,ignored,官方HTTPS目录；未下载
HRA005567,HRR1375393,,,,HRR1375393_sta.xml,XML,run_statistics,2377,https://download.cncb.ac.cn/gsa-human/HRA005567/HRR1375393/HRR1375393_sta.xml,no,no,data/external/HRA005567/HRR1375393/HRR1375393_sta.xml,not_downloaded,,ignored,官方run统计；未提交附件
HRA005567,HRR1375394,HRX1076974,CP1-4,CP1-4-b,HRR1375394_f1.fq.gz,FASTQ,raw,7486575868,https://download.cncb.ac.cn/gsa-human/HRA005567/HRR1375394/HRR1375394_f1.fq.gz,yes,no,data/raw/HRA005567/HRR1375394/HRR1375394_f1.fq.gz,not_downloaded,,ignored,官方HTTPS目录；未下载
HRA005567,HRR1375394,HRX1076974,CP1-4,CP1-4-b,HRR1375394_r2.fq.gz,FASTQ,raw,17238371764,https://download.cncb.ac.cn/gsa-human/HRA005567/HRR1375394/HRR1375394_r2.fq.gz,yes,no,data/raw/HRA005567/HRR1375394/HRR1375394_r2.fq.gz,not_downloaded,,ignored,官方HTTPS目录；未下载
HRA005567,HRR1375394,,,,HRR1375394_sta.xml,XML,run_statistics,2389,https://download.cncb.ac.cn/gsa-human/HRA005567/HRR1375394/HRR1375394_sta.xml,no,no,data/external/HRA005567/HRR1375394/HRR1375394_sta.xml,not_downloaded,,ignored,官方run统计；未提交附件
HRA005567,HRR1375395,HRX1076974,CP1-4,CP1-4-c,HRR1375395_f1.fq.gz,FASTQ,raw,7407737014,https://download.cncb.ac.cn/gsa-human/HRA005567/HRR1375395/HRR1375395_f1.fq.gz,yes,no,data/raw/HRA005567/HRR1375395/HRR1375395_f1.fq.gz,not_downloaded,,ignored,官方HTTPS目录；未下载
HRA005567,HRR1375395,HRX1076974,CP1-4,CP1-4-c,HRR1375395_r2.fq.gz,FASTQ,raw,17054142242,https://download.cncb.ac.cn/gsa-human/HRA005567/HRR1375395/HRR1375395_r2.fq.gz,yes,no,data/raw/HRA005567/HRR1375395/HRR1375395_r2.fq.gz,not_downloaded,,ignored,官方HTTPS目录；未下载
HRA005567,HRR1375395,,,,HRR1375395_sta.xml,XML,run_statistics,2389,https://download.cncb.ac.cn/gsa-human/HRA005567/HRR1375395/HRR1375395_sta.xml,no,no,data/external/HRA005567/HRR1375395/HRR1375395_sta.xml,not_downloaded,,ignored,官方run统计；未提交附件
HRA005567,HRR1375396,HRX1076974,CP1-4,CP1-4-d,HRR1375396_f1.fq.gz,FASTQ,raw,720286595,https://download.cncb.ac.cn/gsa-human/HRA005567/HRR1375396/HRR1375396_f1.fq.gz,yes,no,data/raw/HRA005567/HRR1375396/HRR1375396_f1.fq.gz,not_downloaded,,ignored,官方HTTPS目录；未下载
HRA005567,HRR1375396,HRX1076974,CP1-4,CP1-4-d,HRR1375396_r2.fq.gz,FASTQ,raw,1648561808,https://download.cncb.ac.cn/gsa-human/HRA005567/HRR1375396/HRR1375396_r2.fq.gz,yes,no,data/raw/HRA005567/HRR1375396/HRR1375396_r2.fq.gz,not_downloaded,,ignored,官方HTTPS目录；未下载
HRA005567,HRR1375396,,,,HRR1375396_sta.xml,XML,run_statistics,2336,https://download.cncb.ac.cn/gsa-human/HRA005567/HRR1375396/HRR1375396_sta.xml,no,no,data/external/HRA005567/HRR1375396/HRR1375396_sta.xml,not_downloaded,,ignored,官方run统计；未提交附件
HRA005567,HRR1375397,HRX1076974,CP1-4,CP1-4-e,HRR1375397_f1.fq.gz,FASTQ,raw,5366284245,https://download.cncb.ac.cn/gsa-human/HRA005567/HRR1375397/HRR1375397_f1.fq.gz,yes,no,data/raw/HRA005567/HRR1375397/HRR1375397_f1.fq.gz,not_downloaded,,ignored,官方HTTPS目录；未下载
HRA005567,HRR1375397,HRX1076974,CP1-4,CP1-4-e,HRR1375397_r2.fq.gz,FASTQ,raw,12226899934,https://download.cncb.ac.cn/gsa-human/HRA005567/HRR1375397/HRR1375397_r2.fq.gz,yes,no,data/raw/HRA005567/HRR1375397/HRR1375397_r2.fq.gz,not_downloaded,,ignored,官方HTTPS目录；未下载
HRA005567,HRR1375397,,,,HRR1375397_sta.xml,XML,run_statistics,2383,https://download.cncb.ac.cn/gsa-human/HRA005567/HRR1375397/HRR1375397_sta.xml,no,no,data/external/HRA005567/HRR1375397/HRR1375397_sta.xml,not_downloaded,,ignored,官方run统计；未提交附件
HRA005567,HRR1375398,HRX1076974,CP1-4,CP1-4-f,HRR1375398_f1.fq.gz,FASTQ,raw,6447591426,https://download.cncb.ac.cn/gsa-human/HRA005567/HRR1375398/HRR1375398_f1.fq.gz,yes,no,data/raw/HRA005567/HRR1375398/HRR1375398_f1.fq.gz,not_downloaded,,ignored,官方HTTPS目录；未下载
HRA005567,HRR1375398,HRX1076974,CP1-4,CP1-4-f,HRR1375398_r2.fq.gz,FASTQ,raw,14675250461,https://download.cncb.ac.cn/gsa-human/HRA005567/HRR1375398/HRR1375398_r2.fq.gz,yes,no,data/raw/HRA005567/HRR1375398/HRR1375398_r2.fq.gz,not_downloaded,,ignored,官方HTTPS目录；未下载
HRA005567,HRR1375398,,,,HRR1375398_sta.xml,XML,run_statistics,2383,https://download.cncb.ac.cn/gsa-human/HRA005567/HRR1375398/HRR1375398_sta.xml,no,no,data/external/HRA005567/HRR1375398/HRR1375398_sta.xml,not_downloaded,,ignored,官方run统计；未提交附件
HRA005567,HRR1375399,HRX1076974,CP1-4,CP1-4-g,HRR1375399_f1.fq.gz,FASTQ,raw,7119817673,https://download.cncb.ac.cn/gsa-human/HRA005567/HRR1375399/HRR1375399_f1.fq.gz,yes,no,data/raw/HRA005567/HRR1375399/HRR1375399_f1.fq.gz,not_downloaded,,ignored,官方HTTPS目录；未下载
HRA005567,HRR1375399,HRX1076974,CP1-4,CP1-4-g,HRR1375399_r2.fq.gz,FASTQ,raw,16397143748,https://download.cncb.ac.cn/gsa-human/HRA005567/HRR1375399/HRR1375399_r2.fq.gz,yes,no,data/raw/HRA005567/HRR1375399/HRR1375399_r2.fq.gz,not_downloaded,,ignored,官方HTTPS目录；未下载
HRA005567,HRR1375399,,,,HRR1375399_sta.xml,XML,run_statistics,2385,https://download.cncb.ac.cn/gsa-human/HRA005567/HRR1375399/HRR1375399_sta.xml,no,no,data/external/HRA005567/HRR1375399/HRR1375399_sta.xml,not_downloaded,,ignored,官方run统计；未提交附件
HRA005567,HRR1375400,HRX1076974,CP1-4,CP1-4-h,HRR1375400_f1.fq.gz,FASTQ,raw,7355355551,https://download.cncb.ac.cn/gsa-human/HRA005567/HRR1375400/HRR1375400_f1.fq.gz,yes,no,data/raw/HRA005567/HRR1375400/HRR1375400_f1.fq.gz,not_downloaded,,ignored,官方HTTPS目录；未下载
HRA005567,HRR1375400,HRX1076974,CP1-4,CP1-4-h,HRR1375400_r2.fq.gz,FASTQ,raw,16919057279,https://download.cncb.ac.cn/gsa-human/HRA005567/HRR1375400/HRR1375400_r2.fq.gz,yes,no,data/raw/HRA005567/HRR1375400/HRR1375400_r2.fq.gz,not_downloaded,,ignored,官方HTTPS目录；未下载
HRA005567,HRR1375400,,,,HRR1375400_sta.xml,XML,run_statistics,2387,https://download.cncb.ac.cn/gsa-human/HRA005567/HRR1375400/HRR1375400_sta.xml,no,no,data/external/HRA005567/HRR1375400/HRR1375400_sta.xml,not_downloaded,,ignored,官方run统计；未提交附件
HRA005567,HRR1375401,HRX1076975,CP1-5,CP1-5-a,HRR1375401_f1.fq.gz,FASTQ,raw,5298263898,https://download.cncb.ac.cn/gsa-human/HRA005567/HRR1375401/HRR1375401_f1.fq.gz,yes,no,data/raw/HRA005567/HRR1375401/HRR1375401_f1.fq.gz,not_downloaded,,ignored,官方HTTPS目录；未下载
HRA005567,HRR1375401,HRX1076975,CP1-5,CP1-5-a,HRR1375401_r2.fq.gz,FASTQ,raw,12316115074,https://download.cncb.ac.cn/gsa-human/HRA005567/HRR1375401/HRR1375401_r2.fq.gz,yes,no,data/raw/HRA005567/HRR1375401/HRR1375401_r2.fq.gz,not_downloaded,,ignored,官方HTTPS目录；未下载
HRA005567,HRR1375401,,,,HRR1375401_sta.xml,XML,run_statistics,2385,https://download.cncb.ac.cn/gsa-human/HRA005567/HRR1375401/HRR1375401_sta.xml,no,no,data/external/HRA005567/HRR1375401/HRR1375401_sta.xml,not_downloaded,,ignored,官方run统计；未提交附件
HRA005567,HRR1375402,HRX1076975,CP1-5,CP1-5-b,HRR1375402_f1.fq.gz,FASTQ,raw,2450603791,https://download.cncb.ac.cn/gsa-human/HRA005567/HRR1375402/HRR1375402_f1.fq.gz,yes,no,data/raw/HRA005567/HRR1375402/HRR1375402_f1.fq.gz,not_downloaded,,ignored,官方HTTPS目录；未下载
HRA005567,HRR1375402,HRX1076975,CP1-5,CP1-5-b,HRR1375402_r2.fq.gz,FASTQ,raw,5658728429,https://download.cncb.ac.cn/gsa-human/HRA005567/HRR1375402/HRR1375402_r2.fq.gz,yes,no,data/raw/HRA005567/HRR1375402/HRR1375402_r2.fq.gz,not_downloaded,,ignored,官方HTTPS目录；未下载
HRA005567,HRR1375402,,,,HRR1375402_sta.xml,XML,run_statistics,2365,https://download.cncb.ac.cn/gsa-human/HRA005567/HRR1375402/HRR1375402_sta.xml,no,no,data/external/HRA005567/HRR1375402/HRR1375402_sta.xml,not_downloaded,,ignored,官方run统计；未提交附件
HRA005567,HRR1375403,HRX1076975,CP1-5,CP1-5-c,HRR1375403_f1.fq.gz,FASTQ,raw,3882276869,https://download.cncb.ac.cn/gsa-human/HRA005567/HRR1375403/HRR1375403_f1.fq.gz,yes,no,data/raw/HRA005567/HRR1375403/HRR1375403_f1.fq.gz,not_downloaded,,ignored,官方HTTPS目录；未下载
HRA005567,HRR1375403,HRX1076975,CP1-5,CP1-5-c,HRR1375403_r2.fq.gz,FASTQ,raw,9003149398,https://download.cncb.ac.cn/gsa-human/HRA005567/HRR1375403/HRR1375403_r2.fq.gz,yes,no,data/raw/HRA005567/HRR1375403/HRR1375403_r2.fq.gz,not_downloaded,,ignored,官方HTTPS目录；未下载
HRA005567,HRR1375403,,,,HRR1375403_sta.xml,XML,run_statistics,2380,https://download.cncb.ac.cn/gsa-human/HRA005567/HRR1375403/HRR1375403_sta.xml,no,no,data/external/HRA005567/HRR1375403/HRR1375403_sta.xml,not_downloaded,,ignored,官方run统计；未提交附件
HRA005567,HRR1375404,HRX1076975,CP1-5,CP1-5-d,HRR1375404_f1.fq.gz,FASTQ,raw,3063276176,https://download.cncb.ac.cn/gsa-human/HRA005567/HRR1375404/HRR1375404_f1.fq.gz,yes,no,data/raw/HRA005567/HRR1375404/HRR1375404_f1.fq.gz,not_downloaded,,ignored,官方HTTPS目录；未下载
HRA005567,HRR1375404,HRX1076975,CP1-5,CP1-5-d,HRR1375404_r2.fq.gz,FASTQ,raw,7134957363,https://download.cncb.ac.cn/gsa-human/HRA005567/HRR1375404/HRR1375404_r2.fq.gz,yes,no,data/raw/HRA005567/HRR1375404/HRR1375404_r2.fq.gz,not_downloaded,,ignored,官方HTTPS目录；未下载
HRA005567,HRR1375404,,,,HRR1375404_sta.xml,XML,run_statistics,2370,https://download.cncb.ac.cn/gsa-human/HRA005567/HRR1375404/HRR1375404_sta.xml,no,no,data/external/HRA005567/HRR1375404/HRR1375404_sta.xml,not_downloaded,,ignored,官方run统计；未提交附件
HRA005567,HRR1375405,HRX1076975,CP1-5,CP1-5-e,HRR1375405_f1.fq.gz,FASTQ,raw,7097980080,https://download.cncb.ac.cn/gsa-human/HRA005567/HRR1375405/HRR1375405_f1.fq.gz,yes,no,data/raw/HRA005567/HRR1375405/HRR1375405_f1.fq.gz,not_downloaded,,ignored,官方HTTPS目录；未下载
HRA005567,HRR1375405,HRX1076975,CP1-5,CP1-5-e,HRR1375405_r2.fq.gz,FASTQ,raw,16520250239,https://download.cncb.ac.cn/gsa-human/HRA005567/HRR1375405/HRR1375405_r2.fq.gz,yes,no,data/raw/HRA005567/HRR1375405/HRR1375405_r2.fq.gz,not_downloaded,,ignored,官方HTTPS目录；未下载
HRA005567,HRR1375405,,,,HRR1375405_sta.xml,XML,run_statistics,2389,https://download.cncb.ac.cn/gsa-human/HRA005567/HRR1375405/HRR1375405_sta.xml,no,no,data/external/HRA005567/HRR1375405/HRR1375405_sta.xml,not_downloaded,,ignored,官方run统计；未提交附件
HRA005567,HRR1375406,HRX1076975,CP1-5,CP1-5-f,HRR1375406_f1.fq.gz,FASTQ,raw,7607886650,https://download.cncb.ac.cn/gsa-human/HRA005567/HRR1375406/HRR1375406_f1.fq.gz,yes,no,data/raw/HRA005567/HRR1375406/HRR1375406_f1.fq.gz,not_downloaded,,ignored,官方HTTPS目录；未下载
HRA005567,HRR1375406,HRX1076975,CP1-5,CP1-5-f,HRR1375406_r2.fq.gz,FASTQ,raw,17779083399,https://download.cncb.ac.cn/gsa-human/HRA005567/HRR1375406/HRR1375406_r2.fq.gz,yes,no,data/raw/HRA005567/HRR1375406/HRR1375406_r2.fq.gz,not_downloaded,,ignored,官方HTTPS目录；未下载
HRA005567,HRR1375406,,,,HRR1375406_sta.xml,XML,run_statistics,2390,https://download.cncb.ac.cn/gsa-human/HRA005567/HRR1375406/HRR1375406_sta.xml,no,no,data/external/HRA005567/HRR1375406/HRR1375406_sta.xml,not_downloaded,,ignored,官方run统计；未提交附件
HRA005567,HRR1375407,HRX1076975,CP1-5,CP1-5-g,HRR1375407_f1.fq.gz,FASTQ,raw,7217129272,https://download.cncb.ac.cn/gsa-human/HRA005567/HRR1375407/HRR1375407_f1.fq.gz,yes,no,data/raw/HRA005567/HRR1375407/HRR1375407_f1.fq.gz,not_downloaded,,ignored,官方HTTPS目录；未下载
HRA005567,HRR1375407,HRX1076975,CP1-5,CP1-5-g,HRR1375407_r2.fq.gz,FASTQ,raw,16842882983,https://download.cncb.ac.cn/gsa-human/HRA005567/HRR1375407/HRR1375407_r2.fq.gz,yes,no,data/raw/HRA005567/HRR1375407/HRR1375407_r2.fq.gz,not_downloaded,,ignored,官方HTTPS目录；未下载
HRA005567,HRR1375407,,,,HRR1375407_sta.xml,XML,run_statistics,2390,https://download.cncb.ac.cn/gsa-human/HRA005567/HRR1375407/HRR1375407_sta.xml,no,no,data/external/HRA005567/HRR1375407/HRR1375407_sta.xml,not_downloaded,,ignored,官方run统计；未提交附件
HRA005567,HRR1375408,HRX1076975,CP1-5,CP1-5-h,HRR1375408_f1.fq.gz,FASTQ,raw,8217403754,https://download.cncb.ac.cn/gsa-human/HRA005567/HRR1375408/HRR1375408_f1.fq.gz,yes,no,data/raw/HRA005567/HRR1375408/HRR1375408_f1.fq.gz,not_downloaded,,ignored,官方HTTPS目录；未下载
HRA005567,HRR1375408,HRX1076975,CP1-5,CP1-5-h,HRR1375408_r2.fq.gz,FASTQ,raw,19181614045,https://download.cncb.ac.cn/gsa-human/HRA005567/HRR1375408/HRR1375408_r2.fq.gz,yes,no,data/raw/HRA005567/HRR1375408/HRR1375408_r2.fq.gz,not_downloaded,,ignored,官方HTTPS目录；未下载
HRA005567,HRR1375408,,,,HRR1375408_sta.xml,XML,run_statistics,2392,https://download.cncb.ac.cn/gsa-human/HRA005567/HRR1375408/HRR1375408_sta.xml,no,no,data/external/HRA005567/HRR1375408/HRR1375408_sta.xml,not_downloaded,,ignored,官方run统计；未提交附件
HRA005567,HRR1375409,HRX1076976,CP1-6,CP1-6-a,HRR1375409_f1.fq.gz,FASTQ,raw,4215594400,https://download.cncb.ac.cn/gsa-human/HRA005567/HRR1375409/HRR1375409_f1.fq.gz,yes,no,data/raw/HRA005567/HRR1375409/HRR1375409_f1.fq.gz,not_downloaded,,ignored,官方HTTPS目录；未下载
HRA005567,HRR1375409,HRX1076976,CP1-6,CP1-6-a,HRR1375409_r2.fq.gz,FASTQ,raw,9839802577,https://download.cncb.ac.cn/gsa-human/HRA005567/HRR1375409/HRR1375409_r2.fq.gz,yes,no,data/raw/HRA005567/HRR1375409/HRR1375409_r2.fq.gz,not_downloaded,,ignored,官方HTTPS目录；未下载
HRA005567,HRR1375409,,,,HRR1375409_sta.xml,XML,run_statistics,2381,https://download.cncb.ac.cn/gsa-human/HRA005567/HRR1375409/HRR1375409_sta.xml,no,no,data/external/HRA005567/HRR1375409/HRR1375409_sta.xml,not_downloaded,,ignored,官方run统计；未提交附件
HRA005567,HRR1375410,HRX1076976,CP1-6,CP1-6-b,HRR1375410_f1.fq.gz,FASTQ,raw,3511254585,https://download.cncb.ac.cn/gsa-human/HRA005567/HRR1375410/HRR1375410_f1.fq.gz,yes,no,data/raw/HRA005567/HRR1375410/HRR1375410_f1.fq.gz,not_downloaded,,ignored,官方HTTPS目录；未下载
HRA005567,HRR1375410,HRX1076976,CP1-6,CP1-6-b,HRR1375410_r2.fq.gz,FASTQ,raw,8164844723,https://download.cncb.ac.cn/gsa-human/HRA005567/HRR1375410/HRR1375410_r2.fq.gz,yes,no,data/raw/HRA005567/HRR1375410/HRR1375410_r2.fq.gz,not_downloaded,,ignored,官方HTTPS目录；未下载
HRA005567,HRR1375410,,,,HRR1375410_sta.xml,XML,run_statistics,2379,https://download.cncb.ac.cn/gsa-human/HRA005567/HRR1375410/HRR1375410_sta.xml,no,no,data/external/HRA005567/HRR1375410/HRR1375410_sta.xml,not_downloaded,,ignored,官方run统计；未提交附件
HRA005567,HRR1375411,HRX1076976,CP1-6,CP1-6-c,HRR1375411_f1.fq.gz,FASTQ,raw,6527562326,https://download.cncb.ac.cn/gsa-human/HRA005567/HRR1375411/HRR1375411_f1.fq.gz,yes,no,data/raw/HRA005567/HRR1375411/HRR1375411_f1.fq.gz,not_downloaded,,ignored,官方HTTPS目录；未下载
HRA005567,HRR1375411,HRX1076976,CP1-6,CP1-6-c,HRR1375411_r2.fq.gz,FASTQ,raw,15248417569,https://download.cncb.ac.cn/gsa-human/HRA005567/HRR1375411/HRR1375411_r2.fq.gz,yes,no,data/raw/HRA005567/HRR1375411/HRR1375411_r2.fq.gz,not_downloaded,,ignored,官方HTTPS目录；未下载
HRA005567,HRR1375411,,,,HRR1375411_sta.xml,XML,run_statistics,2388,https://download.cncb.ac.cn/gsa-human/HRA005567/HRR1375411/HRR1375411_sta.xml,no,no,data/external/HRA005567/HRR1375411/HRR1375411_sta.xml,not_downloaded,,ignored,官方run统计；未提交附件
HRA005567,HRR1375412,HRX1076976,CP1-6,CP1-6-d,HRR1375412_f1.fq.gz,FASTQ,raw,7872931676,https://download.cncb.ac.cn/gsa-human/HRA005567/HRR1375412/HRR1375412_f1.fq.gz,yes,no,data/raw/HRA005567/HRR1375412/HRR1375412_f1.fq.gz,not_downloaded,,ignored,官方HTTPS目录；未下载
HRA005567,HRR1375412,HRX1076976,CP1-6,CP1-6-d,HRR1375412_r2.fq.gz,FASTQ,raw,18425777990,https://download.cncb.ac.cn/gsa-human/HRA005567/HRR1375412/HRR1375412_r2.fq.gz,yes,no,data/raw/HRA005567/HRR1375412/HRR1375412_r2.fq.gz,not_downloaded,,ignored,官方HTTPS目录；未下载
HRA005567,HRR1375412,,,,HRR1375412_sta.xml,XML,run_statistics,2390,https://download.cncb.ac.cn/gsa-human/HRA005567/HRR1375412/HRR1375412_sta.xml,no,no,data/external/HRA005567/HRR1375412/HRR1375412_sta.xml,not_downloaded,,ignored,官方run统计；未提交附件
HRA005567,HRR1375413,HRX1076976,CP1-6,CP1-6-e,HRR1375413_f1.fq.gz,FASTQ,raw,410761415,https://download.cncb.ac.cn/gsa-human/HRA005567/HRR1375413/HRR1375413_f1.fq.gz,yes,no,data/raw/HRA005567/HRR1375413/HRR1375413_f1.fq.gz,not_downloaded,,ignored,官方HTTPS目录；未下载
HRA005567,HRR1375413,HRX1076976,CP1-6,CP1-6-e,HRR1375413_r2.fq.gz,FASTQ,raw,953375636,https://download.cncb.ac.cn/gsa-human/HRA005567/HRR1375413/HRR1375413_r2.fq.gz,yes,no,data/raw/HRA005567/HRR1375413/HRR1375413_r2.fq.gz,not_downloaded,,ignored,官方HTTPS目录；未下载
HRA005567,HRR1375413,,,,HRR1375413_sta.xml,XML,run_statistics,2330,https://download.cncb.ac.cn/gsa-human/HRA005567/HRR1375413/HRR1375413_sta.xml,no,no,data/external/HRA005567/HRR1375413/HRR1375413_sta.xml,not_downloaded,,ignored,官方run统计；未提交附件
HRA005567,HRR1375414,HRX1076976,CP1-6,CP1-6-f,HRR1375414_f1.fq.gz,FASTQ,raw,2656716389,https://download.cncb.ac.cn/gsa-human/HRA005567/HRR1375414/HRR1375414_f1.fq.gz,yes,no,data/raw/HRA005567/HRR1375414/HRR1375414_f1.fq.gz,not_downloaded,,ignored,官方HTTPS目录；未下载
HRA005567,HRR1375414,HRX1076976,CP1-6,CP1-6-f,HRR1375414_r2.fq.gz,FASTQ,raw,6192242878,https://download.cncb.ac.cn/gsa-human/HRA005567/HRR1375414/HRR1375414_r2.fq.gz,yes,no,data/raw/HRA005567/HRR1375414/HRR1375414_r2.fq.gz,not_downloaded,,ignored,官方HTTPS目录；未下载
HRA005567,HRR1375414,,,,HRR1375414_sta.xml,XML,run_statistics,2366,https://download.cncb.ac.cn/gsa-human/HRA005567/HRR1375414/HRR1375414_sta.xml,no,no,data/external/HRA005567/HRR1375414/HRR1375414_sta.xml,not_downloaded,,ignored,官方run统计；未提交附件
HRA005567,HRR1375415,HRX1076976,CP1-6,CP1-6-g,HRR1375415_f1.fq.gz,FASTQ,raw,8401126588,https://download.cncb.ac.cn/gsa-human/HRA005567/HRR1375415/HRR1375415_f1.fq.gz,yes,no,data/raw/HRA005567/HRR1375415/HRR1375415_f1.fq.gz,not_downloaded,,ignored,官方HTTPS目录；未下载
HRA005567,HRR1375415,HRX1076976,CP1-6,CP1-6-g,HRR1375415_r2.fq.gz,FASTQ,raw,19594949001,https://download.cncb.ac.cn/gsa-human/HRA005567/HRR1375415/HRR1375415_r2.fq.gz,yes,no,data/raw/HRA005567/HRR1375415/HRR1375415_r2.fq.gz,not_downloaded,,ignored,官方HTTPS目录；未下载
HRA005567,HRR1375415,,,,HRR1375415_sta.xml,XML,run_statistics,2392,https://download.cncb.ac.cn/gsa-human/HRA005567/HRR1375415/HRR1375415_sta.xml,no,no,data/external/HRA005567/HRR1375415/HRR1375415_sta.xml,not_downloaded,,ignored,官方run统计；未提交附件
HRA005567,HRR1375416,HRX1076976,CP1-6,CP1-6-h,HRR1375416_f1.fq.gz,FASTQ,raw,7571732068,https://download.cncb.ac.cn/gsa-human/HRA005567/HRR1375416/HRR1375416_f1.fq.gz,yes,no,data/raw/HRA005567/HRR1375416/HRR1375416_f1.fq.gz,not_downloaded,,ignored,官方HTTPS目录；未下载
HRA005567,HRR1375416,HRX1076976,CP1-6,CP1-6-h,HRR1375416_r2.fq.gz,FASTQ,raw,17724904426,https://download.cncb.ac.cn/gsa-human/HRA005567/HRR1375416/HRR1375416_r2.fq.gz,yes,no,data/raw/HRA005567/HRR1375416/HRR1375416_r2.fq.gz,not_downloaded,,ignored,官方HTTPS目录；未下载
HRA005567,HRR1375416,,,,HRR1375416_sta.xml,XML,run_statistics,2390,https://download.cncb.ac.cn/gsa-human/HRA005567/HRR1375416/HRR1375416_sta.xml,no,no,data/external/HRA005567/HRR1375416/HRR1375416_sta.xml,not_downloaded,,ignored,官方run统计；未提交附件
HRA005567,HRR1375417,HRX1076977,CP1-7,CP1-7-a,HRR1375417_f1.fq.gz,FASTQ,raw,6465956070,https://download.cncb.ac.cn/gsa-human/HRA005567/HRR1375417/HRR1375417_f1.fq.gz,yes,no,data/raw/HRA005567/HRR1375417/HRR1375417_f1.fq.gz,not_downloaded,,ignored,官方HTTPS目录；未下载
HRA005567,HRR1375417,HRX1076977,CP1-7,CP1-7-a,HRR1375417_r2.fq.gz,FASTQ,raw,14923476066,https://download.cncb.ac.cn/gsa-human/HRA005567/HRR1375417/HRR1375417_r2.fq.gz,yes,no,data/raw/HRA005567/HRR1375417/HRR1375417_r2.fq.gz,not_downloaded,,ignored,官方HTTPS目录；未下载
HRA005567,HRR1375417,,,,HRR1375417_sta.xml,XML,run_statistics,2388,https://download.cncb.ac.cn/gsa-human/HRA005567/HRR1375417/HRR1375417_sta.xml,no,no,data/external/HRA005567/HRR1375417/HRR1375417_sta.xml,not_downloaded,,ignored,官方run统计；未提交附件
HRA005567,HRR1375418,HRX1076977,CP1-7,CP1-7-b,HRR1375418_f1.fq.gz,FASTQ,raw,4385860186,https://download.cncb.ac.cn/gsa-human/HRA005567/HRR1375418/HRR1375418_f1.fq.gz,yes,no,data/raw/HRA005567/HRR1375418/HRR1375418_f1.fq.gz,not_downloaded,,ignored,官方HTTPS目录；未下载
HRA005567,HRR1375418,HRX1076977,CP1-7,CP1-7-b,HRR1375418_r2.fq.gz,FASTQ,raw,9991088256,https://download.cncb.ac.cn/gsa-human/HRA005567/HRR1375418/HRR1375418_r2.fq.gz,yes,no,data/raw/HRA005567/HRR1375418/HRR1375418_r2.fq.gz,not_downloaded,,ignored,官方HTTPS目录；未下载
HRA005567,HRR1375418,,,,HRR1375418_sta.xml,XML,run_statistics,2381,https://download.cncb.ac.cn/gsa-human/HRA005567/HRR1375418/HRR1375418_sta.xml,no,no,data/external/HRA005567/HRR1375418/HRR1375418_sta.xml,not_downloaded,,ignored,官方run统计；未提交附件
HRA005567,HRR1375419,HRX1076977,CP1-7,CP1-7-c,HRR1375419_f1.fq.gz,FASTQ,raw,4284163551,https://download.cncb.ac.cn/gsa-human/HRA005567/HRR1375419/HRR1375419_f1.fq.gz,yes,no,data/raw/HRA005567/HRR1375419/HRR1375419_f1.fq.gz,not_downloaded,,ignored,官方HTTPS目录；未下载
HRA005567,HRR1375419,HRX1076977,CP1-7,CP1-7-c,HRR1375419_r2.fq.gz,FASTQ,raw,9772253898,https://download.cncb.ac.cn/gsa-human/HRA005567/HRR1375419/HRR1375419_r2.fq.gz,yes,no,data/raw/HRA005567/HRR1375419/HRR1375419_r2.fq.gz,not_downloaded,,ignored,官方HTTPS目录；未下载
HRA005567,HRR1375419,,,,HRR1375419_sta.xml,XML,run_statistics,2380,https://download.cncb.ac.cn/gsa-human/HRA005567/HRR1375419/HRR1375419_sta.xml,no,no,data/external/HRA005567/HRR1375419/HRR1375419_sta.xml,not_downloaded,,ignored,官方run统计；未提交附件
HRA005567,HRR1375420,HRX1076977,CP1-7,CP1-7-d,HRR1375420_f1.fq.gz,FASTQ,raw,5704863268,https://download.cncb.ac.cn/gsa-human/HRA005567/HRR1375420/HRR1375420_f1.fq.gz,yes,no,data/raw/HRA005567/HRR1375420/HRR1375420_f1.fq.gz,not_downloaded,,ignored,官方HTTPS目录；未下载
HRA005567,HRR1375420,HRX1076977,CP1-7,CP1-7-d,HRR1375420_r2.fq.gz,FASTQ,raw,12958938755,https://download.cncb.ac.cn/gsa-human/HRA005567/HRR1375420/HRR1375420_r2.fq.gz,yes,no,data/raw/HRA005567/HRR1375420/HRR1375420_r2.fq.gz,not_downloaded,,ignored,官方HTTPS目录；未下载
HRA005567,HRR1375420,,,,HRR1375420_sta.xml,XML,run_statistics,2384,https://download.cncb.ac.cn/gsa-human/HRA005567/HRR1375420/HRR1375420_sta.xml,no,no,data/external/HRA005567/HRR1375420/HRR1375420_sta.xml,not_downloaded,,ignored,官方run统计；未提交附件
HRA005567,HRR1375421,HRX1076977,CP1-7,CP1-7-e,HRR1375421_f1.fq.gz,FASTQ,raw,2607328918,https://download.cncb.ac.cn/gsa-human/HRA005567/HRR1375421/HRR1375421_f1.fq.gz,yes,no,data/raw/HRA005567/HRR1375421/HRR1375421_f1.fq.gz,not_downloaded,,ignored,官方HTTPS目录；未下载
HRA005567,HRR1375421,HRX1076977,CP1-7,CP1-7-e,HRR1375421_r2.fq.gz,FASTQ,raw,5952906630,https://download.cncb.ac.cn/gsa-human/HRA005567/HRR1375421/HRR1375421_r2.fq.gz,yes,no,data/raw/HRA005567/HRR1375421/HRR1375421_r2.fq.gz,not_downloaded,,ignored,官方HTTPS目录；未下载
HRA005567,HRR1375421,,,,HRR1375421_sta.xml,XML,run_statistics,2364,https://download.cncb.ac.cn/gsa-human/HRA005567/HRR1375421/HRR1375421_sta.xml,no,no,data/external/HRA005567/HRR1375421/HRR1375421_sta.xml,not_downloaded,,ignored,官方run统计；未提交附件
HRA005567,HRR1375422,HRX1076977,CP1-7,CP1-7-f,HRR1375422_f1.fq.gz,FASTQ,raw,5605902025,https://download.cncb.ac.cn/gsa-human/HRA005567/HRR1375422/HRR1375422_f1.fq.gz,yes,no,data/raw/HRA005567/HRR1375422/HRR1375422_f1.fq.gz,not_downloaded,,ignored,官方HTTPS目录；未下载
HRA005567,HRR1375422,HRX1076977,CP1-7,CP1-7-f,HRR1375422_r2.fq.gz,FASTQ,raw,12845952794,https://download.cncb.ac.cn/gsa-human/HRA005567/HRR1375422/HRR1375422_r2.fq.gz,yes,no,data/raw/HRA005567/HRR1375422/HRR1375422_r2.fq.gz,not_downloaded,,ignored,官方HTTPS目录；未下载
HRA005567,HRR1375422,,,,HRR1375422_sta.xml,XML,run_statistics,2384,https://download.cncb.ac.cn/gsa-human/HRA005567/HRR1375422/HRR1375422_sta.xml,no,no,data/external/HRA005567/HRR1375422/HRR1375422_sta.xml,not_downloaded,,ignored,官方run统计；未提交附件
HRA005567,HRR1375423,HRX1076977,CP1-7,CP1-7-g,HRR1375423_f1.fq.gz,FASTQ,raw,3752011908,https://download.cncb.ac.cn/gsa-human/HRA005567/HRR1375423/HRR1375423_f1.fq.gz,yes,no,data/raw/HRA005567/HRR1375423/HRR1375423_f1.fq.gz,not_downloaded,,ignored,官方HTTPS目录；未下载
HRA005567,HRR1375423,HRX1076977,CP1-7,CP1-7-g,HRR1375423_r2.fq.gz,FASTQ,raw,8566608373,https://download.cncb.ac.cn/gsa-human/HRA005567/HRR1375423/HRR1375423_r2.fq.gz,yes,no,data/raw/HRA005567/HRR1375423/HRR1375423_r2.fq.gz,not_downloaded,,ignored,官方HTTPS目录；未下载
HRA005567,HRR1375423,,,,HRR1375423_sta.xml,XML,run_statistics,2378,https://download.cncb.ac.cn/gsa-human/HRA005567/HRR1375423/HRR1375423_sta.xml,no,no,data/external/HRA005567/HRR1375423/HRR1375423_sta.xml,not_downloaded,,ignored,官方run统计；未提交附件
HRA005567,HRR1375424,HRX1076977,CP1-7,CP1-7-h,HRR1375424_f1.fq.gz,FASTQ,raw,5280294098,https://download.cncb.ac.cn/gsa-human/HRA005567/HRR1375424/HRR1375424_f1.fq.gz,yes,no,data/raw/HRA005567/HRR1375424/HRR1375424_f1.fq.gz,not_downloaded,,ignored,官方HTTPS目录；未下载
HRA005567,HRR1375424,HRX1076977,CP1-7,CP1-7-h,HRR1375424_r2.fq.gz,FASTQ,raw,12168448650,https://download.cncb.ac.cn/gsa-human/HRA005567/HRR1375424/HRR1375424_r2.fq.gz,yes,no,data/raw/HRA005567/HRR1375424/HRR1375424_r2.fq.gz,not_downloaded,,ignored,官方HTTPS目录；未下载
HRA005567,HRR1375424,,,,HRR1375424_sta.xml,XML,run_statistics,2384,https://download.cncb.ac.cn/gsa-human/HRA005567/HRR1375424/HRR1375424_sta.xml,no,no,data/external/HRA005567/HRR1375424/HRR1375424_sta.xml,not_downloaded,,ignored,官方run统计；未提交附件
HRA005567,HRR1375425,HRX1076978,CP1-8,CP1-8-a,HRR1375425_f1.fq.gz,FASTQ,raw,3486753765,https://download.cncb.ac.cn/gsa-human/HRA005567/HRR1375425/HRR1375425_f1.fq.gz,yes,no,data/raw/HRA005567/HRR1375425/HRR1375425_f1.fq.gz,not_downloaded,,ignored,官方HTTPS目录；未下载
HRA005567,HRR1375425,HRX1076978,CP1-8,CP1-8-a,HRR1375425_r2.fq.gz,FASTQ,raw,8069439134,https://download.cncb.ac.cn/gsa-human/HRA005567/HRR1375425/HRR1375425_r2.fq.gz,yes,no,data/raw/HRA005567/HRR1375425/HRR1375425_r2.fq.gz,not_downloaded,,ignored,官方HTTPS目录；未下载
HRA005567,HRR1375425,,,,HRR1375425_sta.xml,XML,run_statistics,2379,https://download.cncb.ac.cn/gsa-human/HRA005567/HRR1375425/HRR1375425_sta.xml,no,no,data/external/HRA005567/HRR1375425/HRR1375425_sta.xml,not_downloaded,,ignored,官方run统计；未提交附件
HRA005567,HRR1375426,HRX1076978,CP1-8,CP1-8-b,HRR1375426_f1.fq.gz,FASTQ,raw,5977031541,https://download.cncb.ac.cn/gsa-human/HRA005567/HRR1375426/HRR1375426_f1.fq.gz,yes,no,data/raw/HRA005567/HRR1375426/HRR1375426_f1.fq.gz,not_downloaded,,ignored,官方HTTPS目录；未下载
HRA005567,HRR1375426,HRX1076978,CP1-8,CP1-8-b,HRR1375426_r2.fq.gz,FASTQ,raw,13977469020,https://download.cncb.ac.cn/gsa-human/HRA005567/HRR1375426/HRR1375426_r2.fq.gz,yes,no,data/raw/HRA005567/HRR1375426/HRR1375426_r2.fq.gz,not_downloaded,,ignored,官方HTTPS目录；未下载
HRA005567,HRR1375426,,,,HRR1375426_sta.xml,XML,run_statistics,2388,https://download.cncb.ac.cn/gsa-human/HRA005567/HRR1375426/HRR1375426_sta.xml,no,no,data/external/HRA005567/HRR1375426/HRR1375426_sta.xml,not_downloaded,,ignored,官方run统计；未提交附件
HRA005567,HRR1375427,HRX1076978,CP1-8,CP1-8-c,HRR1375427_f1.fq.gz,FASTQ,raw,5409873381,https://download.cncb.ac.cn/gsa-human/HRA005567/HRR1375427/HRR1375427_f1.fq.gz,yes,no,data/raw/HRA005567/HRR1375427/HRR1375427_f1.fq.gz,not_downloaded,,ignored,官方HTTPS目录；未下载
HRA005567,HRR1375427,HRX1076978,CP1-8,CP1-8-c,HRR1375427_r2.fq.gz,FASTQ,raw,12639548138,https://download.cncb.ac.cn/gsa-human/HRA005567/HRR1375427/HRR1375427_r2.fq.gz,yes,no,data/raw/HRA005567/HRR1375427/HRR1375427_r2.fq.gz,not_downloaded,,ignored,官方HTTPS目录；未下载
HRA005567,HRR1375427,,,,HRR1375427_sta.xml,XML,run_statistics,2386,https://download.cncb.ac.cn/gsa-human/HRA005567/HRR1375427/HRR1375427_sta.xml,no,no,data/external/HRA005567/HRR1375427/HRR1375427_sta.xml,not_downloaded,,ignored,官方run统计；未提交附件
HRA005567,HRR1375428,HRX1076978,CP1-8,CP1-8-d,HRR1375428_f1.fq.gz,FASTQ,raw,408165730,https://download.cncb.ac.cn/gsa-human/HRA005567/HRR1375428/HRR1375428_f1.fq.gz,yes,no,data/raw/HRA005567/HRR1375428/HRR1375428_f1.fq.gz,not_downloaded,,ignored,官方HTTPS目录；未下载
HRA005567,HRR1375428,HRX1076978,CP1-8,CP1-8-d,HRR1375428_r2.fq.gz,FASTQ,raw,949459845,https://download.cncb.ac.cn/gsa-human/HRA005567/HRR1375428/HRR1375428_r2.fq.gz,yes,no,data/raw/HRA005567/HRR1375428/HRR1375428_r2.fq.gz,not_downloaded,,ignored,官方HTTPS目录；未下载
HRA005567,HRR1375428,,,,HRR1375428_sta.xml,XML,run_statistics,2330,https://download.cncb.ac.cn/gsa-human/HRA005567/HRR1375428/HRR1375428_sta.xml,no,no,data/external/HRA005567/HRR1375428/HRR1375428_sta.xml,not_downloaded,,ignored,官方run统计；未提交附件
HRA005567,HRR1375429,HRX1076978,CP1-8,CP1-8-e,HRR1375429_f1.fq.gz,FASTQ,raw,4138827754,https://download.cncb.ac.cn/gsa-human/HRA005567/HRR1375429/HRR1375429_f1.fq.gz,yes,no,data/raw/HRA005567/HRR1375429/HRR1375429_f1.fq.gz,not_downloaded,,ignored,官方HTTPS目录；未下载
HRA005567,HRR1375429,HRX1076978,CP1-8,CP1-8-e,HRR1375429_r2.fq.gz,FASTQ,raw,9578994525,https://download.cncb.ac.cn/gsa-human/HRA005567/HRR1375429/HRR1375429_r2.fq.gz,yes,no,data/raw/HRA005567/HRR1375429/HRR1375429_r2.fq.gz,not_downloaded,,ignored,官方HTTPS目录；未下载
HRA005567,HRR1375429,,,,HRR1375429_sta.xml,XML,run_statistics,2381,https://download.cncb.ac.cn/gsa-human/HRA005567/HRR1375429/HRR1375429_sta.xml,no,no,data/external/HRA005567/HRR1375429/HRR1375429_sta.xml,not_downloaded,,ignored,官方run统计；未提交附件
HRA005567,HRR1375430,HRX1076978,CP1-8,CP1-8-f,HRR1375430_f1.fq.gz,FASTQ,raw,5072960828,https://download.cncb.ac.cn/gsa-human/HRA005567/HRR1375430/HRR1375430_f1.fq.gz,yes,no,data/raw/HRA005567/HRR1375430/HRR1375430_f1.fq.gz,not_downloaded,,ignored,官方HTTPS目录；未下载
HRA005567,HRR1375430,HRX1076978,CP1-8,CP1-8-f,HRR1375430_r2.fq.gz,FASTQ,raw,11697248884,https://download.cncb.ac.cn/gsa-human/HRA005567/HRR1375430/HRR1375430_r2.fq.gz,yes,no,data/raw/HRA005567/HRR1375430/HRR1375430_r2.fq.gz,not_downloaded,,ignored,官方HTTPS目录；未下载
HRA005567,HRR1375430,,,,HRR1375430_sta.xml,XML,run_statistics,2384,https://download.cncb.ac.cn/gsa-human/HRA005567/HRR1375430/HRR1375430_sta.xml,no,no,data/external/HRA005567/HRR1375430/HRR1375430_sta.xml,not_downloaded,,ignored,官方run统计；未提交附件
HRA005567,HRR1375431,HRX1076978,CP1-8,CP1-8-g,HRR1375431_f1.fq.gz,FASTQ,raw,5662409581,https://download.cncb.ac.cn/gsa-human/HRA005567/HRR1375431/HRR1375431_f1.fq.gz,yes,no,data/raw/HRA005567/HRR1375431/HRR1375431_f1.fq.gz,not_downloaded,,ignored,官方HTTPS目录；未下载
HRA005567,HRR1375431,HRX1076978,CP1-8,CP1-8-g,HRR1375431_r2.fq.gz,FASTQ,raw,13245445790,https://download.cncb.ac.cn/gsa-human/HRA005567/HRR1375431/HRR1375431_r2.fq.gz,yes,no,data/raw/HRA005567/HRR1375431/HRR1375431_r2.fq.gz,not_downloaded,,ignored,官方HTTPS目录；未下载
HRA005567,HRR1375431,,,,HRR1375431_sta.xml,XML,run_statistics,2387,https://download.cncb.ac.cn/gsa-human/HRA005567/HRR1375431/HRR1375431_sta.xml,no,no,data/external/HRA005567/HRR1375431/HRR1375431_sta.xml,not_downloaded,,ignored,官方run统计；未提交附件
HRA005567,HRR1375432,HRX1076978,CP1-8,CP1-8-h,HRR1375432_f1.fq.gz,FASTQ,raw,5164642173,https://download.cncb.ac.cn/gsa-human/HRA005567/HRR1375432/HRR1375432_f1.fq.gz,yes,no,data/raw/HRA005567/HRR1375432/HRR1375432_f1.fq.gz,not_downloaded,,ignored,官方HTTPS目录；未下载
HRA005567,HRR1375432,HRX1076978,CP1-8,CP1-8-h,HRR1375432_r2.fq.gz,FASTQ,raw,12048673617,https://download.cncb.ac.cn/gsa-human/HRA005567/HRR1375432/HRR1375432_r2.fq.gz,yes,no,data/raw/HRA005567/HRR1375432/HRR1375432_r2.fq.gz,not_downloaded,,ignored,官方HTTPS目录；未下载
HRA005567,HRR1375432,,,,HRR1375432_sta.xml,XML,run_statistics,2384,https://download.cncb.ac.cn/gsa-human/HRA005567/HRR1375432/HRR1375432_sta.xml,no,no,data/external/HRA005567/HRR1375432/HRR1375432_sta.xml,not_downloaded,,ignored,官方run统计；未提交附件
HRA005567,HRR1375433,HRX1076978,CP1-8,CP1-8-2a,HRR1375433_f1.fq.gz,FASTQ,raw,3510032062,https://download.cncb.ac.cn/gsa-human/HRA005567/HRR1375433/HRR1375433_f1.fq.gz,yes,no,data/raw/HRA005567/HRR1375433/HRR1375433_f1.fq.gz,not_downloaded,,ignored,官方HTTPS目录；未下载
HRA005567,HRR1375433,HRX1076978,CP1-8,CP1-8-2a,HRR1375433_r2.fq.gz,FASTQ,raw,8087489901,https://download.cncb.ac.cn/gsa-human/HRA005567/HRR1375433/HRR1375433_r2.fq.gz,yes,no,data/raw/HRA005567/HRR1375433/HRR1375433_r2.fq.gz,not_downloaded,,ignored,官方HTTPS目录；未下载
HRA005567,HRR1375433,,,,HRR1375433_sta.xml,XML,run_statistics,2369,https://download.cncb.ac.cn/gsa-human/HRA005567/HRR1375433/HRR1375433_sta.xml,no,no,data/external/HRA005567/HRR1375433/HRR1375433_sta.xml,not_downloaded,,ignored,官方run统计；未提交附件
HRA005567,HRR1375434,HRX1076978,CP1-8,CP1-8-2b,HRR1375434_f1.fq.gz,FASTQ,raw,6017887032,https://download.cncb.ac.cn/gsa-human/HRA005567/HRR1375434/HRR1375434_f1.fq.gz,yes,no,data/raw/HRA005567/HRR1375434/HRR1375434_f1.fq.gz,not_downloaded,,ignored,官方HTTPS目录；未下载
HRA005567,HRR1375434,HRX1076978,CP1-8,CP1-8-2b,HRR1375434_r2.fq.gz,FASTQ,raw,13999245592,https://download.cncb.ac.cn/gsa-human/HRA005567/HRR1375434/HRR1375434_r2.fq.gz,yes,no,data/raw/HRA005567/HRR1375434/HRR1375434_r2.fq.gz,not_downloaded,,ignored,官方HTTPS目录；未下载
HRA005567,HRR1375434,,,,HRR1375434_sta.xml,XML,run_statistics,2383,https://download.cncb.ac.cn/gsa-human/HRA005567/HRR1375434/HRR1375434_sta.xml,no,no,data/external/HRA005567/HRR1375434/HRR1375434_sta.xml,not_downloaded,,ignored,官方run统计；未提交附件
HRA005567,HRR1375435,HRX1076978,CP1-8,CP1-8-2c,HRR1375435_f1.fq.gz,FASTQ,raw,5509160721,https://download.cncb.ac.cn/gsa-human/HRA005567/HRR1375435/HRR1375435_f1.fq.gz,yes,no,data/raw/HRA005567/HRR1375435/HRR1375435_f1.fq.gz,not_downloaded,,ignored,官方HTTPS目录；未下载
HRA005567,HRR1375435,HRX1076978,CP1-8,CP1-8-2c,HRR1375435_r2.fq.gz,FASTQ,raw,12814021766,https://download.cncb.ac.cn/gsa-human/HRA005567/HRR1375435/HRR1375435_r2.fq.gz,yes,no,data/raw/HRA005567/HRR1375435/HRR1375435_r2.fq.gz,not_downloaded,,ignored,官方HTTPS目录；未下载
HRA005567,HRR1375435,,,,HRR1375435_sta.xml,XML,run_statistics,2381,https://download.cncb.ac.cn/gsa-human/HRA005567/HRR1375435/HRR1375435_sta.xml,no,no,data/external/HRA005567/HRR1375435/HRR1375435_sta.xml,not_downloaded,,ignored,官方run统计；未提交附件
HRA005567,HRR1375436,HRX1076978,CP1-8,CP1-8-2d,HRR1375436_f1.fq.gz,FASTQ,raw,418251368,https://download.cncb.ac.cn/gsa-human/HRA005567/HRR1375436/HRR1375436_f1.fq.gz,yes,no,data/raw/HRA005567/HRR1375436/HRR1375436_f1.fq.gz,not_downloaded,,ignored,官方HTTPS目录；未下载
HRA005567,HRR1375436,HRX1076978,CP1-8,CP1-8-2d,HRR1375436_r2.fq.gz,FASTQ,raw,967847877,https://download.cncb.ac.cn/gsa-human/HRA005567/HRR1375436/HRR1375436_r2.fq.gz,yes,no,data/raw/HRA005567/HRR1375436/HRR1375436_r2.fq.gz,not_downloaded,,ignored,官方HTTPS目录；未下载
HRA005567,HRR1375436,,,,HRR1375436_sta.xml,XML,run_statistics,2324,https://download.cncb.ac.cn/gsa-human/HRA005567/HRR1375436/HRR1375436_sta.xml,no,no,data/external/HRA005567/HRR1375436/HRR1375436_sta.xml,not_downloaded,,ignored,官方run统计；未提交附件
HRA005567,HRR1375437,HRX1076978,CP1-8,CP1-8-2e,HRR1375437_f1.fq.gz,FASTQ,raw,4168879147,https://download.cncb.ac.cn/gsa-human/HRA005567/HRR1375437/HRR1375437_f1.fq.gz,yes,no,data/raw/HRA005567/HRR1375437/HRR1375437_f1.fq.gz,not_downloaded,,ignored,官方HTTPS目录；未下载
HRA005567,HRR1375437,HRX1076978,CP1-8,CP1-8-2e,HRR1375437_r2.fq.gz,FASTQ,raw,9606232545,https://download.cncb.ac.cn/gsa-human/HRA005567/HRR1375437/HRR1375437_r2.fq.gz,yes,no,data/raw/HRA005567/HRR1375437/HRR1375437_r2.fq.gz,not_downloaded,,ignored,官方HTTPS目录；未下载
HRA005567,HRR1375437,,,,HRR1375437_sta.xml,XML,run_statistics,2374,https://download.cncb.ac.cn/gsa-human/HRA005567/HRR1375437/HRR1375437_sta.xml,no,no,data/external/HRA005567/HRR1375437/HRR1375437_sta.xml,not_downloaded,,ignored,官方run统计；未提交附件
HRA005567,HRR1375438,HRX1076978,CP1-8,CP1-8-2f,HRR1375438_f1.fq.gz,FASTQ,raw,5126514956,https://download.cncb.ac.cn/gsa-human/HRA005567/HRR1375438/HRR1375438_f1.fq.gz,yes,no,data/raw/HRA005567/HRR1375438/HRR1375438_f1.fq.gz,not_downloaded,,ignored,官方HTTPS目录；未下载
HRA005567,HRR1375438,HRX1076978,CP1-8,CP1-8-2f,HRR1375438_r2.fq.gz,FASTQ,raw,11846739428,https://download.cncb.ac.cn/gsa-human/HRA005567/HRR1375438/HRR1375438_r2.fq.gz,yes,no,data/raw/HRA005567/HRR1375438/HRR1375438_r2.fq.gz,not_downloaded,,ignored,官方HTTPS目录；未下载
HRA005567,HRR1375438,,,,HRR1375438_sta.xml,XML,run_statistics,2379,https://download.cncb.ac.cn/gsa-human/HRA005567/HRR1375438/HRR1375438_sta.xml,no,no,data/external/HRA005567/HRR1375438/HRR1375438_sta.xml,not_downloaded,,ignored,官方run统计；未提交附件
HRA005567,HRR1375439,HRX1076978,CP1-8,CP1-8-2g,HRR1375439_f1.fq.gz,FASTQ,raw,5758075276,https://download.cncb.ac.cn/gsa-human/HRA005567/HRR1375439/HRR1375439_f1.fq.gz,yes,no,data/raw/HRA005567/HRR1375439/HRR1375439_f1.fq.gz,not_downloaded,,ignored,官方HTTPS目录；未下载
HRA005567,HRR1375439,HRX1076978,CP1-8,CP1-8-2g,HRR1375439_r2.fq.gz,FASTQ,raw,13415400847,https://download.cncb.ac.cn/gsa-human/HRA005567/HRR1375439/HRR1375439_r2.fq.gz,yes,no,data/raw/HRA005567/HRR1375439/HRR1375439_r2.fq.gz,not_downloaded,,ignored,官方HTTPS目录；未下载
HRA005567,HRR1375439,,,,HRR1375439_sta.xml,XML,run_statistics,2382,https://download.cncb.ac.cn/gsa-human/HRA005567/HRR1375439/HRR1375439_sta.xml,no,no,data/external/HRA005567/HRR1375439/HRR1375439_sta.xml,not_downloaded,,ignored,官方run统计；未提交附件
HRA005567,HRR1375440,HRX1076978,CP1-8,CP1-8-2h,HRR1375440_f1.fq.gz,FASTQ,raw,5205967840,https://download.cncb.ac.cn/gsa-human/HRA005567/HRR1375440/HRR1375440_f1.fq.gz,yes,no,data/raw/HRA005567/HRR1375440/HRR1375440_f1.fq.gz,not_downloaded,,ignored,官方HTTPS目录；未下载
HRA005567,HRR1375440,HRX1076978,CP1-8,CP1-8-2h,HRR1375440_r2.fq.gz,FASTQ,raw,12121091473,https://download.cncb.ac.cn/gsa-human/HRA005567/HRR1375440/HRR1375440_r2.fq.gz,yes,no,data/raw/HRA005567/HRR1375440/HRR1375440_r2.fq.gz,not_downloaded,,ignored,官方HTTPS目录；未下载
HRA005567,HRR1375440,,,,HRR1375440_sta.xml,XML,run_statistics,2379,https://download.cncb.ac.cn/gsa-human/HRA005567/HRR1375440/HRR1375440_sta.xml,no,no,data/external/HRA005567/HRR1375440/HRR1375440_sta.xml,not_downloaded,,ignored,官方run统计；未提交附件
HRA005567,HRR1375441,HRX1076979,CP1-9,CP1-9-a,HRR1375441_f1.fq.gz,FASTQ,raw,3692881651,https://download.cncb.ac.cn/gsa-human/HRA005567/HRR1375441/HRR1375441_f1.fq.gz,yes,no,data/raw/HRA005567/HRR1375441/HRR1375441_f1.fq.gz,not_downloaded,,ignored,官方HTTPS目录；未下载
HRA005567,HRR1375441,HRX1076979,CP1-9,CP1-9-a,HRR1375441_r2.fq.gz,FASTQ,raw,8647358140,https://download.cncb.ac.cn/gsa-human/HRA005567/HRR1375441/HRR1375441_r2.fq.gz,yes,no,data/raw/HRA005567/HRR1375441/HRR1375441_r2.fq.gz,not_downloaded,,ignored,官方HTTPS目录；未下载
HRA005567,HRR1375441,,,,HRR1375441_sta.xml,XML,run_statistics,2379,https://download.cncb.ac.cn/gsa-human/HRA005567/HRR1375441/HRR1375441_sta.xml,no,no,data/external/HRA005567/HRR1375441/HRR1375441_sta.xml,not_downloaded,,ignored,官方run统计；未提交附件
HRA005567,HRR1375442,HRX1076979,CP1-9,CP1-9-b,HRR1375442_f1.fq.gz,FASTQ,raw,1510432498,https://download.cncb.ac.cn/gsa-human/HRA005567/HRR1375442/HRR1375442_f1.fq.gz,yes,no,data/raw/HRA005567/HRR1375442/HRR1375442_f1.fq.gz,not_downloaded,,ignored,官方HTTPS目录；未下载
HRA005567,HRR1375442,HRX1076979,CP1-9,CP1-9-b,HRR1375442_r2.fq.gz,FASTQ,raw,3513327575,https://download.cncb.ac.cn/gsa-human/HRA005567/HRR1375442/HRR1375442_r2.fq.gz,yes,no,data/raw/HRA005567/HRR1375442/HRR1375442_r2.fq.gz,not_downloaded,,ignored,官方HTTPS目录；未下载
HRA005567,HRR1375442,,,,HRR1375442_sta.xml,XML,run_statistics,2356,https://download.cncb.ac.cn/gsa-human/HRA005567/HRR1375442/HRR1375442_sta.xml,no,no,data/external/HRA005567/HRR1375442/HRR1375442_sta.xml,not_downloaded,,ignored,官方run统计；未提交附件
HRA005567,HRR1375443,HRX1076979,CP1-9,CP1-9-c,HRR1375443_f1.fq.gz,FASTQ,raw,2773497417,https://download.cncb.ac.cn/gsa-human/HRA005567/HRR1375443/HRR1375443_f1.fq.gz,yes,no,data/raw/HRA005567/HRR1375443/HRR1375443_f1.fq.gz,not_downloaded,,ignored,官方HTTPS目录；未下载
HRA005567,HRR1375443,HRX1076979,CP1-9,CP1-9-c,HRR1375443_r2.fq.gz,FASTQ,raw,6469460607,https://download.cncb.ac.cn/gsa-human/HRA005567/HRR1375443/HRR1375443_r2.fq.gz,yes,no,data/raw/HRA005567/HRR1375443/HRR1375443_r2.fq.gz,not_downloaded,,ignored,官方HTTPS目录；未下载
HRA005567,HRR1375443,,,,HRR1375443_sta.xml,XML,run_statistics,2367,https://download.cncb.ac.cn/gsa-human/HRA005567/HRR1375443/HRR1375443_sta.xml,no,no,data/external/HRA005567/HRR1375443/HRR1375443_sta.xml,not_downloaded,,ignored,官方run统计；未提交附件
HRA005567,HRR1375444,HRX1076979,CP1-9,CP1-9-d,HRR1375444_f1.fq.gz,FASTQ,raw,1944342225,https://download.cncb.ac.cn/gsa-human/HRA005567/HRR1375444/HRR1375444_f1.fq.gz,yes,no,data/raw/HRA005567/HRR1375444/HRR1375444_f1.fq.gz,not_downloaded,,ignored,官方HTTPS目录；未下载
HRA005567,HRR1375444,HRX1076979,CP1-9,CP1-9-d,HRR1375444_r2.fq.gz,FASTQ,raw,4523595097,https://download.cncb.ac.cn/gsa-human/HRA005567/HRR1375444/HRR1375444_r2.fq.gz,yes,no,data/raw/HRA005567/HRR1375444/HRR1375444_r2.fq.gz,not_downloaded,,ignored,官方HTTPS目录；未下载
HRA005567,HRR1375444,,,,HRR1375444_sta.xml,XML,run_statistics,2359,https://download.cncb.ac.cn/gsa-human/HRA005567/HRR1375444/HRR1375444_sta.xml,no,no,data/external/HRA005567/HRR1375444/HRR1375444_sta.xml,not_downloaded,,ignored,官方run统计；未提交附件
HRA005567,HRR1375445,HRX1076979,CP1-9,CP1-9-e,HRR1375445_f1.fq.gz,FASTQ,raw,5430702054,https://download.cncb.ac.cn/gsa-human/HRA005567/HRR1375445/HRR1375445_f1.fq.gz,yes,no,data/raw/HRA005567/HRR1375445/HRR1375445_f1.fq.gz,not_downloaded,,ignored,官方HTTPS目录；未下载
HRA005567,HRR1375445,HRX1076979,CP1-9,CP1-9-e,HRR1375445_r2.fq.gz,FASTQ,raw,12722183236,https://download.cncb.ac.cn/gsa-human/HRA005567/HRR1375445/HRR1375445_r2.fq.gz,yes,no,data/raw/HRA005567/HRR1375445/HRR1375445_r2.fq.gz,not_downloaded,,ignored,官方HTTPS目录；未下载
HRA005567,HRR1375445,,,,HRR1375445_sta.xml,XML,run_statistics,2387,https://download.cncb.ac.cn/gsa-human/HRA005567/HRR1375445/HRR1375445_sta.xml,no,no,data/external/HRA005567/HRR1375445/HRR1375445_sta.xml,not_downloaded,,ignored,官方run统计；未提交附件
HRA005567,HRR1375446,HRX1076979,CP1-9,CP1-9-f,HRR1375446_f1.fq.gz,FASTQ,raw,5686572475,https://download.cncb.ac.cn/gsa-human/HRA005567/HRR1375446/HRR1375446_f1.fq.gz,yes,no,data/raw/HRA005567/HRR1375446/HRR1375446_f1.fq.gz,not_downloaded,,ignored,官方HTTPS目录；未下载
HRA005567,HRR1375446,HRX1076979,CP1-9,CP1-9-f,HRR1375446_r2.fq.gz,FASTQ,raw,13392526707,https://download.cncb.ac.cn/gsa-human/HRA005567/HRR1375446/HRR1375446_r2.fq.gz,yes,no,data/raw/HRA005567/HRR1375446/HRR1375446_r2.fq.gz,not_downloaded,,ignored,官方HTTPS目录；未下载
HRA005567,HRR1375446,,,,HRR1375446_sta.xml,XML,run_statistics,2388,https://download.cncb.ac.cn/gsa-human/HRA005567/HRR1375446/HRR1375446_sta.xml,no,no,data/external/HRA005567/HRR1375446/HRR1375446_sta.xml,not_downloaded,,ignored,官方run统计；未提交附件
HRA005567,HRR1375447,HRX1076979,CP1-9,CP1-9-g,HRR1375447_f1.fq.gz,FASTQ,raw,5329208110,https://download.cncb.ac.cn/gsa-human/HRA005567/HRR1375447/HRR1375447_f1.fq.gz,yes,no,data/raw/HRA005567/HRR1375447/HRR1375447_f1.fq.gz,not_downloaded,,ignored,官方HTTPS目录；未下载
HRA005567,HRR1375447,HRX1076979,CP1-9,CP1-9-g,HRR1375447_r2.fq.gz,FASTQ,raw,12529102251,https://download.cncb.ac.cn/gsa-human/HRA005567/HRR1375447/HRR1375447_r2.fq.gz,yes,no,data/raw/HRA005567/HRR1375447/HRR1375447_r2.fq.gz,not_downloaded,,ignored,官方HTTPS目录；未下载
HRA005567,HRR1375447,,,,HRR1375447_sta.xml,XML,run_statistics,2387,https://download.cncb.ac.cn/gsa-human/HRA005567/HRR1375447/HRR1375447_sta.xml,no,no,data/external/HRA005567/HRR1375447/HRR1375447_sta.xml,not_downloaded,,ignored,官方run统计；未提交附件
HRA005567,HRR1375448,HRX1076979,CP1-9,CP1-9-h,HRR1375448_f1.fq.gz,FASTQ,raw,6222522293,https://download.cncb.ac.cn/gsa-human/HRA005567/HRR1375448/HRR1375448_f1.fq.gz,yes,no,data/raw/HRA005567/HRR1375448/HRR1375448_f1.fq.gz,not_downloaded,,ignored,官方HTTPS目录；未下载
HRA005567,HRR1375448,HRX1076979,CP1-9,CP1-9-h,HRR1375448_r2.fq.gz,FASTQ,raw,14647550118,https://download.cncb.ac.cn/gsa-human/HRA005567/HRR1375448/HRR1375448_r2.fq.gz,yes,no,data/raw/HRA005567/HRR1375448/HRR1375448_r2.fq.gz,not_downloaded,,ignored,官方HTTPS目录；未下载
HRA005567,HRR1375448,,,,HRR1375448_sta.xml,XML,run_statistics,2388,https://download.cncb.ac.cn/gsa-human/HRA005567/HRR1375448/HRR1375448_sta.xml,no,no,data/external/HRA005567/HRR1375448/HRR1375448_sta.xml,not_downloaded,,ignored,官方run统计；未提交附件
HRA005567,HRR1375449,HRX1076979,CP1-9,CP1-9-2a,HRR1375449_f1.fq.gz,FASTQ,raw,3754653826,https://download.cncb.ac.cn/gsa-human/HRA005567/HRR1375449/HRR1375449_f1.fq.gz,yes,no,data/raw/HRA005567/HRR1375449/HRR1375449_f1.fq.gz,not_downloaded,,ignored,官方HTTPS目录；未下载
HRA005567,HRR1375449,HRX1076979,CP1-9,CP1-9-2a,HRR1375449_r2.fq.gz,FASTQ,raw,8746047763,https://download.cncb.ac.cn/gsa-human/HRA005567/HRR1375449/HRR1375449_r2.fq.gz,yes,no,data/raw/HRA005567/HRR1375449/HRR1375449_r2.fq.gz,not_downloaded,,ignored,官方HTTPS目录；未下载
HRA005567,HRR1375449,,,,HRR1375449_sta.xml,XML,run_statistics,2371,https://download.cncb.ac.cn/gsa-human/HRA005567/HRR1375449/HRR1375449_sta.xml,no,no,data/external/HRA005567/HRR1375449/HRR1375449_sta.xml,not_downloaded,,ignored,官方run统计；未提交附件
HRA005567,HRR1375450,HRX1076979,CP1-9,CP1-9-2b,HRR1375450_f1.fq.gz,FASTQ,raw,1525621505,https://download.cncb.ac.cn/gsa-human/HRA005567/HRR1375450/HRR1375450_f1.fq.gz,yes,no,data/raw/HRA005567/HRR1375450/HRR1375450_f1.fq.gz,not_downloaded,,ignored,官方HTTPS目录；未下载
HRA005567,HRR1375450,HRX1076979,CP1-9,CP1-9-2b,HRR1375450_r2.fq.gz,FASTQ,raw,3537191385,https://download.cncb.ac.cn/gsa-human/HRA005567/HRR1375450/HRR1375450_r2.fq.gz,yes,no,data/raw/HRA005567/HRR1375450/HRR1375450_r2.fq.gz,not_downloaded,,ignored,官方HTTPS目录；未下载
HRA005567,HRR1375450,,,,HRR1375450_sta.xml,XML,run_statistics,2350,https://download.cncb.ac.cn/gsa-human/HRA005567/HRR1375450/HRR1375450_sta.xml,no,no,data/external/HRA005567/HRR1375450/HRR1375450_sta.xml,not_downloaded,,ignored,官方run统计；未提交附件
HRA005567,HRR1375451,HRX1076979,CP1-9,CP1-9-2c,HRR1375451_f1.fq.gz,FASTQ,raw,2670548882,https://download.cncb.ac.cn/gsa-human/HRA005567/HRR1375451/HRR1375451_f1.fq.gz,yes,no,data/raw/HRA005567/HRR1375451/HRR1375451_f1.fq.gz,not_downloaded,,ignored,官方HTTPS目录；未下载
HRA005567,HRR1375451,HRX1076979,CP1-9,CP1-9-2c,HRR1375451_r2.fq.gz,FASTQ,raw,6212584801,https://download.cncb.ac.cn/gsa-human/HRA005567/HRR1375451/HRR1375451_r2.fq.gz,yes,no,data/raw/HRA005567/HRR1375451/HRR1375451_r2.fq.gz,not_downloaded,,ignored,官方HTTPS目录；未下载
HRA005567,HRR1375451,,,,HRR1375451_sta.xml,XML,run_statistics,2360,https://download.cncb.ac.cn/gsa-human/HRA005567/HRR1375451/HRR1375451_sta.xml,no,no,data/external/HRA005567/HRR1375451/HRR1375451_sta.xml,not_downloaded,,ignored,官方run统计；未提交附件
HRA005567,HRR1375452,HRX1076979,CP1-9,CP1-9-2d,HRR1375452_f1.fq.gz,FASTQ,raw,1954189568,https://download.cncb.ac.cn/gsa-human/HRA005567/HRR1375452/HRR1375452_f1.fq.gz,yes,no,data/raw/HRA005567/HRR1375452/HRR1375452_f1.fq.gz,not_downloaded,,ignored,官方HTTPS目录；未下载
HRA005567,HRR1375452,HRX1076979,CP1-9,CP1-9-2d,HRR1375452_r2.fq.gz,FASTQ,raw,4567567224,https://download.cncb.ac.cn/gsa-human/HRA005567/HRR1375452/HRR1375452_r2.fq.gz,yes,no,data/raw/HRA005567/HRR1375452/HRR1375452_r2.fq.gz,not_downloaded,,ignored,官方HTTPS目录；未下载
HRA005567,HRR1375452,,,,HRR1375452_sta.xml,XML,run_statistics,2352,https://download.cncb.ac.cn/gsa-human/HRA005567/HRR1375452/HRR1375452_sta.xml,no,no,data/external/HRA005567/HRR1375452/HRR1375452_sta.xml,not_downloaded,,ignored,官方run统计；未提交附件
HRA005567,HRR1375453,HRX1076979,CP1-9,CP1-9-2e,HRR1375453_f1.fq.gz,FASTQ,raw,5406733328,https://download.cncb.ac.cn/gsa-human/HRA005567/HRR1375453/HRR1375453_f1.fq.gz,yes,no,data/raw/HRA005567/HRR1375453/HRR1375453_f1.fq.gz,not_downloaded,,ignored,官方HTTPS目录；未下载
HRA005567,HRR1375453,HRX1076979,CP1-9,CP1-9-2e,HRR1375453_r2.fq.gz,FASTQ,raw,12611371807,https://download.cncb.ac.cn/gsa-human/HRA005567/HRR1375453/HRR1375453_r2.fq.gz,yes,no,data/raw/HRA005567/HRR1375453/HRR1375453_r2.fq.gz,not_downloaded,,ignored,官方HTTPS目录；未下载
HRA005567,HRR1375453,,,,HRR1375453_sta.xml,XML,run_statistics,2381,https://download.cncb.ac.cn/gsa-human/HRA005567/HRR1375453/HRR1375453_sta.xml,no,no,data/external/HRA005567/HRR1375453/HRR1375453_sta.xml,not_downloaded,,ignored,官方run统计；未提交附件
HRA005567,HRR1375454,HRX1076979,CP1-9,CP1-9-2f,HRR1375454_f1.fq.gz,FASTQ,raw,5704642480,https://download.cncb.ac.cn/gsa-human/HRA005567/HRR1375454/HRR1375454_f1.fq.gz,yes,no,data/raw/HRA005567/HRR1375454/HRR1375454_f1.fq.gz,not_downloaded,,ignored,官方HTTPS目录；未下载
HRA005567,HRR1375454,HRX1076979,CP1-9,CP1-9-2f,HRR1375454_r2.fq.gz,FASTQ,raw,13357638102,https://download.cncb.ac.cn/gsa-human/HRA005567/HRR1375454/HRR1375454_r2.fq.gz,yes,no,data/raw/HRA005567/HRR1375454/HRR1375454_r2.fq.gz,not_downloaded,,ignored,官方HTTPS目录；未下载
HRA005567,HRR1375454,,,,HRR1375454_sta.xml,XML,run_statistics,2382,https://download.cncb.ac.cn/gsa-human/HRA005567/HRR1375454/HRR1375454_sta.xml,no,no,data/external/HRA005567/HRR1375454/HRR1375454_sta.xml,not_downloaded,,ignored,官方run统计；未提交附件
HRA005567,HRR1375455,HRX1076979,CP1-9,CP1-9-2g,HRR1375455_f1.fq.gz,FASTQ,raw,5378724008,https://download.cncb.ac.cn/gsa-human/HRA005567/HRR1375455/HRR1375455_f1.fq.gz,yes,no,data/raw/HRA005567/HRR1375455/HRR1375455_f1.fq.gz,not_downloaded,,ignored,官方HTTPS目录；未下载
HRA005567,HRR1375455,HRX1076979,CP1-9,CP1-9-2g,HRR1375455_r2.fq.gz,FASTQ,raw,12575653722,https://download.cncb.ac.cn/gsa-human/HRA005567/HRR1375455/HRR1375455_r2.fq.gz,yes,no,data/raw/HRA005567/HRR1375455/HRR1375455_r2.fq.gz,not_downloaded,,ignored,官方HTTPS目录；未下载
HRA005567,HRR1375455,,,,HRR1375455_sta.xml,XML,run_statistics,2381,https://download.cncb.ac.cn/gsa-human/HRA005567/HRR1375455/HRR1375455_sta.xml,no,no,data/external/HRA005567/HRR1375455/HRR1375455_sta.xml,not_downloaded,,ignored,官方run统计；未提交附件
HRA005567,HRR1375456,HRX1076979,CP1-9,CP1-9-2h,HRR1375456_f1.fq.gz,FASTQ,raw,6323404988,https://download.cncb.ac.cn/gsa-human/HRA005567/HRR1375456/HRR1375456_f1.fq.gz,yes,no,data/raw/HRA005567/HRR1375456/HRR1375456_f1.fq.gz,not_downloaded,,ignored,官方HTTPS目录；未下载
HRA005567,HRR1375456,HRX1076979,CP1-9,CP1-9-2h,HRR1375456_r2.fq.gz,FASTQ,raw,14820465612,https://download.cncb.ac.cn/gsa-human/HRA005567/HRR1375456/HRR1375456_r2.fq.gz,yes,no,data/raw/HRA005567/HRR1375456/HRR1375456_r2.fq.gz,not_downloaded,,ignored,官方HTTPS目录；未下载
HRA005567,HRR1375456,,,,HRR1375456_sta.xml,XML,run_statistics,2383,https://download.cncb.ac.cn/gsa-human/HRA005567/HRR1375456/HRR1375456_sta.xml,no,no,data/external/HRA005567/HRR1375456/HRR1375456_sta.xml,not_downloaded,,ignored,官方run统计；未提交附件
HRA005567,HRR1375457,HRX1076980,CP1-10,CP1-10-a,HRR1375457_f1.fq.gz,FASTQ,raw,6818394663,https://download.cncb.ac.cn/gsa-human/HRA005567/HRR1375457/HRR1375457_f1.fq.gz,yes,no,data/raw/HRA005567/HRR1375457/HRR1375457_f1.fq.gz,not_downloaded,,ignored,官方HTTPS目录；未下载
HRA005567,HRR1375457,HRX1076980,CP1-10,CP1-10-a,HRR1375457_r2.fq.gz,FASTQ,raw,15893242729,https://download.cncb.ac.cn/gsa-human/HRA005567/HRR1375457/HRR1375457_r2.fq.gz,yes,no,data/raw/HRA005567/HRR1375457/HRR1375457_r2.fq.gz,not_downloaded,,ignored,官方HTTPS目录；未下载
HRA005567,HRR1375457,,,,HRR1375457_sta.xml,XML,run_statistics,2388,https://download.cncb.ac.cn/gsa-human/HRA005567/HRR1375457/HRR1375457_sta.xml,no,no,data/external/HRA005567/HRR1375457/HRR1375457_sta.xml,not_downloaded,,ignored,官方run统计；未提交附件
HRA005567,HRR1375458,HRX1076980,CP1-10,CP1-10-b,HRR1375458_f1.fq.gz,FASTQ,raw,4382059021,https://download.cncb.ac.cn/gsa-human/HRA005567/HRR1375458/HRR1375458_f1.fq.gz,yes,no,data/raw/HRA005567/HRR1375458/HRR1375458_f1.fq.gz,not_downloaded,,ignored,官方HTTPS目录；未下载
HRA005567,HRR1375458,HRX1076980,CP1-10,CP1-10-b,HRR1375458_r2.fq.gz,FASTQ,raw,10146913645,https://download.cncb.ac.cn/gsa-human/HRA005567/HRR1375458/HRR1375458_r2.fq.gz,yes,no,data/raw/HRA005567/HRR1375458/HRR1375458_r2.fq.gz,not_downloaded,,ignored,官方HTTPS目录；未下载
HRA005567,HRR1375458,,,,HRR1375458_sta.xml,XML,run_statistics,2381,https://download.cncb.ac.cn/gsa-human/HRA005567/HRR1375458/HRR1375458_sta.xml,no,no,data/external/HRA005567/HRR1375458/HRR1375458_sta.xml,not_downloaded,,ignored,官方run统计；未提交附件
HRA005567,HRR1375459,HRX1076980,CP1-10,CP1-10-c,HRR1375459_f1.fq.gz,FASTQ,raw,5379608217,https://download.cncb.ac.cn/gsa-human/HRA005567/HRR1375459/HRR1375459_f1.fq.gz,yes,no,data/raw/HRA005567/HRR1375459/HRR1375459_f1.fq.gz,not_downloaded,,ignored,官方HTTPS目录；未下载
HRA005567,HRR1375459,HRX1076980,CP1-10,CP1-10-c,HRR1375459_r2.fq.gz,FASTQ,raw,12481636945,https://download.cncb.ac.cn/gsa-human/HRA005567/HRR1375459/HRR1375459_r2.fq.gz,yes,no,data/raw/HRA005567/HRR1375459/HRR1375459_r2.fq.gz,not_downloaded,,ignored,官方HTTPS目录；未下载
HRA005567,HRR1375459,,,,HRR1375459_sta.xml,XML,run_statistics,2385,https://download.cncb.ac.cn/gsa-human/HRA005567/HRR1375459/HRR1375459_sta.xml,no,no,data/external/HRA005567/HRR1375459/HRR1375459_sta.xml,not_downloaded,,ignored,官方run统计；未提交附件
HRA005567,HRR1375460,HRX1076980,CP1-10,CP1-10-d,HRR1375460_f1.fq.gz,FASTQ,raw,6899912412,https://download.cncb.ac.cn/gsa-human/HRA005567/HRR1375460/HRR1375460_f1.fq.gz,yes,no,data/raw/HRA005567/HRR1375460/HRR1375460_f1.fq.gz,not_downloaded,,ignored,官方HTTPS目录；未下载
HRA005567,HRR1375460,HRX1076980,CP1-10,CP1-10-d,HRR1375460_r2.fq.gz,FASTQ,raw,16002738756,https://download.cncb.ac.cn/gsa-human/HRA005567/HRR1375460/HRR1375460_r2.fq.gz,yes,no,data/raw/HRA005567/HRR1375460/HRR1375460_r2.fq.gz,not_downloaded,,ignored,官方HTTPS目录；未下载
HRA005567,HRR1375460,,,,HRR1375460_sta.xml,XML,run_statistics,2389,https://download.cncb.ac.cn/gsa-human/HRA005567/HRR1375460/HRR1375460_sta.xml,no,no,data/external/HRA005567/HRR1375460/HRR1375460_sta.xml,not_downloaded,,ignored,官方run统计；未提交附件
HRA005567,HRR1375461,HRX1076980,CP1-10,CP1-10-e,HRR1375461_f1.fq.gz,FASTQ,raw,810565917,https://download.cncb.ac.cn/gsa-human/HRA005567/HRR1375461/HRR1375461_f1.fq.gz,yes,no,data/raw/HRA005567/HRR1375461/HRR1375461_f1.fq.gz,not_downloaded,,ignored,官方HTTPS目录；未下载
HRA005567,HRR1375461,HRX1076980,CP1-10,CP1-10-e,HRR1375461_r2.fq.gz,FASTQ,raw,1869773459,https://download.cncb.ac.cn/gsa-human/HRA005567/HRR1375461/HRR1375461_r2.fq.gz,yes,no,data/raw/HRA005567/HRR1375461/HRR1375461_r2.fq.gz,not_downloaded,,ignored,官方HTTPS目录；未下载
HRA005567,HRR1375461,,,,HRR1375461_sta.xml,XML,run_statistics,2341,https://download.cncb.ac.cn/gsa-human/HRA005567/HRR1375461/HRR1375461_sta.xml,no,no,data/external/HRA005567/HRR1375461/HRR1375461_sta.xml,not_downloaded,,ignored,官方run统计；未提交附件
HRA005567,HRR1375462,HRX1076980,CP1-10,CP1-10-f,HRR1375462_f1.fq.gz,FASTQ,raw,3564747473,https://download.cncb.ac.cn/gsa-human/HRA005567/HRR1375462/HRR1375462_f1.fq.gz,yes,no,data/raw/HRA005567/HRR1375462/HRR1375462_f1.fq.gz,not_downloaded,,ignored,官方HTTPS目录；未下载
HRA005567,HRR1375462,HRX1076980,CP1-10,CP1-10-f,HRR1375462_r2.fq.gz,FASTQ,raw,8279406662,https://download.cncb.ac.cn/gsa-human/HRA005567/HRR1375462/HRR1375462_r2.fq.gz,yes,no,data/raw/HRA005567/HRR1375462/HRR1375462_r2.fq.gz,not_downloaded,,ignored,官方HTTPS目录；未下载
HRA005567,HRR1375462,,,,HRR1375462_sta.xml,XML,run_statistics,2377,https://download.cncb.ac.cn/gsa-human/HRA005567/HRR1375462/HRR1375462_sta.xml,no,no,data/external/HRA005567/HRR1375462/HRR1375462_sta.xml,not_downloaded,,ignored,官方run统计；未提交附件
HRA005567,HRR1375463,HRX1076980,CP1-10,CP1-10-g,HRR1375463_f1.fq.gz,FASTQ,raw,7215278701,https://download.cncb.ac.cn/gsa-human/HRA005567/HRR1375463/HRR1375463_f1.fq.gz,yes,no,data/raw/HRA005567/HRR1375463/HRR1375463_f1.fq.gz,not_downloaded,,ignored,官方HTTPS目录；未下载
HRA005567,HRR1375463,HRX1076980,CP1-10,CP1-10-g,HRR1375463_r2.fq.gz,FASTQ,raw,16753305741,https://download.cncb.ac.cn/gsa-human/HRA005567/HRR1375463/HRR1375463_r2.fq.gz,yes,no,data/raw/HRA005567/HRR1375463/HRR1375463_r2.fq.gz,not_downloaded,,ignored,官方HTTPS目录；未下载
HRA005567,HRR1375463,,,,HRR1375463_sta.xml,XML,run_statistics,2388,https://download.cncb.ac.cn/gsa-human/HRA005567/HRR1375463/HRR1375463_sta.xml,no,no,data/external/HRA005567/HRR1375463/HRR1375463_sta.xml,not_downloaded,,ignored,官方run统计；未提交附件
HRA005567,HRR1375464,HRX1076980,CP1-10,CP1-10-h,HRR1375464_f1.fq.gz,FASTQ,raw,5945821371,https://download.cncb.ac.cn/gsa-human/HRA005567/HRR1375464/HRR1375464_f1.fq.gz,yes,no,data/raw/HRA005567/HRR1375464/HRR1375464_f1.fq.gz,not_downloaded,,ignored,官方HTTPS目录；未下载
HRA005567,HRR1375464,HRX1076980,CP1-10,CP1-10-h,HRR1375464_r2.fq.gz,FASTQ,raw,13824515679,https://download.cncb.ac.cn/gsa-human/HRA005567/HRR1375464/HRR1375464_r2.fq.gz,yes,no,data/raw/HRA005567/HRR1375464/HRR1375464_r2.fq.gz,not_downloaded,,ignored,官方HTTPS目录；未下载
HRA005567,HRR1375464,,,,HRR1375464_sta.xml,XML,run_statistics,2387,https://download.cncb.ac.cn/gsa-human/HRA005567/HRR1375464/HRR1375464_sta.xml,no,no,data/external/HRA005567/HRR1375464/HRR1375464_sta.xml,not_downloaded,,ignored,官方run统计；未提交附件
HRA005567,HRR1375465,HRX1076980,CP1-10,CP1-10-2a,HRR1375465_f1.fq.gz,FASTQ,raw,6845068240,https://download.cncb.ac.cn/gsa-human/HRA005567/HRR1375465/HRR1375465_f1.fq.gz,yes,no,data/raw/HRA005567/HRR1375465/HRR1375465_f1.fq.gz,not_downloaded,,ignored,官方HTTPS目录；未下载
HRA005567,HRR1375465,HRX1076980,CP1-10,CP1-10-2a,HRR1375465_r2.fq.gz,FASTQ,raw,15925815265,https://download.cncb.ac.cn/gsa-human/HRA005567/HRR1375465/HRR1375465_r2.fq.gz,yes,no,data/raw/HRA005567/HRR1375465/HRR1375465_r2.fq.gz,not_downloaded,,ignored,官方HTTPS目录；未下载
HRA005567,HRR1375465,,,,HRR1375465_sta.xml,XML,run_statistics,2384,https://download.cncb.ac.cn/gsa-human/HRA005567/HRR1375465/HRR1375465_sta.xml,no,no,data/external/HRA005567/HRR1375465/HRR1375465_sta.xml,not_downloaded,,ignored,官方run统计；未提交附件
HRA005567,HRR1375466,HRX1076980,CP1-10,CP1-10-2b,HRR1375466_f1.fq.gz,FASTQ,raw,4386077256,https://download.cncb.ac.cn/gsa-human/HRA005567/HRR1375466/HRR1375466_f1.fq.gz,yes,no,data/raw/HRA005567/HRR1375466/HRR1375466_f1.fq.gz,not_downloaded,,ignored,官方HTTPS目录；未下载
HRA005567,HRR1375466,HRX1076980,CP1-10,CP1-10-2b,HRR1375466_r2.fq.gz,FASTQ,raw,10112219798,https://download.cncb.ac.cn/gsa-human/HRA005567/HRR1375466/HRR1375466_r2.fq.gz,yes,no,data/raw/HRA005567/HRR1375466/HRR1375466_r2.fq.gz,not_downloaded,,ignored,官方HTTPS目录；未下载
HRA005567,HRR1375466,,,,HRR1375466_sta.xml,XML,run_statistics,2374,https://download.cncb.ac.cn/gsa-human/HRA005567/HRR1375466/HRR1375466_sta.xml,no,no,data/external/HRA005567/HRR1375466/HRR1375466_sta.xml,not_downloaded,,ignored,官方run统计；未提交附件
HRA005567,HRR1375467,HRX1076980,CP1-10,CP1-10-2c,HRR1375467_f1.fq.gz,FASTQ,raw,5396415700,https://download.cncb.ac.cn/gsa-human/HRA005567/HRR1375467/HRR1375467_f1.fq.gz,yes,no,data/raw/HRA005567/HRR1375467/HRR1375467_f1.fq.gz,not_downloaded,,ignored,官方HTTPS目录；未下载
HRA005567,HRR1375467,HRX1076980,CP1-10,CP1-10-2c,HRR1375467_r2.fq.gz,FASTQ,raw,12458028958,https://download.cncb.ac.cn/gsa-human/HRA005567/HRR1375467/HRR1375467_r2.fq.gz,yes,no,data/raw/HRA005567/HRR1375467/HRR1375467_r2.fq.gz,not_downloaded,,ignored,官方HTTPS目录；未下载
HRA005567,HRR1375467,,,,HRR1375467_sta.xml,XML,run_statistics,2379,https://download.cncb.ac.cn/gsa-human/HRA005567/HRR1375467/HRR1375467_sta.xml,no,no,data/external/HRA005567/HRR1375467/HRR1375467_sta.xml,not_downloaded,,ignored,官方run统计；未提交附件
HRA005567,HRR1375468,HRX1076980,CP1-10,CP1-10-2d,HRR1375468_f1.fq.gz,FASTQ,raw,6942417110,https://download.cncb.ac.cn/gsa-human/HRA005567/HRR1375468/HRR1375468_f1.fq.gz,yes,no,data/raw/HRA005567/HRR1375468/HRR1375468_f1.fq.gz,not_downloaded,,ignored,官方HTTPS目录；未下载
HRA005567,HRR1375468,HRX1076980,CP1-10,CP1-10-2d,HRR1375468_r2.fq.gz,FASTQ,raw,16073490054,https://download.cncb.ac.cn/gsa-human/HRA005567/HRR1375468/HRR1375468_r2.fq.gz,yes,no,data/raw/HRA005567/HRR1375468/HRR1375468_r2.fq.gz,not_downloaded,,ignored,官方HTTPS目录；未下载
HRA005567,HRR1375468,,,,HRR1375468_sta.xml,XML,run_statistics,2384,https://download.cncb.ac.cn/gsa-human/HRA005567/HRR1375468/HRR1375468_sta.xml,no,no,data/external/HRA005567/HRR1375468/HRR1375468_sta.xml,not_downloaded,,ignored,官方run统计；未提交附件
HRA005567,HRR1375469,HRX1076980,CP1-10,CP1-10-2e,HRR1375469_f1.fq.gz,FASTQ,raw,808492494,https://download.cncb.ac.cn/gsa-human/HRA005567/HRR1375469/HRR1375469_f1.fq.gz,yes,no,data/raw/HRA005567/HRR1375469/HRR1375469_f1.fq.gz,not_downloaded,,ignored,官方HTTPS目录；未下载
HRA005567,HRR1375469,HRX1076980,CP1-10,CP1-10-2e,HRR1375469_r2.fq.gz,FASTQ,raw,1856485988,https://download.cncb.ac.cn/gsa-human/HRA005567/HRR1375469/HRR1375469_r2.fq.gz,yes,no,data/raw/HRA005567/HRR1375469/HRR1375469_r2.fq.gz,not_downloaded,,ignored,官方HTTPS目录；未下载
HRA005567,HRR1375469,,,,HRR1375469_sta.xml,XML,run_statistics,2334,https://download.cncb.ac.cn/gsa-human/HRA005567/HRR1375469/HRR1375469_sta.xml,no,no,data/external/HRA005567/HRR1375469/HRR1375469_sta.xml,not_downloaded,,ignored,官方run统计；未提交附件
HRA005567,HRR1375470,HRX1076980,CP1-10,CP1-10-2f,HRR1375470_f1.fq.gz,FASTQ,raw,3599251294,https://download.cncb.ac.cn/gsa-human/HRA005567/HRR1375470/HRR1375470_f1.fq.gz,yes,no,data/raw/HRA005567/HRR1375470/HRR1375470_f1.fq.gz,not_downloaded,,ignored,官方HTTPS目录；未下载
HRA005567,HRR1375470,HRX1076980,CP1-10,CP1-10-2f,HRR1375470_r2.fq.gz,FASTQ,raw,8351905303,https://download.cncb.ac.cn/gsa-human/HRA005567/HRR1375470/HRR1375470_r2.fq.gz,yes,no,data/raw/HRA005567/HRR1375470/HRR1375470_r2.fq.gz,not_downloaded,,ignored,官方HTTPS目录；未下载
HRA005567,HRR1375470,,,,HRR1375470_sta.xml,XML,run_statistics,2371,https://download.cncb.ac.cn/gsa-human/HRA005567/HRR1375470/HRR1375470_sta.xml,no,no,data/external/HRA005567/HRR1375470/HRR1375470_sta.xml,not_downloaded,,ignored,官方run统计；未提交附件
HRA005567,HRR1375471,HRX1076980,CP1-10,CP1-10-2g,HRR1375471_f1.fq.gz,FASTQ,raw,7187248429,https://download.cncb.ac.cn/gsa-human/HRA005567/HRR1375471/HRR1375471_f1.fq.gz,yes,no,data/raw/HRA005567/HRR1375471/HRR1375471_f1.fq.gz,not_downloaded,,ignored,官方HTTPS目录；未下载
HRA005567,HRR1375471,HRX1076980,CP1-10,CP1-10-2g,HRR1375471_r2.fq.gz,FASTQ,raw,16643191931,https://download.cncb.ac.cn/gsa-human/HRA005567/HRR1375471/HRR1375471_r2.fq.gz,yes,no,data/raw/HRA005567/HRR1375471/HRR1375471_r2.fq.gz,not_downloaded,,ignored,官方HTTPS目录；未下载
HRA005567,HRR1375471,,,,HRR1375471_sta.xml,XML,run_statistics,2384,https://download.cncb.ac.cn/gsa-human/HRA005567/HRR1375471/HRR1375471_sta.xml,no,no,data/external/HRA005567/HRR1375471/HRR1375471_sta.xml,not_downloaded,,ignored,官方run统计；未提交附件
HRA005567,HRR1375472,HRX1076980,CP1-10,CP1-10-2h,HRR1375472_f1.fq.gz,FASTQ,raw,5996088927,https://download.cncb.ac.cn/gsa-human/HRA005567/HRR1375472/HRR1375472_f1.fq.gz,yes,no,data/raw/HRA005567/HRR1375472/HRR1375472_f1.fq.gz,not_downloaded,,ignored,官方HTTPS目录；未下载
HRA005567,HRR1375472,HRX1076980,CP1-10,CP1-10-2h,HRR1375472_r2.fq.gz,FASTQ,raw,13888978145,https://download.cncb.ac.cn/gsa-human/HRA005567/HRR1375472/HRR1375472_r2.fq.gz,yes,no,data/raw/HRA005567/HRR1375472/HRR1375472_r2.fq.gz,not_downloaded,,ignored,官方HTTPS目录；未下载
HRA005567,HRR1375472,,,,HRR1375472_sta.xml,XML,run_statistics,2382,https://download.cncb.ac.cn/gsa-human/HRA005567/HRR1375472/HRR1375472_sta.xml,no,no,data/external/HRA005567/HRR1375472/HRR1375472_sta.xml,not_downloaded,,ignored,官方run统计；未提交附件
HRA005567,HRR1375473,HRX1076981,CP1-11,CP1-11-a,HRR1375473_f1.fq.gz,FASTQ,raw,4915526455,https://download.cncb.ac.cn/gsa-human/HRA005567/HRR1375473/HRR1375473_f1.fq.gz,yes,no,data/raw/HRA005567/HRR1375473/HRR1375473_f1.fq.gz,not_downloaded,,ignored,官方HTTPS目录；未下载
HRA005567,HRR1375473,HRX1076981,CP1-11,CP1-11-a,HRR1375473_r2.fq.gz,FASTQ,raw,12138611512,https://download.cncb.ac.cn/gsa-human/HRA005567/HRR1375473/HRR1375473_r2.fq.gz,yes,no,data/raw/HRA005567/HRR1375473/HRR1375473_r2.fq.gz,not_downloaded,,ignored,官方HTTPS目录；未下载
HRA005567,HRR1375473,,,,HRR1375473_sta.xml,XML,run_statistics,2389,https://download.cncb.ac.cn/gsa-human/HRA005567/HRR1375473/HRR1375473_sta.xml,no,no,data/external/HRA005567/HRR1375473/HRR1375473_sta.xml,not_downloaded,,ignored,官方run统计；未提交附件
HRA005567,HRR1375474,HRX1076981,CP1-11,CP1-11-b,HRR1375474_f1.fq.gz,FASTQ,raw,3427027540,https://download.cncb.ac.cn/gsa-human/HRA005567/HRR1375474/HRR1375474_f1.fq.gz,yes,no,data/raw/HRA005567/HRR1375474/HRR1375474_f1.fq.gz,not_downloaded,,ignored,官方HTTPS目录；未下载
HRA005567,HRR1375474,HRX1076981,CP1-11,CP1-11-b,HRR1375474_r2.fq.gz,FASTQ,raw,8364309356,https://download.cncb.ac.cn/gsa-human/HRA005567/HRR1375474/HRR1375474_r2.fq.gz,yes,no,data/raw/HRA005567/HRR1375474/HRR1375474_r2.fq.gz,not_downloaded,,ignored,官方HTTPS目录；未下载
HRA005567,HRR1375474,,,,HRR1375474_sta.xml,XML,run_statistics,2383,https://download.cncb.ac.cn/gsa-human/HRA005567/HRR1375474/HRR1375474_sta.xml,no,no,data/external/HRA005567/HRR1375474/HRR1375474_sta.xml,not_downloaded,,ignored,官方run统计；未提交附件
HRA005567,HRR1375475,HRX1076981,CP1-11,CP1-11-c,HRR1375475_f1.fq.gz,FASTQ,raw,3340032767,https://download.cncb.ac.cn/gsa-human/HRA005567/HRR1375475/HRR1375475_f1.fq.gz,yes,no,data/raw/HRA005567/HRR1375475/HRR1375475_f1.fq.gz,not_downloaded,,ignored,官方HTTPS目录；未下载
HRA005567,HRR1375475,HRX1076981,CP1-11,CP1-11-c,HRR1375475_r2.fq.gz,FASTQ,raw,8179277965,https://download.cncb.ac.cn/gsa-human/HRA005567/HRR1375475/HRR1375475_r2.fq.gz,yes,no,data/raw/HRA005567/HRR1375475/HRR1375475_r2.fq.gz,not_downloaded,,ignored,官方HTTPS目录；未下载
HRA005567,HRR1375475,,,,HRR1375475_sta.xml,XML,run_statistics,2382,https://download.cncb.ac.cn/gsa-human/HRA005567/HRR1375475/HRR1375475_sta.xml,no,no,data/external/HRA005567/HRR1375475/HRR1375475_sta.xml,not_downloaded,,ignored,官方run统计；未提交附件
HRA005567,HRR1375476,HRX1076981,CP1-11,CP1-11-d,HRR1375476_f1.fq.gz,FASTQ,raw,4306055138,https://download.cncb.ac.cn/gsa-human/HRA005567/HRR1375476/HRR1375476_f1.fq.gz,yes,no,data/raw/HRA005567/HRR1375476/HRR1375476_f1.fq.gz,not_downloaded,,ignored,官方HTTPS目录；未下载
HRA005567,HRR1375476,HRX1076981,CP1-11,CP1-11-d,HRR1375476_r2.fq.gz,FASTQ,raw,10495395632,https://download.cncb.ac.cn/gsa-human/HRA005567/HRR1375476/HRR1375476_r2.fq.gz,yes,no,data/raw/HRA005567/HRR1375476/HRR1375476_r2.fq.gz,not_downloaded,,ignored,官方HTTPS目录；未下载
HRA005567,HRR1375476,,,,HRR1375476_sta.xml,XML,run_statistics,2386,https://download.cncb.ac.cn/gsa-human/HRA005567/HRR1375476/HRR1375476_sta.xml,no,no,data/external/HRA005567/HRR1375476/HRR1375476_sta.xml,not_downloaded,,ignored,官方run统计；未提交附件
HRA005567,HRR1375477,HRX1076981,CP1-11,CP1-11-e,HRR1375477_f1.fq.gz,FASTQ,raw,2783926600,https://download.cncb.ac.cn/gsa-human/HRA005567/HRR1375477/HRR1375477_f1.fq.gz,yes,no,data/raw/HRA005567/HRR1375477/HRR1375477_f1.fq.gz,not_downloaded,,ignored,官方HTTPS目录；未下载
HRA005567,HRR1375477,HRX1076981,CP1-11,CP1-11-e,HRR1375477_r2.fq.gz,FASTQ,raw,6805028400,https://download.cncb.ac.cn/gsa-human/HRA005567/HRR1375477/HRR1375477_r2.fq.gz,yes,no,data/raw/HRA005567/HRR1375477/HRR1375477_r2.fq.gz,not_downloaded,,ignored,官方HTTPS目录；未下载
HRA005567,HRR1375477,,,,HRR1375477_sta.xml,XML,run_statistics,2372,https://download.cncb.ac.cn/gsa-human/HRA005567/HRR1375477/HRR1375477_sta.xml,no,no,data/external/HRA005567/HRR1375477/HRR1375477_sta.xml,not_downloaded,,ignored,官方run统计；未提交附件
HRA005567,HRR1375478,HRX1076981,CP1-11,CP1-11-f,HRR1375478_f1.fq.gz,FASTQ,raw,4074043038,https://download.cncb.ac.cn/gsa-human/HRA005567/HRR1375478/HRR1375478_f1.fq.gz,yes,no,data/raw/HRA005567/HRR1375478/HRR1375478_f1.fq.gz,not_downloaded,,ignored,官方HTTPS目录；未下载
HRA005567,HRR1375478,HRX1076981,CP1-11,CP1-11-f,HRR1375478_r2.fq.gz,FASTQ,raw,10009297371,https://download.cncb.ac.cn/gsa-human/HRA005567/HRR1375478/HRR1375478_r2.fq.gz,yes,no,data/raw/HRA005567/HRR1375478/HRR1375478_r2.fq.gz,not_downloaded,,ignored,官方HTTPS目录；未下载
HRA005567,HRR1375478,,,,HRR1375478_sta.xml,XML,run_statistics,2386,https://download.cncb.ac.cn/gsa-human/HRA005567/HRR1375478/HRR1375478_sta.xml,no,no,data/external/HRA005567/HRR1375478/HRR1375478_sta.xml,not_downloaded,,ignored,官方run统计；未提交附件
HRA005567,HRR1375479,HRX1076981,CP1-11,CP1-11-g,HRR1375479_f1.fq.gz,FASTQ,raw,3132496373,https://download.cncb.ac.cn/gsa-human/HRA005567/HRR1375479/HRR1375479_f1.fq.gz,yes,no,data/raw/HRA005567/HRR1375479/HRR1375479_f1.fq.gz,not_downloaded,,ignored,官方HTTPS目录；未下载
HRA005567,HRR1375479,HRX1076981,CP1-11,CP1-11-g,HRR1375479_r2.fq.gz,FASTQ,raw,7668568760,https://download.cncb.ac.cn/gsa-human/HRA005567/HRR1375479/HRR1375479_r2.fq.gz,yes,no,data/raw/HRA005567/HRR1375479/HRR1375479_r2.fq.gz,not_downloaded,,ignored,官方HTTPS目录；未下载
HRA005567,HRR1375479,,,,HRR1375479_sta.xml,XML,run_statistics,2374,https://download.cncb.ac.cn/gsa-human/HRA005567/HRR1375479/HRR1375479_sta.xml,no,no,data/external/HRA005567/HRR1375479/HRR1375479_sta.xml,not_downloaded,,ignored,官方run统计；未提交附件
HRA005567,HRR1375480,HRX1076981,CP1-11,CP1-11-h,HRR1375480_f1.fq.gz,FASTQ,raw,3998468700,https://download.cncb.ac.cn/gsa-human/HRA005567/HRR1375480/HRR1375480_f1.fq.gz,yes,no,data/raw/HRA005567/HRR1375480/HRR1375480_f1.fq.gz,not_downloaded,,ignored,官方HTTPS目录；未下载
HRA005567,HRR1375480,HRX1076981,CP1-11,CP1-11-h,HRR1375480_r2.fq.gz,FASTQ,raw,9852063997,https://download.cncb.ac.cn/gsa-human/HRA005567/HRR1375480/HRR1375480_r2.fq.gz,yes,no,data/raw/HRA005567/HRR1375480/HRR1375480_r2.fq.gz,not_downloaded,,ignored,官方HTTPS目录；未下载
HRA005567,HRR1375480,,,,HRR1375480_sta.xml,XML,run_statistics,2384,https://download.cncb.ac.cn/gsa-human/HRA005567/HRR1375480/HRR1375480_sta.xml,no,no,data/external/HRA005567/HRR1375480/HRR1375480_sta.xml,not_downloaded,,ignored,官方run统计；未提交附件
HRA005567,HRR1375481,HRX1076981,CP1-11,CP1-11-2a,HRR1375481_f1.fq.gz,FASTQ,raw,5297519944,https://download.cncb.ac.cn/gsa-human/HRA005567/HRR1375481/HRR1375481_f1.fq.gz,yes,no,data/raw/HRA005567/HRR1375481/HRR1375481_f1.fq.gz,not_downloaded,,ignored,官方HTTPS目录；未下载
HRA005567,HRR1375481,HRX1076981,CP1-11,CP1-11-2a,HRR1375481_r2.fq.gz,FASTQ,raw,12549060572,https://download.cncb.ac.cn/gsa-human/HRA005567/HRR1375481/HRR1375481_r2.fq.gz,yes,no,data/raw/HRA005567/HRR1375481/HRR1375481_r2.fq.gz,not_downloaded,,ignored,官方HTTPS目录；未下载
HRA005567,HRR1375481,,,,HRR1375481_sta.xml,XML,run_statistics,2381,https://download.cncb.ac.cn/gsa-human/HRA005567/HRR1375481/HRR1375481_sta.xml,no,no,data/external/HRA005567/HRR1375481/HRR1375481_sta.xml,not_downloaded,,ignored,官方run统计；未提交附件
HRA005567,HRR1375482,HRX1076981,CP1-11,CP1-11-2b,HRR1375482_f1.fq.gz,FASTQ,raw,3638991020,https://download.cncb.ac.cn/gsa-human/HRA005567/HRR1375482/HRR1375482_f1.fq.gz,yes,no,data/raw/HRA005567/HRR1375482/HRR1375482_f1.fq.gz,not_downloaded,,ignored,官方HTTPS目录；未下载
HRA005567,HRR1375482,HRX1076981,CP1-11,CP1-11-2b,HRR1375482_r2.fq.gz,FASTQ,raw,8493433581,https://download.cncb.ac.cn/gsa-human/HRA005567/HRR1375482/HRR1375482_r2.fq.gz,yes,no,data/raw/HRA005567/HRR1375482/HRR1375482_r2.fq.gz,not_downloaded,,ignored,官方HTTPS目录；未下载
HRA005567,HRR1375482,,,,HRR1375482_sta.xml,XML,run_statistics,2369,https://download.cncb.ac.cn/gsa-human/HRA005567/HRR1375482/HRR1375482_sta.xml,no,no,data/external/HRA005567/HRR1375482/HRR1375482_sta.xml,not_downloaded,,ignored,官方run统计；未提交附件
HRA005567,HRR1375483,HRX1076981,CP1-11,CP1-11-2c,HRR1375483_f1.fq.gz,FASTQ,raw,3707411235,https://download.cncb.ac.cn/gsa-human/HRA005567/HRR1375483/HRR1375483_f1.fq.gz,yes,no,data/raw/HRA005567/HRR1375483/HRR1375483_f1.fq.gz,not_downloaded,,ignored,官方HTTPS目录；未下载
HRA005567,HRR1375483,HRX1076981,CP1-11,CP1-11-2c,HRR1375483_r2.fq.gz,FASTQ,raw,8665963999,https://download.cncb.ac.cn/gsa-human/HRA005567/HRR1375483/HRR1375483_r2.fq.gz,yes,no,data/raw/HRA005567/HRR1375483/HRR1375483_r2.fq.gz,not_downloaded,,ignored,官方HTTPS目录；未下载
HRA005567,HRR1375483,,,,HRR1375483_sta.xml,XML,run_statistics,2369,https://download.cncb.ac.cn/gsa-human/HRA005567/HRR1375483/HRR1375483_sta.xml,no,no,data/external/HRA005567/HRR1375483/HRR1375483_sta.xml,not_downloaded,,ignored,官方run统计；未提交附件
HRA005567,HRR1375484,HRX1076981,CP1-11,CP1-11-2d,HRR1375484_f1.fq.gz,FASTQ,raw,4825212719,https://download.cncb.ac.cn/gsa-human/HRA005567/HRR1375484/HRR1375484_f1.fq.gz,yes,no,data/raw/HRA005567/HRR1375484/HRR1375484_f1.fq.gz,not_downloaded,,ignored,官方HTTPS目录；未下载
HRA005567,HRR1375484,HRX1076981,CP1-11,CP1-11-2d,HRR1375484_r2.fq.gz,FASTQ,raw,11246747665,https://download.cncb.ac.cn/gsa-human/HRA005567/HRR1375484/HRR1375484_r2.fq.gz,yes,no,data/raw/HRA005567/HRR1375484/HRR1375484_r2.fq.gz,not_downloaded,,ignored,官方HTTPS目录；未下载
HRA005567,HRR1375484,,,,HRR1375484_sta.xml,XML,run_statistics,2378,https://download.cncb.ac.cn/gsa-human/HRA005567/HRR1375484/HRR1375484_sta.xml,no,no,data/external/HRA005567/HRR1375484/HRR1375484_sta.xml,not_downloaded,,ignored,官方run统计；未提交附件
HRA005567,HRR1375485,HRX1076981,CP1-11,CP1-11-2e,HRR1375485_f1.fq.gz,FASTQ,raw,3042992129,https://download.cncb.ac.cn/gsa-human/HRA005567/HRR1375485/HRR1375485_f1.fq.gz,yes,no,data/raw/HRA005567/HRR1375485/HRR1375485_f1.fq.gz,not_downloaded,,ignored,官方HTTPS目录；未下载
HRA005567,HRR1375485,HRX1076981,CP1-11,CP1-11-2e,HRR1375485_r2.fq.gz,FASTQ,raw,7128212230,https://download.cncb.ac.cn/gsa-human/HRA005567/HRR1375485/HRR1375485_r2.fq.gz,yes,no,data/raw/HRA005567/HRR1375485/HRR1375485_r2.fq.gz,not_downloaded,,ignored,官方HTTPS目录；未下载
HRA005567,HRR1375485,,,,HRR1375485_sta.xml,XML,run_statistics,2362,https://download.cncb.ac.cn/gsa-human/HRA005567/HRR1375485/HRR1375485_sta.xml,no,no,data/external/HRA005567/HRR1375485/HRR1375485_sta.xml,not_downloaded,,ignored,官方run统计；未提交附件
HRA005567,HRR1375486,HRX1076981,CP1-11,CP1-11-2f,HRR1375486_f1.fq.gz,FASTQ,raw,4454455741,https://download.cncb.ac.cn/gsa-human/HRA005567/HRR1375486/HRR1375486_f1.fq.gz,yes,no,data/raw/HRA005567/HRR1375486/HRR1375486_f1.fq.gz,not_downloaded,,ignored,官方HTTPS目录；未下载
HRA005567,HRR1375486,HRX1076981,CP1-11,CP1-11-2f,HRR1375486_r2.fq.gz,FASTQ,raw,10459911828,https://download.cncb.ac.cn/gsa-human/HRA005567/HRR1375486/HRR1375486_r2.fq.gz,yes,no,data/raw/HRA005567/HRR1375486/HRR1375486_r2.fq.gz,not_downloaded,,ignored,官方HTTPS目录；未下载
HRA005567,HRR1375486,,,,HRR1375486_sta.xml,XML,run_statistics,2376,https://download.cncb.ac.cn/gsa-human/HRA005567/HRR1375486/HRR1375486_sta.xml,no,no,data/external/HRA005567/HRR1375486/HRR1375486_sta.xml,not_downloaded,,ignored,官方run统计；未提交附件
HRA005567,HRR1375487,HRX1076981,CP1-11,CP1-11-2g,HRR1375487_f1.fq.gz,FASTQ,raw,3485045589,https://download.cncb.ac.cn/gsa-human/HRA005567/HRR1375487/HRR1375487_f1.fq.gz,yes,no,data/raw/HRA005567/HRR1375487/HRR1375487_f1.fq.gz,not_downloaded,,ignored,官方HTTPS目录；未下载
HRA005567,HRR1375487,HRX1076981,CP1-11,CP1-11-2g,HRR1375487_r2.fq.gz,FASTQ,raw,8161190599,https://download.cncb.ac.cn/gsa-human/HRA005567/HRR1375487/HRR1375487_r2.fq.gz,yes,no,data/raw/HRA005567/HRR1375487/HRR1375487_r2.fq.gz,not_downloaded,,ignored,官方HTTPS目录；未下载
HRA005567,HRR1375487,,,,HRR1375487_sta.xml,XML,run_statistics,2369,https://download.cncb.ac.cn/gsa-human/HRA005567/HRR1375487/HRR1375487_sta.xml,no,no,data/external/HRA005567/HRR1375487/HRR1375487_sta.xml,not_downloaded,,ignored,官方run统计；未提交附件
HRA005567,HRR1375488,HRX1076981,CP1-11,CP1-11-2h,HRR1375488_f1.fq.gz,FASTQ,raw,4326876521,https://download.cncb.ac.cn/gsa-human/HRA005567/HRR1375488/HRR1375488_f1.fq.gz,yes,no,data/raw/HRA005567/HRR1375488/HRR1375488_f1.fq.gz,not_downloaded,,ignored,官方HTTPS目录；未下载
HRA005567,HRR1375488,HRX1076981,CP1-11,CP1-11-2h,HRR1375488_r2.fq.gz,FASTQ,raw,10232063472,https://download.cncb.ac.cn/gsa-human/HRA005567/HRR1375488/HRR1375488_r2.fq.gz,yes,no,data/raw/HRA005567/HRR1375488/HRR1375488_r2.fq.gz,not_downloaded,,ignored,官方HTTPS目录；未下载
HRA005567,HRR1375488,,,,HRR1375488_sta.xml,XML,run_statistics,2377,https://download.cncb.ac.cn/gsa-human/HRA005567/HRR1375488/HRR1375488_sta.xml,no,no,data/external/HRA005567/HRR1375488/HRR1375488_sta.xml,not_downloaded,,ignored,官方run统计；未提交附件
HRA005567,HRR1375489,HRX1076982,CP1-12,CP1-12-a,HRR1375489_f1.fq.gz,FASTQ,raw,3177976457,https://download.cncb.ac.cn/gsa-human/HRA005567/HRR1375489/HRR1375489_f1.fq.gz,yes,no,data/raw/HRA005567/HRR1375489/HRR1375489_f1.fq.gz,not_downloaded,,ignored,官方HTTPS目录；未下载
HRA005567,HRR1375489,HRX1076982,CP1-12,CP1-12-a,HRR1375489_r2.fq.gz,FASTQ,raw,7534469270,https://download.cncb.ac.cn/gsa-human/HRA005567/HRR1375489/HRR1375489_r2.fq.gz,yes,no,data/raw/HRA005567/HRR1375489/HRR1375489_r2.fq.gz,not_downloaded,,ignored,官方HTTPS目录；未下载
HRA005567,HRR1375489,,,,HRR1375489_sta.xml,XML,run_statistics,2373,https://download.cncb.ac.cn/gsa-human/HRA005567/HRR1375489/HRR1375489_sta.xml,no,no,data/external/HRA005567/HRR1375489/HRR1375489_sta.xml,not_downloaded,,ignored,官方run统计；未提交附件
HRA005567,HRR1375490,HRX1076982,CP1-12,CP1-12-b,HRR1375490_f1.fq.gz,FASTQ,raw,5092065179,https://download.cncb.ac.cn/gsa-human/HRA005567/HRR1375490/HRR1375490_f1.fq.gz,yes,no,data/raw/HRA005567/HRR1375490/HRR1375490_f1.fq.gz,not_downloaded,,ignored,官方HTTPS目录；未下载
HRA005567,HRR1375490,HRX1076982,CP1-12,CP1-12-b,HRR1375490_r2.fq.gz,FASTQ,raw,12184864504,https://download.cncb.ac.cn/gsa-human/HRA005567/HRR1375490/HRR1375490_r2.fq.gz,yes,no,data/raw/HRA005567/HRR1375490/HRR1375490_r2.fq.gz,not_downloaded,,ignored,官方HTTPS目录；未下载
HRA005567,HRR1375490,,,,HRR1375490_sta.xml,XML,run_statistics,2388,https://download.cncb.ac.cn/gsa-human/HRA005567/HRR1375490/HRR1375490_sta.xml,no,no,data/external/HRA005567/HRR1375490/HRR1375490_sta.xml,not_downloaded,,ignored,官方run统计；未提交附件
HRA005567,HRR1375491,HRX1076982,CP1-12,CP1-12-c,HRR1375491_f1.fq.gz,FASTQ,raw,4713840329,https://download.cncb.ac.cn/gsa-human/HRA005567/HRR1375491/HRR1375491_f1.fq.gz,yes,no,data/raw/HRA005567/HRR1375491/HRR1375491_f1.fq.gz,not_downloaded,,ignored,官方HTTPS目录；未下载
HRA005567,HRR1375491,HRX1076982,CP1-12,CP1-12-c,HRR1375491_r2.fq.gz,FASTQ,raw,11285643308,https://download.cncb.ac.cn/gsa-human/HRA005567/HRR1375491/HRR1375491_r2.fq.gz,yes,no,data/raw/HRA005567/HRR1375491/HRR1375491_r2.fq.gz,not_downloaded,,ignored,官方HTTPS目录；未下载
HRA005567,HRR1375491,,,,HRR1375491_sta.xml,XML,run_statistics,2386,https://download.cncb.ac.cn/gsa-human/HRA005567/HRR1375491/HRR1375491_sta.xml,no,no,data/external/HRA005567/HRR1375491/HRR1375491_sta.xml,not_downloaded,,ignored,官方run统计；未提交附件
HRA005567,HRR1375492,HRX1076982,CP1-12,CP1-12-d,HRR1375492_f1.fq.gz,FASTQ,raw,335517031,https://download.cncb.ac.cn/gsa-human/HRA005567/HRR1375492/HRR1375492_f1.fq.gz,yes,no,data/raw/HRA005567/HRR1375492/HRR1375492_f1.fq.gz,not_downloaded,,ignored,官方HTTPS目录；未下载
HRA005567,HRR1375492,HRX1076982,CP1-12,CP1-12-d,HRR1375492_r2.fq.gz,FASTQ,raw,795630912,https://download.cncb.ac.cn/gsa-human/HRA005567/HRR1375492/HRR1375492_r2.fq.gz,yes,no,data/raw/HRA005567/HRR1375492/HRR1375492_r2.fq.gz,not_downloaded,,ignored,官方HTTPS目录；未下载
HRA005567,HRR1375492,,,,HRR1375492_sta.xml,XML,run_statistics,2328,https://download.cncb.ac.cn/gsa-human/HRA005567/HRR1375492/HRR1375492_sta.xml,no,no,data/external/HRA005567/HRR1375492/HRR1375492_sta.xml,not_downloaded,,ignored,官方run统计；未提交附件
HRA005567,HRR1375493,HRX1076982,CP1-12,CP1-12-e,HRR1375493_f1.fq.gz,FASTQ,raw,3778931602,https://download.cncb.ac.cn/gsa-human/HRA005567/HRR1375493/HRR1375493_f1.fq.gz,yes,no,data/raw/HRA005567/HRR1375493/HRR1375493_f1.fq.gz,not_downloaded,,ignored,官方HTTPS目录；未下载
HRA005567,HRR1375493,HRX1076982,CP1-12,CP1-12-e,HRR1375493_r2.fq.gz,FASTQ,raw,8953632382,https://download.cncb.ac.cn/gsa-human/HRA005567/HRR1375493/HRR1375493_r2.fq.gz,yes,no,data/raw/HRA005567/HRR1375493/HRR1375493_r2.fq.gz,not_downloaded,,ignored,官方HTTPS目录；未下载
HRA005567,HRR1375493,,,,HRR1375493_sta.xml,XML,run_statistics,2381,https://download.cncb.ac.cn/gsa-human/HRA005567/HRR1375493/HRR1375493_sta.xml,no,no,data/external/HRA005567/HRR1375493/HRR1375493_sta.xml,not_downloaded,,ignored,官方run统计；未提交附件
HRA005567,HRR1375494,HRX1076982,CP1-12,CP1-12-f,HRR1375494_f1.fq.gz,FASTQ,raw,4384465307,https://download.cncb.ac.cn/gsa-human/HRA005567/HRR1375494/HRR1375494_f1.fq.gz,yes,no,data/raw/HRA005567/HRR1375494/HRR1375494_f1.fq.gz,not_downloaded,,ignored,官方HTTPS目录；未下载
HRA005567,HRR1375494,HRX1076982,CP1-12,CP1-12-f,HRR1375494_r2.fq.gz,FASTQ,raw,10401416495,https://download.cncb.ac.cn/gsa-human/HRA005567/HRR1375494/HRR1375494_r2.fq.gz,yes,no,data/raw/HRA005567/HRR1375494/HRR1375494_r2.fq.gz,not_downloaded,,ignored,官方HTTPS目录；未下载
HRA005567,HRR1375494,,,,HRR1375494_sta.xml,XML,run_statistics,2382,https://download.cncb.ac.cn/gsa-human/HRA005567/HRR1375494/HRR1375494_sta.xml,no,no,data/external/HRA005567/HRR1375494/HRR1375494_sta.xml,not_downloaded,,ignored,官方run统计；未提交附件
HRA005567,HRR1375495,HRX1076982,CP1-12,CP1-12-g,HRR1375495_f1.fq.gz,FASTQ,raw,4904450554,https://download.cncb.ac.cn/gsa-human/HRA005567/HRR1375495/HRR1375495_f1.fq.gz,yes,no,data/raw/HRA005567/HRR1375495/HRR1375495_f1.fq.gz,not_downloaded,,ignored,官方HTTPS目录；未下载
HRA005567,HRR1375495,HRX1076982,CP1-12,CP1-12-g,HRR1375495_r2.fq.gz,FASTQ,raw,11732727928,https://download.cncb.ac.cn/gsa-human/HRA005567/HRR1375495/HRR1375495_r2.fq.gz,yes,no,data/raw/HRA005567/HRR1375495/HRR1375495_r2.fq.gz,not_downloaded,,ignored,官方HTTPS目录；未下载
HRA005567,HRR1375495,,,,HRR1375495_sta.xml,XML,run_statistics,2387,https://download.cncb.ac.cn/gsa-human/HRA005567/HRR1375495/HRR1375495_sta.xml,no,no,data/external/HRA005567/HRR1375495/HRR1375495_sta.xml,not_downloaded,,ignored,官方run统计；未提交附件
HRA005567,HRR1375496,HRX1076982,CP1-12,CP1-12-h,HRR1375496_f1.fq.gz,FASTQ,raw,4925507089,https://download.cncb.ac.cn/gsa-human/HRA005567/HRR1375496/HRR1375496_f1.fq.gz,yes,no,data/raw/HRA005567/HRR1375496/HRR1375496_f1.fq.gz,not_downloaded,,ignored,官方HTTPS目录；未下载
HRA005567,HRR1375496,HRX1076982,CP1-12,CP1-12-h,HRR1375496_r2.fq.gz,FASTQ,raw,11787195856,https://download.cncb.ac.cn/gsa-human/HRA005567/HRR1375496/HRR1375496_r2.fq.gz,yes,no,data/raw/HRA005567/HRR1375496/HRR1375496_r2.fq.gz,not_downloaded,,ignored,官方HTTPS目录；未下载
HRA005567,HRR1375496,,,,HRR1375496_sta.xml,XML,run_statistics,2386,https://download.cncb.ac.cn/gsa-human/HRA005567/HRR1375496/HRR1375496_sta.xml,no,no,data/external/HRA005567/HRR1375496/HRR1375496_sta.xml,not_downloaded,,ignored,官方run统计；未提交附件
CELL_SUPPLEMENTS,,,,,mmc1.xlsx,XLSX,supplement,93310,https://ars.els-cdn.com/content/image/1-s2.0-S009286742400357X-mmc1.xlsx,no,analysis_table,data/external/cell_supplements/mmc1.xlsx,inspected-temporary-not-stored,,not_tracked,Table S1：marker/差异表达，多工作表
CELL_SUPPLEMENTS,,,,,mmc2.xlsx,XLSX,supplement,9958,https://ars.els-cdn.com/content/image/1-s2.0-S009286742400357X-mmc2.xlsx,no,analysis_table,data/external/cell_supplements/mmc2.xlsx,inspected-temporary-not-stored,,not_tracked,Table S2：cluster缩写和全名
CELL_SUPPLEMENTS,,,,,mmc3.xlsx,XLSX,supplement,11386,https://ars.els-cdn.com/content/image/1-s2.0-S009286742400357X-mmc3.xlsx,no,analysis_table,data/external/cell_supplements/mmc3.xlsx,inspected-temporary-not-stored,,not_tracked,Table S3：各图中的cluster数量
CELL_SUPPLEMENTS,,,,,mmc4.xlsx,XLSX,supplement,275362,https://ars.els-cdn.com/content/image/1-s2.0-S009286742400357X-mmc4.xlsx,no,analysis_table,data/external/cell_supplements/mmc4.xlsx,inspected-temporary-not-stored,,not_tracked,Table S4：中胚层转录因子模块成员度
CELL_SUPPLEMENTS,,,,,mmc5.xlsx,XLSX,supplement,481488,https://ars.els-cdn.com/content/image/1-s2.0-S009286742400357X-mmc5.xlsx,no,analysis_table,data/external/cell_supplements/mmc5.xlsx,inspected-temporary-not-stored,,not_tracked,Table S5：人-猴/人-鼠1:1同源基因
ZENODO10851179,,,,,01-preprocess/01.mapping.sh,SH,author_code,1525,https://github.com/JingtaoLab/STO-analysis/blob/STO-analysis/01-preprocess/01.mapping.sh,no,no,data/external/zenodo_code/01-preprocess/01.mapping.sh,inspected-temporary-not-stored,,not_tracked,固定标签STO-analysis；GitHub快照无LICENSE
ZENODO10851179,,,,,01-preprocess/02.bin50.exp.py,PY,author_code,1501,https://github.com/JingtaoLab/STO-analysis/blob/STO-analysis/01-preprocess/02.bin50.exp.py,no,no,data/external/zenodo_code/01-preprocess/02.bin50.exp.py,inspected-temporary-not-stored,,not_tracked,固定标签STO-analysis；GitHub快照无LICENSE
ZENODO10851179,,,,,01-preprocess/03.merge.R,R,author_code,1877,https://github.com/JingtaoLab/STO-analysis/blob/STO-analysis/01-preprocess/03.merge.R,no,no,data/external/zenodo_code/01-preprocess/03.merge.R,inspected-temporary-not-stored,,not_tracked,固定标签STO-analysis；GitHub快照无LICENSE
ZENODO10851179,,,,,01-preprocess/04.cluster.py,PY,author_code,1310,https://github.com/JingtaoLab/STO-analysis/blob/STO-analysis/01-preprocess/04.cluster.py,no,no,data/external/zenodo_code/01-preprocess/04.cluster.py,inspected-temporary-not-stored,,not_tracked,固定标签STO-analysis；GitHub快照无LICENSE
ZENODO10851179,,,,,01-preprocess/SAW/stereoPipeline_v5.4.0.sh,SH,author_code,24972,https://github.com/JingtaoLab/STO-analysis/blob/STO-analysis/01-preprocess/SAW/stereoPipeline_v5.4.0.sh,no,no,data/external/zenodo_code/01-preprocess/SAW/stereoPipeline_v5.4.0.sh,inspected-temporary-not-stored,,not_tracked,固定标签STO-analysis；GitHub快照无LICENSE
ZENODO10851179,,,,,02-regulon/README.txt,TXT,author_code,550,https://github.com/JingtaoLab/STO-analysis/blob/STO-analysis/02-regulon/README.txt,no,no,data/external/zenodo_code/02-regulon/README.txt,inspected-temporary-not-stored,,not_tracked,固定标签STO-analysis；GitHub快照无LICENSE
ZENODO10851179,,,,,02-regulon/SCENIC/README.txt,TXT,author_code,414,https://github.com/JingtaoLab/STO-analysis/blob/STO-analysis/02-regulon/SCENIC/README.txt,no,no,data/external/zenodo_code/02-regulon/SCENIC/README.txt,inspected-temporary-not-stored,,not_tracked,固定标签STO-analysis；GitHub快照无LICENSE
ZENODO10851179,,,,,02-regulon/SCENIC/step1_get_data.py,PY,author_code,884,https://github.com/JingtaoLab/STO-analysis/blob/STO-analysis/02-regulon/SCENIC/step1_get_data.py,no,no,data/external/zenodo_code/02-regulon/SCENIC/step1_get_data.py,inspected-temporary-not-stored,,not_tracked,固定标签STO-analysis；GitHub快照无LICENSE
ZENODO10851179,,,,,02-regulon/SCENIC/step2_run_pyscenic.sh,SH,author_code,1029,https://github.com/JingtaoLab/STO-analysis/blob/STO-analysis/02-regulon/SCENIC/step2_run_pyscenic.sh,no,no,data/external/zenodo_code/02-regulon/SCENIC/step2_run_pyscenic.sh,inspected-temporary-not-stored,,not_tracked,固定标签STO-analysis；GitHub快照无LICENSE
ZENODO10851179,,,,,02-regulon/step1_get_hsdata_bin50.py,PY,author_code,824,https://github.com/JingtaoLab/STO-analysis/blob/STO-analysis/02-regulon/step1_get_hsdata_bin50.py,no,no,data/external/zenodo_code/02-regulon/step1_get_hsdata_bin50.py,inspected-temporary-not-stored,,not_tracked,固定标签STO-analysis；GitHub快照无LICENSE
ZENODO10851179,,,,,02-regulon/step1_scenic.R,R,author_code,386,https://github.com/JingtaoLab/STO-analysis/blob/STO-analysis/02-regulon/step1_scenic.R,no,no,data/external/zenodo_code/02-regulon/step1_scenic.R,inspected-temporary-not-stored,,not_tracked,固定标签STO-analysis；GitHub快照无LICENSE
ZENODO10851179,,,,,02-regulon/step2_hotspot.py,PY,author_code,1371,https://github.com/JingtaoLab/STO-analysis/blob/STO-analysis/02-regulon/step2_hotspot.py,no,no,data/external/zenodo_code/02-regulon/step2_hotspot.py,inspected-temporary-not-stored,,not_tracked,固定标签STO-analysis；GitHub快照无LICENSE
ZENODO10851179,,,,,02-regulon/step3_module_plot.py,PY,author_code,1905,https://github.com/JingtaoLab/STO-analysis/blob/STO-analysis/02-regulon/step3_module_plot.py,no,no,data/external/zenodo_code/02-regulon/step3_module_plot.py,inspected-temporary-not-stored,,not_tracked,固定标签STO-analysis；GitHub快照无LICENSE
ZENODO10851179,,,,,03-PASTE/PASTE.py,PY,author_code,869,https://github.com/JingtaoLab/STO-analysis/blob/STO-analysis/03-PASTE/PASTE.py,no,no,data/external/zenodo_code/03-PASTE/PASTE.py,inspected-temporary-not-stored,,not_tracked,固定标签STO-analysis；GitHub快照无LICENSE
ZENODO10851179,,,,,04-3D visiulation/features.plot.R,R,author_code,1013,https://github.com/JingtaoLab/STO-analysis/blob/STO-analysis/04-3D%20visiulation/features.plot.R,no,no,data/external/zenodo_code/04-3D visiulation/features.plot.R,inspected-temporary-not-stored,,not_tracked,固定标签STO-analysis；GitHub快照无LICENSE
ZENODO10851179,,,,,README.md,MD,author_code,14,https://github.com/JingtaoLab/STO-analysis/blob/STO-analysis/README.md,no,no,data/external/zenodo_code/README.md,inspected-temporary-not-stored,,not_tracked,固定标签STO-analysis；GitHub快照无LICENSE
